GEOCODIGO,ano,semana,n_vacunas,tuits_gripe,interes_gripe
001,2022,36,0,86,21
001,2022,37,0,64,22
001,2022,38,0,98,32
001,2022,39,0,126,42
001,2022,40,0,112,60
001,2022,41,360,176,77
001,2022,42,341,180,100
001,2022,43,371,270,69
001,2022,44,347,218,77
001,2022,45,329,192,78
001,2023,1,275,24,64
001,2023,2,260,138,52
001,2023,3,294,132,36
001,2023,4,298,102,45
001,2023,5,264,124,46
002,2022,36,0,86,21
002,2022,37,0,64,22
002,2022,38,0,98,32
002,2022,39,0,126,42
002,2022,40,0,112,60
002,2022,41,194,176,77
002,2022,42,214,180,100
002,2022,43,196,270,69
002,2022,44,199,218,77
002,2022,45,207,192,78
002,2023,1,182,24,64
002,2023,2,170,138,52
002,2023,3,157,132,36
002,2023,4,154,102,45
002,2023,5,148,124,46
003,2022,36,0,86,21
003,2022,37,0,64,22
003,2022,38,0,98,32
003,2022,39,0,126,42
003,2022,40,0,112,60
003,2022,41,325,176,77
003,2022,42,341,180,100
003,2022,43,344,270,69
003,2022,44,352,218,77
003,2022,45,327,192,78
003,2023,1,268,24,64
003,2023,2,271,138,52
003,2023,3,258,132,36
003,2023,4,284,102,45
003,2023,5,260,124,46
004,2022,36,0,86,21
004,2022,37,0,64,22
004,2022,38,0,98,32
004,2022,39,0,126,42
004,2022,40,0,112,60
004,2022,41,249,176,77
004,2022,42,230,180,100
004,2022,43,254,270,69
004,2022,44,244,218,77
004,2022,45,241,192,78
004,2023,1,230,24,64
004,2023,2,227,138,52
004,2023,3,213,132,36
004,2023,4,209,102,45
004,2023,5,190,124,46
005,2022,36,0,86,21
005,2022,37,0,64,22
005,2022,38,0,98,32
005,2022,39,0,126,42
005,2022,40,0,112,60
005,2022,41,301,176,77
005,2022,42,317,180,100
005,2022,43,294,270,69
005,2022,44,332,218,77
005,2022,45,326,192,78
005,2023,1,253,24,64
005,2023,2,264,138,52
005,2023,3,258,132,36
005,2023,4,259,102,45
005,2023,5,220,124,46
006,2022,36,0,86,21
006,2022,37,0,64,22
006,2022,38,0,98,32
006,2022,39,0,126,42
006,2022,40,0,112,60
006,2022,41,234,176,77
006,2022,42,222,180,100
006,2022,43,239,270,69
006,2022,44,231,218,77
006,2022,45,237,192,78
006,2023,1,214,24,64
006,2023,2,191,138,52
006,2023,3,191,132,36
006,2023,4,196,102,45
006,2023,5,172,124,46
007,2022,36,0,86,21
007,2022,37,0,64,22
007,2022,38,0,98,32
007,2022,39,0,126,42
007,2022,40,0,112,60
007,2022,41,139,176,77
007,2022,42,135,180,100
007,2022,43,149,270,69
007,2022,44,157,218,77
007,2022,45,155,192,78
007,2023,1,116,24,64
007,2023,2,107,138,52
007,2023,3,114,132,36
007,2023,4,123,102,45
007,2023,5,103,124,46
008,2022,36,0,86,21
008,2022,37,0,64,22
008,2022,38,0,98,32
008,2022,39,0,126,42
008,2022,40,0,112,60
008,2022,41,308,176,77
008,2022,42,337,180,100
008,2022,43,315,270,69
008,2022,44,300,218,77
008,2022,45,305,192,78
008,2023,1,290,24,64
008,2023,2,243,138,52
008,2023,3,275,132,36
008,2023,4,249,102,45
008,2023,5,262,124,46
009,2022,36,0,86,21
009,2022,37,0,64,22
009,2022,38,0,98,32
009,2022,39,0,126,42
009,2022,40,0,112,60
009,2022,41,171,176,77
009,2022,42,172,180,100
009,2022,43,161,270,69
009,2022,44,183,218,77
009,2022,45,168,192,78
009,2023,1,161,24,64
009,2023,2,145,138,52
009,2023,3,141,132,36
009,2023,4,136,102,45
009,2023,5,124,124,46
010,2022,36,0,86,21
010,2022,37,0,64,22
010,2022,38,0,98,32
010,2022,39,0,126,42
010,2022,40,0,112,60
010,2022,41,304,176,77
010,2022,42,330,180,100
010,2022,43,302,270,69
010,2022,44,326,218,77
010,2022,45,340,192,78
010,2023,1,295,24,64
010,2023,2,297,138,52
010,2023,3,289,132,36
010,2023,4,248,102,45
010,2023,5,238,124,46
011,2022,36,0,86,21
011,2022,37,0,64,22
011,2022,38,0,98,32
011,2022,39,0,126,42
011,2022,40,0,112,60
011,2022,41,258,176,77
011,2022,42,304,180,100
011,2022,43,271,270,69
011,2022,44,282,218,77
011,2022,45,310,192,78
011,2023,1,255,24,64
011,2023,2,238,138,52
011,2023,3,244,132,36
011,2023,4,225,102,45
011,2023,5,237,124,46
012,2022,36,0,86,21
012,2022,37,0,64,22
012,2022,38,0,98,32
012,2022,39,0,126,42
012,2022,40,0,112,60
012,2022,41,288,176,77
012,2022,42,308,180,100
012,2022,43,326,270,69
012,2022,44,318,218,77
012,2022,45,308,192,78
012,2023,1,294,24,64
012,2023,2,274,138,52
012,2023,3,258,132,36
012,2023,4,260,102,45
012,2023,5,253,124,46
013,2022,36,0,86,21
013,2022,37,0,64,22
013,2022,38,0,98,32
013,2022,39,0,126,42
013,2022,40,0,112,60
013,2022,41,181,176,77
013,2022,42,165,180,100
013,2022,43,178,270,69
013,2022,44,186,218,77
013,2022,45,168,192,78
013,2023,1,158,24,64
013,2023,2,152,138,52
013,2023,3,148,132,36
013,2023,4,138,102,45
013,2023,5,127,124,46
014,2022,36,0,86,21
014,2022,37,0,64,22
014,2022,38,0,98,32
014,2022,39,0,126,42
014,2022,40,0,112,60
014,2022,41,409,176,77
014,2022,42,377,180,100
014,2022,43,412,270,69
014,2022,44,422,218,77
014,2022,45,419,192,78
014,2023,1,333,24,64
014,2023,2,321,138,52
014,2023,3,327,132,36
014,2023,4,316,102,45
014,2023,5,288,124,46
015,2022,36,0,86,21
015,2022,37,0,64,22
015,2022,38,0,98,32
015,2022,39,0,126,42
015,2022,40,0,112,60
015,2022,41,243,176,77
015,2022,42,251,180,100
015,2022,43,291,270,69
015,2022,44,295,218,77
015,2022,45,268,192,78
015,2023,1,231,24,64
015,2023,2,204,138,52
015,2023,3,212,132,36
015,2023,4,198,102,45
015,2023,5,222,124,46
016,2022,36,0,86,21
016,2022,37,0,64,22
016,2022,38,0,98,32
016,2022,39,0,126,42
016,2022,40,0,112,60
016,2022,41,286,176,77
016,2022,42,317,180,100
016,2022,43,326,270,69
016,2022,44,323,218,77
016,2022,45,308,192,78
016,2023,1,263,24,64
016,2023,2,243,138,52
016,2023,3,273,132,36
016,2023,4,257,102,45
016,2023,5,232,124,46
017,2022,36,0,86,21
017,2022,37,0,64,22
017,2022,38,0,98,32
017,2022,39,0,126,42
017,2022,40,0,112,60
017,2022,41,154,176,77
017,2022,42,166,180,100
017,2022,43,161,270,69
017,2022,44,151,218,77
017,2022,45,177,192,78
017,2023,1,129,24,64
017,2023,2,146,138,52
017,2023,3,117,132,36
017,2023,4,131,102,45
017,2023,5,128,124,46
018,2022,36,0,86,21
018,2022,37,0,64,22
018,2022,38,0,98,32
018,2022,39,0,126,42
018,2022,40,0,112,60
018,2022,41,286,176,77
018,2022,42,268,180,100
018,2022,43,262,270,69
018,2022,44,292,218,77
018,2022,45,296,192,78
018,2023,1,229,24,64
018,2023,2,248,138,52
018,2023,3,236,132,36
018,2023,4,225,102,45
018,2023,5,232,124,46
019,2022,36,0,86,21
019,2022,37,0,64,22
019,2022,38,0,98,32
019,2022,39,0,126,42
019,2022,40,0,112,60
019,2022,41,537,176,77
019,2022,42,533,180,100
019,2022,43,526,270,69
019,2022,44,561,218,77
019,2022,45,496,192,78
019,2023,1,460,24,64
019,2023,2,425,138,52
019,2023,3,436,132,36
019,2023,4,421,102,45
019,2023,5,437,124,46
020,2022,36,0,86,21
020,2022,37,0,64,22
020,2022,38,0,98,32
020,2022,39,0,126,42
020,2022,40,0,112,60
020,2022,41,309,176,77
020,2022,42,315,180,100
020,2022,43,360,270,69
020,2022,44,329,218,77
020,2022,45,355,192,78
020,2023,1,316,24,64
020,2023,2,307,138,52
020,2023,3,263,132,36
020,2023,4,305,102,45
020,2023,5,289,124,46
021,2022,36,0,86,21
021,2022,37,0,64,22
021,2022,38,0,98,32
021,2022,39,0,126,42
021,2022,40,0,112,60
021,2022,41,243,176,77
021,2022,42,227,180,100
021,2022,43,232,270,69
021,2022,44,232,218,77
021,2022,45,263,192,78
021,2023,1,211,24,64
021,2023,2,189,138,52
021,2023,3,179,132,36
021,2023,4,188,102,45
021,2023,5,195,124,46
022,2022,36,0,86,21
022,2022,37,0,64,22
022,2022,38,0,98,32
022,2022,39,0,126,42
022,2022,40,0,112,60
022,2022,41,396,176,77
022,2022,42,381,180,100
022,2022,43,418,270,69
022,2022,44,438,218,77
022,2022,45,432,192,78
022,2023,1,325,24,64
022,2023,2,320,138,52
022,2023,3,332,132,36
022,2023,4,328,102,45
022,2023,5,327,124,46
023,2022,36,0,86,21
023,2022,37,0,64,22
023,2022,38,0,98,32
023,2022,39,0,126,42
023,2022,40,0,112,60
023,2022,41,260,176,77
023,2022,42,292,180,100
023,2022,43,288,270,69
023,2022,44,302,218,77
023,2022,45,301,192,78
023,2023,1,229,24,64
023,2023,2,212,138,52
023,2023,3,234,132,36
023,2023,4,237,102,45
023,2023,5,235,124,46
024,2022,36,0,86,21
024,2022,37,0,64,22
024,2022,38,0,98,32
024,2022,39,0,126,42
024,2022,40,0,112,60
024,2022,41,401,176,77
024,2022,42,369,180,100
024,2022,43,378,270,69
024,2022,44,414,218,77
024,2022,45,391,192,78
024,2023,1,357,24,64
024,2023,2,304,138,52
024,2023,3,287,132,36
024,2023,4,317,102,45
024,2023,5,329,124,46
025,2022,36,0,86,21
025,2022,37,0,64,22
025,2022,38,0,98,32
025,2022,39,0,126,42
025,2022,40,0,112,60
025,2022,41,242,176,77
025,2022,42,243,180,100
025,2022,43,245,270,69
025,2022,44,257,218,77
025,2022,45,263,192,78
025,2023,1,217,24,64
025,2023,2,228,138,52
025,2023,3,233,132,36
025,2023,4,206,102,45
025,2023,5,184,124,46
026,2022,36,0,86,21
026,2022,37,0,64,22
026,2022,38,0,98,32
026,2022,39,0,126,42
026,2022,40,0,112,60
026,2022,41,221,176,77
026,2022,42,246,180,100
026,2022,43,217,270,69
026,2022,44,230,218,77
026,2022,45,254,192,78
026,2023,1,183,24,64
026,2023,2,178,138,52
026,2023,3,196,132,36
026,2023,4,207,102,45
026,2023,5,178,124,46
027,2022,36,0,86,21
027,2022,37,0,64,22
027,2022,38,0,98,32
027,2022,39,0,126,42
027,2022,40,0,112,60
027,2022,41,184,176,77
027,2022,42,168,180,100
027,2022,43,177,270,69
027,2022,44,190,218,77
027,2022,45,195,192,78
027,2023,1,151,24,64
027,2023,2,135,138,52
027,2023,3,136,132,36
027,2023,4,155,102,45
027,2023,5,152,124,46
028,2022,36,0,86,21
028,2022,37,0,64,22
028,2022,38,0,98,32
028,2022,39,0,126,42
028,2022,40,0,112,60
028,2022,41,167,176,77
028,2022,42,164,180,100
028,2022,43,165,270,69
028,2022,44,166,218,77
028,2022,45,156,192,78
028,2023,1,147,24,64
028,2023,2,123,138,52
028,2023,3,142,132,36
028,2023,4,129,102,45
028,2023,5,124,124,46
029,2022,36,0,86,21
029,2022,37,0,64,22
029,2022,38,0,98,32
029,2022,39,0,126,42
029,2022,40,0,112,60
029,2022,41,218,176,77
029,2022,42,211,180,100
029,2022,43,216,270,69
029,2022,44,209,218,77
029,2022,45,243,192,78
029,2023,1,177,24,64
029,2023,2,179,138,52
029,2023,3,167,132,36
029,2023,4,183,102,45
029,2023,5,178,124,46
030,2022,36,0,86,21
030,2022,37,0,64,22
030,2022,38,0,98,32
030,2022,39,0,126,42
030,2022,40,0,112,60
030,2022,41,677,176,77
030,2022,42,709,180,100
030,2022,43,642,270,69
030,2022,44,754,218,77
030,2022,45,756,192,78
030,2023,1,625,24,64
030,2023,2,529,138,52
030,2023,3,508,132,36
030,2023,4,583,102,45
030,2023,5,580,124,46
031,2022,36,0,86,21
031,2022,37,0,64,22
031,2022,38,0,98,32
031,2022,39,0,126,42
031,2022,40,0,112,60
031,2022,41,207,176,77
031,2022,42,199,180,100
031,2022,43,200,270,69
031,2022,44,217,218,77
031,2022,45,227,192,78
031,2023,1,178,24,64
031,2023,2,174,138,52
031,2023,3,188,132,36
031,2023,4,159,102,45
031,2023,5,166,124,46
032,2022,36,0,86,21
032,2022,37,0,64,22
032,2022,38,0,98,32
032,2022,39,0,126,42
032,2022,40,0,112,60
032,2022,41,251,176,77
032,2022,42,260,180,100
032,2022,43,240,270,69
032,2022,44,268,218,77
032,2022,45,287,192,78
032,2023,1,228,24,64
032,2023,2,204,138,52
032,2023,3,208,132,36
032,2023,4,184,102,45
032,2023,5,203,124,46
033,2022,36,0,86,21
033,2022,37,0,64,22
033,2022,38,0,98,32
033,2022,39,0,126,42
033,2022,40,0,112,60
033,2022,41,61,176,77
033,2022,42,63,180,100
033,2022,43,67,270,69
033,2022,44,70,218,77
033,2022,45,64,192,78
033,2023,1,52,24,64
033,2023,2,52,138,52
033,2023,3,59,132,36
033,2023,4,48,102,45
033,2023,5,56,124,46
034,2022,36,0,86,21
034,2022,37,0,64,22
034,2022,38,0,98,32
034,2022,39,0,126,42
034,2022,40,0,112,60
034,2022,41,226,176,77
034,2022,42,252,180,100
034,2022,43,242,270,69
034,2022,44,259,218,77
034,2022,45,247,192,78
034,2023,1,216,24,64
034,2023,2,181,138,52
034,2023,3,210,132,36
034,2023,4,180,102,45
034,2023,5,178,124,46
035,2022,36,0,86,21
035,2022,37,0,64,22
035,2022,38,0,98,32
035,2022,39,0,126,42
035,2022,40,0,112,60
035,2022,41,268,176,77
035,2022,42,288,180,100
035,2022,43,317,270,69
035,2022,44,285,218,77
035,2022,45,316,192,78
035,2023,1,270,24,64
035,2023,2,233,138,52
035,2023,3,221,132,36
035,2023,4,245,102,45
035,2023,5,250,124,46
036,2022,36,0,86,21
036,2022,37,0,64,22
036,2022,38,0,98,32
036,2022,39,0,126,42
036,2022,40,0,112,60
036,2022,41,68,176,77
036,2022,42,69,180,100
036,2022,43,68,270,69
036,2022,44,67,218,77
036,2022,45,75,192,78
036,2023,1,56,24,64
036,2023,2,56,138,52
036,2023,3,58,132,36
036,2023,4,56,102,45
036,2023,5,57,124,46
037,2022,36,0,86,21
037,2022,37,0,64,22
037,2022,38,0,98,32
037,2022,39,0,126,42
037,2022,40,0,112,60
037,2022,41,176,176,77
037,2022,42,162,180,100
037,2022,43,176,270,69
037,2022,44,172,218,77
037,2022,45,188,192,78
037,2023,1,148,24,64
037,2023,2,148,138,52
037,2023,3,149,132,36
037,2023,4,133,102,45
037,2023,5,135,124,46
038,2022,36,0,86,21
038,2022,37,0,64,22
038,2022,38,0,98,32
038,2022,39,0,126,42
038,2022,40,0,112,60
038,2022,41,246,176,77
038,2022,42,224,180,100
038,2022,43,250,270,69
038,2022,44,234,218,77
038,2022,45,237,192,78
038,2023,1,200,24,64
038,2023,2,218,138,52
038,2023,3,190,132,36
038,2023,4,172,102,45
038,2023,5,168,124,46
039,2022,36,0,86,21
039,2022,37,0,64,22
039,2022,38,0,98,32
039,2022,39,0,126,42
039,2022,40,0,112,60
039,2022,41,210,176,77
039,2022,42,207,180,100
039,2022,43,235,270,69
039,2022,44,219,218,77
039,2022,45,241,192,78
039,2023,1,207,24,64
039,2023,2,165,138,52
039,2023,3,188,132,36
039,2023,4,177,102,45
039,2023,5,191,124,46
040,2022,36,0,86,21
040,2022,37,0,64,22
040,2022,38,0,98,32
040,2022,39,0,126,42
040,2022,40,0,112,60
040,2022,41,329,176,77
040,2022,42,336,180,100
040,2022,43,331,270,69
040,2022,44,374,218,77
040,2022,45,342,192,78
040,2023,1,283,24,64
040,2023,2,321,138,52
040,2023,3,284,132,36
040,2023,4,276,102,45
040,2023,5,299,124,46
041,2022,36,0,86,21
041,2022,37,0,64,22
041,2022,38,0,98,32
041,2022,39,0,126,42
041,2022,40,0,112,60
041,2022,41,321,176,77
041,2022,42,335,180,100
041,2022,43,322,270,69
041,2022,44,310,218,77
041,2022,45,330,192,78
041,2023,1,277,24,64
041,2023,2,254,138,52
041,2023,3,274,132,36
041,2023,4,270,102,45
041,2023,5,283,124,46
042,2022,36,0,86,21
042,2022,37,0,64,22
042,2022,38,0,98,32
042,2022,39,0,126,42
042,2022,40,0,112,60
042,2022,41,320,176,77
042,2022,42,293,180,100
042,2022,43,306,270,69
042,2022,44,351,218,77
042,2022,45,311,192,78
042,2023,1,253,24,64
042,2023,2,265,138,52
042,2023,3,233,132,36
042,2023,4,271,102,45
042,2023,5,236,124,46
043,2022,36,0,86,21
043,2022,37,0,64,22
043,2022,38,0,98,32
043,2022,39,0,126,42
043,2022,40,0,112,60
043,2022,41,255,176,77
043,2022,42,251,180,100
043,2022,43,286,270,69
043,2022,44,273,218,77
043,2022,45,285,192,78
043,2023,1,211,24,64
043,2023,2,219,138,52
043,2023,3,205,132,36
043,2023,4,223,102,45
043,2023,5,194,124,46
044,2022,36,0,86,21
044,2022,37,0,64,22
044,2022,38,0,98,32
044,2022,39,0,126,42
044,2022,40,0,112,60
044,2022,41,362,176,77
044,2022,42,358,180,100
044,2022,43,352,270,69
044,2022,44,361,218,77
044,2022,45,400,192,78
044,2023,1,286,24,64
044,2023,2,313,138,52
044,2023,3,291,132,36
044,2023,4,271,102,45
044,2023,5,289,124,46
045,2022,36,0,86,21
045,2022,37,0,64,22
045,2022,38,0,98,32
045,2022,39,0,126,42
045,2022,40,0,112,60
045,2022,41,134,176,77
045,2022,42,138,180,100
045,2022,43,155,270,69
045,2022,44,151,218,77
045,2022,45,162,192,78
045,2023,1,133,24,64
045,2023,2,116,138,52
045,2023,3,127,132,36
045,2023,4,126,102,45
045,2023,5,122,124,46
046,2022,36,0,86,21
046,2022,37,0,64,22
046,2022,38,0,98,32
046,2022,39,0,126,42
046,2022,40,0,112,60
046,2022,41,183,176,77
046,2022,42,171,180,100
046,2022,43,173,270,69
046,2022,44,189,218,77
046,2022,45,176,192,78
046,2023,1,150,24,64
046,2023,2,163,138,52
046,2023,3,156,132,36
046,2023,4,148,102,45
046,2023,5,137,124,46
047,2022,36,0,86,21
047,2022,37,0,64,22
047,2022,38,0,98,32
047,2022,39,0,126,42
047,2022,40,0,112,60
047,2022,41,246,176,77
047,2022,42,275,180,100
047,2022,43,251,270,69
047,2022,44,270,218,77
047,2022,45,269,192,78
047,2023,1,242,24,64
047,2023,2,230,138,52
047,2023,3,211,132,36
047,2023,4,203,102,45
047,2023,5,221,124,46
048,2022,36,0,86,21
048,2022,37,0,64,22
048,2022,38,0,98,32
048,2022,39,0,126,42
048,2022,40,0,112,60
048,2022,41,218,176,77
048,2022,42,233,180,100
048,2022,43,203,270,69
048,2022,44,223,218,77
048,2022,45,212,192,78
048,2023,1,196,24,64
048,2023,2,187,138,52
048,2023,3,169,132,36
048,2023,4,159,102,45
048,2023,5,164,124,46
049,2022,36,0,86,21
049,2022,37,0,64,22
049,2022,38,0,98,32
049,2022,39,0,126,42
049,2022,40,0,112,60
049,2022,41,160,176,77
049,2022,42,183,180,100
049,2022,43,177,270,69
049,2022,44,165,218,77
049,2022,45,190,192,78
049,2023,1,155,24,64
049,2023,2,136,138,52
049,2023,3,154,132,36
049,2023,4,142,102,45
049,2023,5,127,124,46
050,2022,36,0,86,21
050,2022,37,0,64,22
050,2022,38,0,98,32
050,2022,39,0,126,42
050,2022,40,0,112,60
050,2022,41,346,176,77
050,2022,42,366,180,100
050,2022,43,369,270,69
050,2022,44,398,218,77
050,2022,45,350,192,78
050,2023,1,281,24,64
050,2023,2,297,138,52
050,2023,3,276,132,36
050,2023,4,317,102,45
050,2023,5,311,124,46
051,2022,36,0,86,21
051,2022,37,0,64,22
051,2022,38,0,98,32
051,2022,39,0,126,42
051,2022,40,0,112,60
051,2022,41,318,176,77
051,2022,42,298,180,100
051,2022,43,326,270,69
051,2022,44,296,218,77
051,2022,45,295,192,78
051,2023,1,266,24,64
051,2023,2,232,138,52
051,2023,3,261,132,36
051,2023,4,270,102,45
051,2023,5,232,124,46
052,2022,36,0,86,21
052,2022,37,0,64,22
052,2022,38,0,98,32
052,2022,39,0,126,42
052,2022,40,0,112,60
052,2022,41,134,176,77
052,2022,42,140,180,100
052,2022,43,141,270,69
052,2022,44,147,218,77
052,2022,45,146,192,78
052,2023,1,108,24,64
052,2023,2,106,138,52
052,2023,3,102,132,36
052,2023,4,105,102,45
052,2023,5,110,124,46
053,2022,36,0,86,21
053,2022,37,0,64,22
053,2022,38,0,98,32
053,2022,39,0,126,42
053,2022,40,0,112,60
053,2022,41,279,176,77
053,2022,42,294,180,100
053,2022,43,275,270,69
053,2022,44,314,218,77
053,2022,45,282,192,78
053,2023,1,247,24,64
053,2023,2,220,138,52
053,2023,3,252,132,36
053,2023,4,238,102,45
053,2023,5,235,124,46
054,2022,36,0,86,21
054,2022,37,0,64,22
054,2022,38,0,98,32
054,2022,39,0,126,42
054,2022,40,0,112,60
054,2022,41,158,176,77
054,2022,42,157,180,100
054,2022,43,145,270,69
054,2022,44,151,218,77
054,2022,45,168,192,78
054,2023,1,131,24,64
054,2023,2,129,138,52
054,2023,3,118,132,36
054,2023,4,126,102,45
054,2023,5,108,124,46
055,2022,36,0,86,21
055,2022,37,0,64,22
055,2022,38,0,98,32
055,2022,39,0,126,42
055,2022,40,0,112,60
055,2022,41,316,176,77
055,2022,42,272,180,100
055,2022,43,290,270,69
055,2022,44,292,218,77
055,2022,45,328,192,78
055,2023,1,278,24,64
055,2023,2,247,138,52
055,2023,3,254,132,36
055,2023,4,243,102,45
055,2023,5,210,124,46
056,2022,36,0,86,21
056,2022,37,0,64,22
056,2022,38,0,98,32
056,2022,39,0,126,42
056,2022,40,0,112,60
056,2022,41,293,176,77
056,2022,42,275,180,100
056,2022,43,276,270,69
056,2022,44,292,218,77
056,2022,45,288,192,78
056,2023,1,239,24,64
056,2023,2,230,138,52
056,2023,3,237,132,36
056,2023,4,214,102,45
056,2023,5,217,124,46
057,2022,36,0,86,21
057,2022,37,0,64,22
057,2022,38,0,98,32
057,2022,39,0,126,42
057,2022,40,0,112,60
057,2022,41,313,176,77
057,2022,42,332,180,100
057,2022,43,355,270,69
057,2022,44,369,218,77
057,2022,45,341,192,78
057,2023,1,267,24,64
057,2023,2,254,138,52
057,2023,3,272,132,36
057,2023,4,247,102,45
057,2023,5,258,124,46
058,2022,36,0,86,21
058,2022,37,0,64,22
058,2022,38,0,98,32
058,2022,39,0,126,42
058,2022,40,0,112,60
058,2022,41,238,176,77
058,2022,42,264,180,100
058,2022,43,250,270,69
058,2022,44,291,218,77
058,2022,45,295,192,78
058,2023,1,228,24,64
058,2023,2,212,138,52
058,2023,3,199,132,36
058,2023,4,195,102,45
058,2023,5,189,124,46
059,2022,36,0,86,21
059,2022,37,0,64,22
059,2022,38,0,98,32
059,2022,39,0,126,42
059,2022,40,0,112,60
059,2022,41,201,176,77
059,2022,42,225,180,100
059,2022,43,223,270,69
059,2022,44,223,218,77
059,2022,45,211,192,78
059,2023,1,186,24,64
059,2023,2,191,138,52
059,2023,3,161,132,36
059,2023,4,181,102,45
059,2023,5,156,124,46
060,2022,36,0,86,21
060,2022,37,0,64,22
060,2022,38,0,98,32
060,2022,39,0,126,42
060,2022,40,0,112,60
060,2022,41,267,176,77
060,2022,42,235,180,100
060,2022,43,270,270,69
060,2022,44,254,218,77
060,2022,45,286,192,78
060,2023,1,228,24,64
060,2023,2,220,138,52
060,2023,3,231,132,36
060,2023,4,194,102,45
060,2023,5,210,124,46
061,2022,36,0,86,21
061,2022,37,0,64,22
061,2022,38,0,98,32
061,2022,39,0,126,42
061,2022,40,0,112,60
061,2022,41,327,176,77
061,2022,42,297,180,100
061,2022,43,310,270,69
061,2022,44,341,218,77
061,2022,45,339,192,78
061,2023,1,271,24,64
061,2023,2,241,138,52
061,2023,3,253,132,36
061,2023,4,255,102,45
061,2023,5,234,124,46
062,2022,36,0,86,21
062,2022,37,0,64,22
062,2022,38,0,98,32
062,2022,39,0,126,42
062,2022,40,0,112,60
062,2022,41,161,176,77
062,2022,42,154,180,100
062,2022,43,168,270,69
062,2022,44,166,218,77
062,2022,45,181,192,78
062,2023,1,131,24,64
062,2023,2,137,138,52
062,2023,3,133,132,36
062,2023,4,140,102,45
062,2023,5,135,124,46
063,2022,36,0,86,21
063,2022,37,0,64,22
063,2022,38,0,98,32
063,2022,39,0,126,42
063,2022,40,0,112,60
063,2022,41,222,176,77
063,2022,42,254,180,100
063,2022,43,224,270,69
063,2022,44,252,218,77
063,2022,45,241,192,78
063,2023,1,214,24,64
063,2023,2,209,138,52
063,2023,3,195,132,36
063,2023,4,212,102,45
063,2023,5,178,124,46
064,2022,36,0,86,21
064,2022,37,0,64,22
064,2022,38,0,98,32
064,2022,39,0,126,42
064,2022,40,0,112,60
064,2022,41,192,176,77
064,2022,42,212,180,100
064,2022,43,221,270,69
064,2022,44,213,218,77
064,2022,45,226,192,78
064,2023,1,186,24,64
064,2023,2,191,138,52
064,2023,3,180,132,36
064,2023,4,181,102,45
064,2023,5,152,124,46
065,2022,36,0,86,21
065,2022,37,0,64,22
065,2022,38,0,98,32
065,2022,39,0,126,42
065,2022,40,0,112,60
065,2022,41,350,176,77
065,2022,42,360,180,100
065,2022,43,421,270,69
065,2022,44,426,218,77
065,2022,45,390,192,78
065,2023,1,368,24,64
065,2023,2,333,138,52
065,2023,3,313,132,36
065,2023,4,337,102,45
065,2023,5,311,124,46
066,2022,36,0,86,21
066,2022,37,0,64,22
066,2022,38,0,98,32
066,2022,39,0,126,42
066,2022,40,0,112,60
066,2022,41,187,176,77
066,2022,42,174,180,100
066,2022,43,200,270,69
066,2022,44,197,218,77
066,2022,45,191,192,78
066,2023,1,153,24,64
066,2023,2,151,138,52
066,2023,3,139,132,36
066,2023,4,133,102,45
066,2023,5,138,124,46
067,2022,36,0,86,21
067,2022,37,0,64,22
067,2022,38,0,98,32
067,2022,39,0,126,42
067,2022,40,0,112,60
067,2022,41,360,176,77
067,2022,42,359,180,100
067,2022,43,366,270,69
067,2022,44,343,218,77
067,2022,45,346,192,78
067,2023,1,323,24,64
067,2023,2,317,138,52
067,2023,3,286,132,36
067,2023,4,287,102,45
067,2023,5,266,124,46
068,2022,36,0,86,21
068,2022,37,0,64,22
068,2022,38,0,98,32
068,2022,39,0,126,42
068,2022,40,0,112,60
068,2022,41,352,176,77
068,2022,42,387,180,100
068,2022,43,418,270,69
068,2022,44,399,218,77
068,2022,45,389,192,78
068,2023,1,349,24,64
068,2023,2,314,138,52
068,2023,3,325,132,36
068,2023,4,304,102,45
068,2023,5,336,124,46
069,2022,36,0,86,21
069,2022,37,0,64,22
069,2022,38,0,98,32
069,2022,39,0,126,42
069,2022,40,0,112,60
069,2022,41,270,176,77
069,2022,42,260,180,100
069,2022,43,252,270,69
069,2022,44,278,218,77
069,2022,45,286,192,78
069,2023,1,237,24,64
069,2023,2,206,138,52
069,2023,3,221,132,36
069,2023,4,218,102,45
069,2023,5,211,124,46
070,2022,36,0,86,21
070,2022,37,0,64,22
070,2022,38,0,98,32
070,2022,39,0,126,42
070,2022,40,0,112,60
070,2022,41,428,176,77
070,2022,42,430,180,100
070,2022,43,442,270,69
070,2022,44,453,218,77
070,2022,45,534,192,78
070,2023,1,371,24,64
070,2023,2,400,138,52
070,2023,3,399,132,36
070,2023,4,392,102,45
070,2023,5,381,124,46
071,2022,36,0,86,21
071,2022,37,0,64,22
071,2022,38,0,98,32
071,2022,39,0,126,42
071,2022,40,0,112,60
071,2022,41,218,176,77
071,2022,42,229,180,100
071,2022,43,241,270,69
071,2022,44,212,218,77
071,2022,45,227,192,78
071,2023,1,178,24,64
071,2023,2,166,138,52
071,2023,3,186,132,36
071,2023,4,174,102,45
071,2023,5,171,124,46
072,2022,36,0,86,21
072,2022,37,0,64,22
072,2022,38,0,98,32
072,2022,39,0,126,42
072,2022,40,0,112,60
072,2022,41,117,176,77
072,2022,42,119,180,100
072,2022,43,121,270,69
072,2022,44,131,218,77
072,2022,45,134,192,78
072,2023,1,105,24,64
072,2023,2,106,138,52
072,2023,3,93,132,36
072,2023,4,103,102,45
072,2023,5,92,124,46
073,2022,36,0,86,21
073,2022,37,0,64,22
073,2022,38,0,98,32
073,2022,39,0,126,42
073,2022,40,0,112,60
073,2022,41,390,176,77
073,2022,42,390,180,100
073,2022,43,386,270,69
073,2022,44,357,218,77
073,2022,45,381,192,78
073,2023,1,348,24,64
073,2023,2,328,138,52
073,2023,3,332,132,36
073,2023,4,327,102,45
073,2023,5,303,124,46
074,2022,36,0,86,21
074,2022,37,0,64,22
074,2022,38,0,98,32
074,2022,39,0,126,42
074,2022,40,0,112,60
074,2022,41,185,176,77
074,2022,42,201,180,100
074,2022,43,209,270,69
074,2022,44,188,218,77
074,2022,45,186,192,78
074,2023,1,156,24,64
074,2023,2,164,138,52
074,2023,3,141,132,36
074,2023,4,140,102,45
074,2023,5,137,124,46
075,2022,36,0,86,21
075,2022,37,0,64,22
075,2022,38,0,98,32
075,2022,39,0,126,42
075,2022,40,0,112,60
075,2022,41,175,176,77
075,2022,42,169,180,100
075,2022,43,181,270,69
075,2022,44,179,218,77
075,2022,45,187,192,78
075,2023,1,150,24,64
075,2023,2,160,138,52
075,2023,3,140,132,36
075,2023,4,136,102,45
075,2023,5,145,124,46
076,2022,36,0,86,21
076,2022,37,0,64,22
076,2022,38,0,98,32
076,2022,39,0,126,42
076,2022,40,0,112,60
076,2022,41,194,176,77
076,2022,42,187,180,100
076,2022,43,212,270,69
076,2022,44,212,218,77
076,2022,45,217,192,78
076,2023,1,154,24,64
076,2023,2,172,138,52
076,2023,3,144,132,36
076,2023,4,157,102,45
076,2023,5,156,124,46
077,2022,36,0,86,21
077,2022,37,0,64,22
077,2022,38,0,98,32
077,2022,39,0,126,42
077,2022,40,0,112,60
077,2022,41,294,176,77
077,2022,42,300,180,100
077,2022,43,312,270,69
077,2022,44,335,218,77
077,2022,45,336,192,78
077,2023,1,292,24,64
077,2023,2,253,138,52
077,2023,3,274,132,36
077,2023,4,241,102,45
077,2023,5,224,124,46
078,2022,36,0,86,21
078,2022,37,0,64,22
078,2022,38,0,98,32
078,2022,39,0,126,42
078,2022,40,0,112,60
078,2022,41,413,176,77
078,2022,42,396,180,100
078,2022,43,405,270,69
078,2022,44,367,218,77
078,2022,45,388,192,78
078,2023,1,342,24,64
078,2023,2,357,138,52
078,2023,3,319,132,36
078,2023,4,328,102,45
078,2023,5,325,124,46
079,2022,36,0,86,21
079,2022,37,0,64,22
079,2022,38,0,98,32
079,2022,39,0,126,42
079,2022,40,0,112,60
079,2022,41,263,176,77
079,2022,42,265,180,100
079,2022,43,313,270,69
079,2022,44,302,218,77
079,2022,45,320,192,78
079,2023,1,235,24,64
079,2023,2,251,138,52
079,2023,3,222,132,36
079,2023,4,249,102,45
079,2023,5,229,124,46
080,2022,36,0,86,21
080,2022,37,0,64,22
080,2022,38,0,98,32
080,2022,39,0,126,42
080,2022,40,0,112,60
080,2022,41,39,176,77
080,2022,42,38,180,100
080,2022,43,43,270,69
080,2022,44,42,218,77
080,2022,45,39,192,78
080,2023,1,33,24,64
080,2023,2,34,138,52
080,2023,3,31,132,36
080,2023,4,32,102,45
080,2023,5,28,124,46
081,2022,36,0,86,21
081,2022,37,0,64,22
081,2022,38,0,98,32
081,2022,39,0,126,42
081,2022,40,0,112,60
081,2022,41,385,176,77
081,2022,42,384,180,100
081,2022,43,429,270,69
081,2022,44,385,218,77
081,2022,45,442,192,78
081,2023,1,359,24,64
081,2023,2,332,138,52
081,2023,3,356,132,36
081,2023,4,306,102,45
081,2023,5,326,124,46
082,2022,36,0,86,21
082,2022,37,0,64,22
082,2022,38,0,98,32
082,2022,39,0,126,42
082,2022,40,0,112,60
082,2022,41,225,176,77
082,2022,42,229,180,100
082,2022,43,241,270,69
082,2022,44,229,218,77
082,2022,45,251,192,78
082,2023,1,208,24,64
082,2023,2,180,138,52
082,2023,3,191,132,36
082,2023,4,190,102,45
082,2023,5,186,124,46
083,2022,36,0,86,21
083,2022,37,0,64,22
083,2022,38,0,98,32
083,2022,39,0,126,42
083,2022,40,0,112,60
083,2022,41,365,176,77
083,2022,42,343,180,100
083,2022,43,349,270,69
083,2022,44,368,218,77
083,2022,45,395,192,78
083,2023,1,296,24,64
083,2023,2,293,138,52
083,2023,3,283,132,36
083,2023,4,271,102,45
083,2023,5,257,124,46
084,2022,36,0,86,21
084,2022,37,0,64,22
084,2022,38,0,98,32
084,2022,39,0,126,42
084,2022,40,0,112,60
084,2022,41,306,176,77
084,2022,42,271,180,100
084,2022,43,275,270,69
084,2022,44,286,218,77
084,2022,45,318,192,78
084,2023,1,246,24,64
084,2023,2,225,138,52
084,2023,3,217,132,36
084,2023,4,235,102,45
084,2023,5,251,124,46
085,2022,36,0,86,21
085,2022,37,0,64,22
085,2022,38,0,98,32
085,2022,39,0,126,42
085,2022,40,0,112,60
085,2022,41,675,176,77
085,2022,42,715,180,100
085,2022,43,711,270,69
085,2022,44,789,218,77
085,2022,45,764,192,78
085,2023,1,580,24,64
085,2023,2,604,138,52
085,2023,3,639,132,36
085,2023,4,549,102,45
085,2023,5,586,124,46
086,2022,36,0,86,21
086,2022,37,0,64,22
086,2022,38,0,98,32
086,2022,39,0,126,42
086,2022,40,0,112,60
086,2022,41,316,176,77
086,2022,42,291,180,100
086,2022,43,339,270,69
086,2022,44,318,218,77
086,2022,45,349,192,78
086,2023,1,258,24,64
086,2023,2,266,138,52
086,2023,3,287,132,36
086,2023,4,230,102,45
086,2023,5,264,124,46
087,2022,36,0,86,21
087,2022,37,0,64,22
087,2022,38,0,98,32
087,2022,39,0,126,42
087,2022,40,0,112,60
087,2022,41,408,176,77
087,2022,42,461,180,100
087,2022,43,461,270,69
087,2022,44,473,218,77
087,2022,45,474,192,78
087,2023,1,425,24,64
087,2023,2,399,138,52
087,2023,3,393,132,36
087,2023,4,404,102,45
087,2023,5,344,124,46
088,2022,36,0,86,21
088,2022,37,0,64,22
088,2022,38,0,98,32
088,2022,39,0,126,42
088,2022,40,0,112,60
088,2022,41,348,176,77
088,2022,42,341,180,100
088,2022,43,398,270,69
088,2022,44,406,218,77
088,2022,45,393,192,78
088,2023,1,328,24,64
088,2023,2,278,138,52
088,2023,3,325,132,36
088,2023,4,266,102,45
088,2023,5,293,124,46
089,2022,36,0,86,21
089,2022,37,0,64,22
089,2022,38,0,98,32
089,2022,39,0,126,42
089,2022,40,0,112,60
089,2022,41,171,176,77
089,2022,42,161,180,100
089,2022,43,179,270,69
089,2022,44,179,218,77
089,2022,45,161,192,78
089,2023,1,135,24,64
089,2023,2,132,138,52
089,2023,3,131,132,36
089,2023,4,124,102,45
089,2023,5,140,124,46
090,2022,36,0,86,21
090,2022,37,0,64,22
090,2022,38,0,98,32
090,2022,39,0,126,42
090,2022,40,0,112,60
090,2022,41,208,176,77
090,2022,42,212,180,100
090,2022,43,219,270,69
090,2022,44,225,218,77
090,2022,45,240,192,78
090,2023,1,179,24,64
090,2023,2,193,138,52
090,2023,3,191,132,36
090,2023,4,185,102,45
090,2023,5,176,124,46
091,2022,36,0,86,21
091,2022,37,0,64,22
091,2022,38,0,98,32
091,2022,39,0,126,42
091,2022,40,0,112,60
091,2022,41,218,176,77
091,2022,42,222,180,100
091,2022,43,230,270,69
091,2022,44,233,218,77
091,2022,45,227,192,78
091,2023,1,182,24,64
091,2023,2,170,138,52
091,2023,3,179,132,36
091,2023,4,163,102,45
091,2023,5,194,124,46
092,2022,36,0,86,21
092,2022,37,0,64,22
092,2022,38,0,98,32
092,2022,39,0,126,42
092,2022,40,0,112,60
092,2022,41,241,176,77
092,2022,42,219,180,100
092,2022,43,251,270,69
092,2022,44,224,218,77
092,2022,45,263,192,78
092,2023,1,203,24,64
092,2023,2,175,138,52
092,2023,3,205,132,36
092,2023,4,202,102,45
092,2023,5,186,124,46
093,2022,36,0,86,21
093,2022,37,0,64,22
093,2022,38,0,98,32
093,2022,39,0,126,42
093,2022,40,0,112,60
093,2022,41,391,176,77
093,2022,42,356,180,100
093,2022,43,416,270,69
093,2022,44,383,218,77
093,2022,45,407,192,78
093,2023,1,317,24,64
093,2023,2,297,138,52
093,2023,3,318,132,36
093,2023,4,282,102,45
093,2023,5,272,124,46
094,2022,36,0,86,21
094,2022,37,0,64,22
094,2022,38,0,98,32
094,2022,39,0,126,42
094,2022,40,0,112,60
094,2022,41,217,176,77
094,2022,42,225,180,100
094,2022,43,229,270,69
094,2022,44,256,218,77
094,2022,45,253,192,78
094,2023,1,218,24,64
094,2023,2,200,138,52
094,2023,3,198,132,36
094,2023,4,198,102,45
094,2023,5,183,124,46
095,2022,36,0,86,21
095,2022,37,0,64,22
095,2022,38,0,98,32
095,2022,39,0,126,42
095,2022,40,0,112,60
095,2022,41,220,176,77
095,2022,42,222,180,100
095,2022,43,258,270,69
095,2022,44,260,218,77
095,2022,45,231,192,78
095,2023,1,191,24,64
095,2023,2,203,138,52
095,2023,3,212,132,36
095,2023,4,175,102,45
095,2023,5,202,124,46
096,2022,36,0,86,21
096,2022,37,0,64,22
096,2022,38,0,98,32
096,2022,39,0,126,42
096,2022,40,0,112,60
096,2022,41,212,176,77
096,2022,42,198,180,100
096,2022,43,232,270,69
096,2022,44,234,218,77
096,2022,45,220,192,78
096,2023,1,167,24,64
096,2023,2,190,138,52
096,2023,3,167,132,36
096,2023,4,163,102,45
096,2023,5,166,124,46
097,2022,36,0,86,21
097,2022,37,0,64,22
097,2022,38,0,98,32
097,2022,39,0,126,42
097,2022,40,0,112,60
097,2022,41,497,176,77
097,2022,42,495,180,100
097,2022,43,535,270,69
097,2022,44,527,218,77
097,2022,45,529,192,78
097,2023,1,474,24,64
097,2023,2,428,138,52
097,2023,3,426,132,36
097,2023,4,411,102,45
097,2023,5,374,124,46
098,2022,36,0,86,21
098,2022,37,0,64,22
098,2022,38,0,98,32
098,2022,39,0,126,42
098,2022,40,0,112,60
098,2022,41,238,176,77
098,2022,42,205,180,100
098,2022,43,214,270,69
098,2022,44,230,218,77
098,2022,45,218,192,78
098,2023,1,211,24,64
098,2023,2,204,138,52
098,2023,3,181,132,36
098,2023,4,174,102,45
098,2023,5,172,124,46
099,2022,36,0,86,21
099,2022,37,0,64,22
099,2022,38,0,98,32
099,2022,39,0,126,42
099,2022,40,0,112,60
099,2022,41,259,176,77
099,2022,42,235,180,100
099,2022,43,262,270,69
099,2022,44,280,218,77
099,2022,45,280,192,78
099,2023,1,226,24,64
099,2023,2,211,138,52
099,2023,3,208,132,36
099,2023,4,227,102,45
099,2023,5,215,124,46
100,2022,36,0,86,21
100,2022,37,0,64,22
100,2022,38,0,98,32
100,2022,39,0,126,42
100,2022,40,0,112,60
100,2022,41,239,176,77
100,2022,42,259,180,100
100,2022,43,254,270,69
100,2022,44,282,218,77
100,2022,45,268,192,78
100,2023,1,206,24,64
100,2023,2,227,138,52
100,2023,3,237,132,36
100,2023,4,214,102,45
100,2023,5,203,124,46
101,2022,36,0,86,21
101,2022,37,0,64,22
101,2022,38,0,98,32
101,2022,39,0,126,42
101,2022,40,0,112,60
101,2022,41,215,176,77
101,2022,42,221,180,100
101,2022,43,244,270,69
101,2022,44,250,218,77
101,2022,45,237,192,78
101,2023,1,183,24,64
101,2023,2,182,138,52
101,2023,3,191,132,36
101,2023,4,185,102,45
101,2023,5,182,124,46
102,2022,36,0,86,21
102,2022,37,0,64,22
102,2022,38,0,98,32
102,2022,39,0,126,42
102,2022,40,0,112,60
102,2022,41,305,176,77
102,2022,42,287,180,100
102,2022,43,308,270,69
102,2022,44,344,218,77
102,2022,45,343,192,78
102,2023,1,274,24,64
102,2023,2,247,138,52
102,2023,3,236,132,36
102,2023,4,245,102,45
102,2023,5,244,124,46
103,2022,36,0,86,21
103,2022,37,0,64,22
103,2022,38,0,98,32
103,2022,39,0,126,42
103,2022,40,0,112,60
103,2022,41,312,176,77
103,2022,42,333,180,100
103,2022,43,342,270,69
103,2022,44,339,218,77
103,2022,45,325,192,78
103,2023,1,260,24,64
103,2023,2,268,138,52
103,2023,3,272,132,36
103,2023,4,233,102,45
103,2023,5,228,124,46
104,2022,36,0,86,21
104,2022,37,0,64,22
104,2022,38,0,98,32
104,2022,39,0,126,42
104,2022,40,0,112,60
104,2022,41,135,176,77
104,2022,42,138,180,100
104,2022,43,129,270,69
104,2022,44,144,218,77
104,2022,45,145,192,78
104,2023,1,115,24,64
104,2023,2,103,138,52
104,2023,3,106,132,36
104,2023,4,98,102,45
104,2023,5,113,124,46
105,2022,36,0,86,21
105,2022,37,0,64,22
105,2022,38,0,98,32
105,2022,39,0,126,42
105,2022,40,0,112,60
105,2022,41,602,176,77
105,2022,42,629,180,100
105,2022,43,686,270,69
105,2022,44,660,218,77
105,2022,45,741,192,78
105,2023,1,549,24,64
105,2023,2,506,138,52
105,2023,3,532,132,36
105,2023,4,492,102,45
105,2023,5,513,124,46
106,2022,36,0,86,21
106,2022,37,0,64,22
106,2022,38,0,98,32
106,2022,39,0,126,42
106,2022,40,0,112,60
106,2022,41,294,176,77
106,2022,42,284,180,100
106,2022,43,290,270,69
106,2022,44,290,218,77
106,2022,45,282,192,78
106,2023,1,244,24,64
106,2023,2,245,138,52
106,2023,3,228,132,36
106,2023,4,249,102,45
106,2023,5,249,124,46
107,2022,36,0,86,21
107,2022,37,0,64,22
107,2022,38,0,98,32
107,2022,39,0,126,42
107,2022,40,0,112,60
107,2022,41,488,176,77
107,2022,42,478,180,100
107,2022,43,498,270,69
107,2022,44,496,218,77
107,2022,45,463,192,78
107,2023,1,369,24,64
107,2023,2,404,138,52
107,2023,3,426,132,36
107,2023,4,353,102,45
107,2023,5,357,124,46
108,2022,36,0,86,21
108,2022,37,0,64,22
108,2022,38,0,98,32
108,2022,39,0,126,42
108,2022,40,0,112,60
108,2022,41,187,176,77
108,2022,42,174,180,100
108,2022,43,202,270,69
108,2022,44,194,218,77
108,2022,45,212,192,78
108,2023,1,147,24,64
108,2023,2,166,138,52
108,2023,3,164,132,36
108,2023,4,150,102,45
108,2023,5,133,124,46
109,2022,36,0,86,21
109,2022,37,0,64,22
109,2022,38,0,98,32
109,2022,39,0,126,42
109,2022,40,0,112,60
109,2022,41,210,176,77
109,2022,42,212,180,100
109,2022,43,213,270,69
109,2022,44,226,218,77
109,2022,45,235,192,78
109,2023,1,167,24,64
109,2023,2,177,138,52
109,2023,3,165,132,36
109,2023,4,161,102,45
109,2023,5,167,124,46
110,2022,36,0,86,21
110,2022,37,0,64,22
110,2022,38,0,98,32
110,2022,39,0,126,42
110,2022,40,0,112,60
110,2022,41,247,176,77
110,2022,42,237,180,100
110,2022,43,224,270,69
110,2022,44,243,218,77
110,2022,45,265,192,78
110,2023,1,213,24,64
110,2023,2,215,138,52
110,2023,3,217,132,36
110,2023,4,213,102,45
110,2023,5,200,124,46
111,2022,36,0,86,21
111,2022,37,0,64,22
111,2022,38,0,98,32
111,2022,39,0,126,42
111,2022,40,0,112,60
111,2022,41,176,176,77
111,2022,42,176,180,100
111,2022,43,176,270,69
111,2022,44,188,218,77
111,2022,45,182,192,78
111,2023,1,147,24,64
111,2023,2,140,138,52
111,2023,3,152,132,36
111,2023,4,134,102,45
111,2023,5,138,124,46
112,2022,36,0,86,21
112,2022,37,0,64,22
112,2022,38,0,98,32
112,2022,39,0,126,42
112,2022,40,0,112,60
112,2022,41,271,176,77
112,2022,42,277,180,100
112,2022,43,271,270,69
112,2022,44,309,218,77
112,2022,45,306,192,78
112,2023,1,244,24,64
112,2023,2,225,138,52
112,2023,3,239,132,36
112,2023,4,252,102,45
112,2023,5,231,124,46
113,2022,36,0,86,21
113,2022,37,0,64,22
113,2022,38,0,98,32
113,2022,39,0,126,42
113,2022,40,0,112,60
113,2022,41,342,176,77
113,2022,42,362,180,100
113,2022,43,359,270,69
113,2022,44,377,218,77
113,2022,45,378,192,78
113,2023,1,303,24,64
113,2023,2,338,138,52
113,2023,3,327,132,36
113,2023,4,330,102,45
113,2023,5,308,124,46
114,2022,36,0,86,21
114,2022,37,0,64,22
114,2022,38,0,98,32
114,2022,39,0,126,42
114,2022,40,0,112,60
114,2022,41,226,176,77
114,2022,42,228,180,100
114,2022,43,238,270,69
114,2022,44,239,218,77
114,2022,45,265,192,78
114,2023,1,215,24,64
114,2023,2,201,138,52
114,2023,3,204,132,36
114,2023,4,184,102,45
114,2023,5,203,124,46
115,2022,36,0,86,21
115,2022,37,0,64,22
115,2022,38,0,98,32
115,2022,39,0,126,42
115,2022,40,0,112,60
115,2022,41,168,176,77
115,2022,42,177,180,100
115,2022,43,174,270,69
115,2022,44,174,218,77
115,2022,45,175,192,78
115,2023,1,156,24,64
115,2023,2,134,138,52
115,2023,3,138,132,36
115,2023,4,125,102,45
115,2023,5,130,124,46
116,2022,36,0,86,21
116,2022,37,0,64,22
116,2022,38,0,98,32
116,2022,39,0,126,42
116,2022,40,0,112,60
116,2022,41,318,176,77
116,2022,42,314,180,100
116,2022,43,320,270,69
116,2022,44,360,218,77
116,2022,45,382,192,78
116,2023,1,288,24,64
116,2023,2,312,138,52
116,2023,3,261,132,36
116,2023,4,250,102,45
116,2023,5,290,124,46
117,2022,36,0,86,21
117,2022,37,0,64,22
117,2022,38,0,98,32
117,2022,39,0,126,42
117,2022,40,0,112,60
117,2022,41,285,176,77
117,2022,42,291,180,100
117,2022,43,252,270,69
117,2022,44,265,218,77
117,2022,45,264,192,78
117,2023,1,242,24,64
117,2023,2,207,138,52
117,2023,3,219,132,36
117,2023,4,201,102,45
117,2023,5,197,124,46
118,2022,36,0,86,21
118,2022,37,0,64,22
118,2022,38,0,98,32
118,2022,39,0,126,42
118,2022,40,0,112,60
118,2022,41,57,176,77
118,2022,42,58,180,100
118,2022,43,56,270,69
118,2022,44,62,218,77
118,2022,45,57,192,78
118,2023,1,48,24,64
118,2023,2,45,138,52
118,2023,3,44,132,36
118,2023,4,42,102,45
118,2023,5,48,124,46
119,2022,36,0,86,21
119,2022,37,0,64,22
119,2022,38,0,98,32
119,2022,39,0,126,42
119,2022,40,0,112,60
119,2022,41,334,176,77
119,2022,42,337,180,100
119,2022,43,320,270,69
119,2022,44,341,218,77
119,2022,45,350,192,78
119,2023,1,278,24,64
119,2023,2,255,138,52
119,2023,3,252,132,36
119,2023,4,241,102,45
119,2023,5,250,124,46
120,2022,36,0,86,21
120,2022,37,0,64,22
120,2022,38,0,98,32
120,2022,39,0,126,42
120,2022,40,0,112,60
120,2022,41,157,176,77
120,2022,42,174,180,100
120,2022,43,154,270,69
120,2022,44,173,218,77
120,2022,45,172,192,78
120,2023,1,139,24,64
120,2023,2,128,138,52
120,2023,3,131,132,36
120,2023,4,141,102,45
120,2023,5,135,124,46
121,2022,36,0,86,21
121,2022,37,0,64,22
121,2022,38,0,98,32
121,2022,39,0,126,42
121,2022,40,0,112,60
121,2022,41,81,176,77
121,2022,42,92,180,100
121,2022,43,87,270,69
121,2022,44,89,218,77
121,2022,45,92,192,78
121,2023,1,72,24,64
121,2023,2,76,138,52
121,2023,3,70,132,36
121,2023,4,65,102,45
121,2023,5,76,124,46
122,2022,36,0,86,21
122,2022,37,0,64,22
122,2022,38,0,98,32
122,2022,39,0,126,42
122,2022,40,0,112,60
122,2022,41,149,176,77
122,2022,42,158,180,100
122,2022,43,148,270,69
122,2022,44,157,218,77
122,2022,45,157,192,78
122,2023,1,146,24,64
122,2023,2,118,138,52
122,2023,3,129,132,36
122,2023,4,112,102,45
122,2023,5,110,124,46
124,2022,36,0,86,21
124,2022,37,0,64,22
124,2022,38,0,98,32
124,2022,39,0,126,42
124,2022,40,0,112,60
124,2022,41,142,176,77
124,2022,42,132,180,100
124,2022,43,131,270,69
124,2022,44,151,218,77
124,2022,45,147,192,78
124,2023,1,124,24,64
124,2023,2,108,138,52
124,2023,3,113,132,36
124,2023,4,119,102,45
124,2023,5,113,124,46
125,2022,36,0,86,21
125,2022,37,0,64,22
125,2022,38,0,98,32
125,2022,39,0,126,42
125,2022,40,0,112,60
125,2022,41,212,176,77
125,2022,42,226,180,100
125,2022,43,234,270,69
125,2022,44,237,218,77
125,2022,45,243,192,78
125,2023,1,200,24,64
125,2023,2,213,138,52
125,2023,3,199,132,36
125,2023,4,195,102,45
125,2023,5,203,124,46
126,2022,36,0,86,21
126,2022,37,0,64,22
126,2022,38,0,98,32
126,2022,39,0,126,42
126,2022,40,0,112,60
126,2022,41,387,176,77
126,2022,42,361,180,100
126,2022,43,364,270,69
126,2022,44,368,218,77
126,2022,45,384,192,78
126,2023,1,330,24,64
126,2023,2,325,138,52
126,2023,3,301,132,36
126,2023,4,310,102,45
126,2023,5,315,124,46
127,2022,36,0,86,21
127,2022,37,0,64,22
127,2022,38,0,98,32
127,2022,39,0,126,42
127,2022,40,0,112,60
127,2022,41,220,176,77
127,2022,42,212,180,100
127,2022,43,243,270,69
127,2022,44,244,218,77
127,2022,45,251,192,78
127,2023,1,199,24,64
127,2023,2,189,138,52
127,2023,3,185,132,36
127,2023,4,170,102,45
127,2023,5,183,124,46
128,2022,36,0,86,21
128,2022,37,0,64,22
128,2022,38,0,98,32
128,2022,39,0,126,42
128,2022,40,0,112,60
128,2022,41,402,176,77
128,2022,42,414,180,100
128,2022,43,427,270,69
128,2022,44,370,218,77
128,2022,45,433,192,78
128,2023,1,322,24,64
128,2023,2,314,138,52
128,2023,3,294,132,36
128,2023,4,315,102,45
128,2023,5,283,124,46
129,2022,36,0,86,21
129,2022,37,0,64,22
129,2022,38,0,98,32
129,2022,39,0,126,42
129,2022,40,0,112,60
129,2022,41,233,176,77
129,2022,42,258,180,100
129,2022,43,239,270,69
129,2022,44,263,218,77
129,2022,45,258,192,78
129,2023,1,212,24,64
129,2023,2,195,138,52
129,2023,3,211,132,36
129,2023,4,188,102,45
129,2023,5,182,124,46
130,2022,36,0,86,21
130,2022,37,0,64,22
130,2022,38,0,98,32
130,2022,39,0,126,42
130,2022,40,0,112,60
130,2022,41,125,176,77
130,2022,42,141,180,100
130,2022,43,135,270,69
130,2022,44,146,218,77
130,2022,45,136,192,78
130,2023,1,118,24,64
130,2023,2,119,138,52
130,2023,3,125,132,36
130,2023,4,100,102,45
130,2023,5,101,124,46
131,2022,36,0,86,21
131,2022,37,0,64,22
131,2022,38,0,98,32
131,2022,39,0,126,42
131,2022,40,0,112,60
131,2022,41,312,176,77
131,2022,42,329,180,100
131,2022,43,318,270,69
131,2022,44,315,218,77
131,2022,45,359,192,78
131,2023,1,293,24,64
131,2023,2,260,138,52
131,2023,3,249,132,36
131,2023,4,258,102,45
131,2023,5,255,124,46
132,2022,36,0,86,21
132,2022,37,0,64,22
132,2022,38,0,98,32
132,2022,39,0,126,42
132,2022,40,0,112,60
132,2022,41,494,176,77
132,2022,42,566,180,100
132,2022,43,593,270,69
132,2022,44,575,218,77
132,2022,45,548,192,78
132,2023,1,472,24,64
132,2023,2,426,138,52
132,2023,3,491,132,36
132,2023,4,430,102,45
132,2023,5,388,124,46
133,2022,36,0,86,21
133,2022,37,0,64,22
133,2022,38,0,98,32
133,2022,39,0,126,42
133,2022,40,0,112,60
133,2022,41,292,176,77
133,2022,42,272,180,100
133,2022,43,317,270,69
133,2022,44,295,218,77
133,2022,45,329,192,78
133,2023,1,275,24,64
133,2023,2,251,138,52
133,2023,3,245,132,36
133,2023,4,257,102,45
133,2023,5,243,124,46
134,2022,36,0,86,21
134,2022,37,0,64,22
134,2022,38,0,98,32
134,2022,39,0,126,42
134,2022,40,0,112,60
134,2022,41,195,176,77
134,2022,42,188,180,100
134,2022,43,195,270,69
134,2022,44,201,218,77
134,2022,45,197,192,78
134,2023,1,162,24,64
134,2023,2,151,138,52
134,2023,3,154,132,36
134,2023,4,142,102,45
134,2023,5,131,124,46
135,2022,36,0,86,21
135,2022,37,0,64,22
135,2022,38,0,98,32
135,2022,39,0,126,42
135,2022,40,0,112,60
135,2022,41,377,176,77
135,2022,42,373,180,100
135,2022,43,413,270,69
135,2022,44,383,218,77
135,2022,45,411,192,78
135,2023,1,333,24,64
135,2023,2,292,138,52
135,2023,3,309,132,36
135,2023,4,303,102,45
135,2023,5,277,124,46
136,2022,36,0,86,21
136,2022,37,0,64,22
136,2022,38,0,98,32
136,2022,39,0,126,42
136,2022,40,0,112,60
136,2022,41,256,176,77
136,2022,42,265,180,100
136,2022,43,270,270,69
136,2022,44,262,218,77
136,2022,45,303,192,78
136,2023,1,226,24,64
136,2023,2,232,138,52
136,2023,3,222,132,36
136,2023,4,206,102,45
136,2023,5,201,124,46
137,2022,36,0,86,21
137,2022,37,0,64,22
137,2022,38,0,98,32
137,2022,39,0,126,42
137,2022,40,0,112,60
137,2022,41,78,176,77
137,2022,42,74,180,100
137,2022,43,83,270,69
137,2022,44,73,218,77
137,2022,45,84,192,78
137,2023,1,61,24,64
137,2023,2,61,138,52
137,2023,3,61,132,36
137,2023,4,58,102,45
137,2023,5,62,124,46
138,2022,36,0,86,21
138,2022,37,0,64,22
138,2022,38,0,98,32
138,2022,39,0,126,42
138,2022,40,0,112,60
138,2022,41,166,176,77
138,2022,42,165,180,100
138,2022,43,175,270,69
138,2022,44,188,218,77
138,2022,45,193,192,78
138,2023,1,150,24,64
138,2023,2,149,138,52
138,2023,3,150,132,36
138,2023,4,144,102,45
138,2023,5,156,124,46
139,2022,36,0,86,21
139,2022,37,0,64,22
139,2022,38,0,98,32
139,2022,39,0,126,42
139,2022,40,0,112,60
139,2022,41,447,176,77
139,2022,42,467,180,100
139,2022,43,418,270,69
139,2022,44,450,218,77
139,2022,45,455,192,78
139,2023,1,364,24,64
139,2023,2,403,138,52
139,2023,3,374,132,36
139,2023,4,381,102,45
139,2023,5,370,124,46
140,2022,36,0,86,21
140,2022,37,0,64,22
140,2022,38,0,98,32
140,2022,39,0,126,42
140,2022,40,0,112,60
140,2022,41,584,176,77
140,2022,42,614,180,100
140,2022,43,565,270,69
140,2022,44,573,218,77
140,2022,45,645,192,78
140,2023,1,499,24,64
140,2023,2,507,138,52
140,2023,3,446,132,36
140,2023,4,519,102,45
140,2023,5,491,124,46
141,2022,36,0,86,21
141,2022,37,0,64,22
141,2022,38,0,98,32
141,2022,39,0,126,42
141,2022,40,0,112,60
141,2022,41,276,176,77
141,2022,42,268,180,100
141,2022,43,288,270,69
141,2022,44,274,218,77
141,2022,45,295,192,78
141,2023,1,219,24,64
141,2023,2,240,138,52
141,2023,3,233,132,36
141,2023,4,245,102,45
141,2023,5,237,124,46
142,2022,36,0,86,21
142,2022,37,0,64,22
142,2022,38,0,98,32
142,2022,39,0,126,42
142,2022,40,0,112,60
142,2022,41,190,176,77
142,2022,42,193,180,100
142,2022,43,203,270,69
142,2022,44,213,218,77
142,2022,45,209,192,78
142,2023,1,178,24,64
142,2023,2,169,138,52
142,2023,3,156,132,36
142,2023,4,144,102,45
142,2023,5,154,124,46
143,2022,36,0,86,21
143,2022,37,0,64,22
143,2022,38,0,98,32
143,2022,39,0,126,42
143,2022,40,0,112,60
143,2022,41,450,176,77
143,2022,42,425,180,100
143,2022,43,468,270,69
143,2022,44,404,218,77
143,2022,45,474,192,78
143,2023,1,395,24,64
143,2023,2,359,138,52
143,2023,3,361,132,36
143,2023,4,362,102,45
143,2023,5,363,124,46
144,2022,36,0,86,21
144,2022,37,0,64,22
144,2022,38,0,98,32
144,2022,39,0,126,42
144,2022,40,0,112,60
144,2022,41,165,176,77
144,2022,42,170,180,100
144,2022,43,154,270,69
144,2022,44,156,218,77
144,2022,45,163,192,78
144,2023,1,126,24,64
144,2023,2,145,138,52
144,2023,3,143,132,36
144,2023,4,136,102,45
144,2023,5,139,124,46
145,2022,36,0,86,21
145,2022,37,0,64,22
145,2022,38,0,98,32
145,2022,39,0,126,42
145,2022,40,0,112,60
145,2022,41,190,176,77
145,2022,42,203,180,100
145,2022,43,188,270,69
145,2022,44,224,218,77
145,2022,45,223,192,78
145,2023,1,169,24,64
145,2023,2,155,138,52
145,2023,3,172,132,36
145,2023,4,166,102,45
145,2023,5,172,124,46
146,2022,36,0,86,21
146,2022,37,0,64,22
146,2022,38,0,98,32
146,2022,39,0,126,42
146,2022,40,0,112,60
146,2022,41,376,176,77
146,2022,42,358,180,100
146,2022,43,406,270,69
146,2022,44,363,218,77
146,2022,45,410,192,78
146,2023,1,306,24,64
146,2023,2,315,138,52
146,2023,3,275,132,36
146,2023,4,301,102,45
146,2023,5,312,124,46
147,2022,36,0,86,21
147,2022,37,0,64,22
147,2022,38,0,98,32
147,2022,39,0,126,42
147,2022,40,0,112,60
147,2022,41,276,176,77
147,2022,42,292,180,100
147,2022,43,315,270,69
147,2022,44,310,218,77
147,2022,45,314,192,78
147,2023,1,253,24,64
147,2023,2,257,138,52
147,2023,3,229,132,36
147,2023,4,255,102,45
147,2023,5,231,124,46
148,2022,36,0,86,21
148,2022,37,0,64,22
148,2022,38,0,98,32
148,2022,39,0,126,42
148,2022,40,0,112,60
148,2022,41,296,176,77
148,2022,42,311,180,100
148,2022,43,304,270,69
148,2022,44,278,218,77
148,2022,45,307,192,78
148,2023,1,252,24,64
148,2023,2,222,138,52
148,2023,3,250,132,36
148,2023,4,238,102,45
148,2023,5,222,124,46
149,2022,36,0,86,21
149,2022,37,0,64,22
149,2022,38,0,98,32
149,2022,39,0,126,42
149,2022,40,0,112,60
149,2022,41,111,176,77
149,2022,42,107,180,100
149,2022,43,111,270,69
149,2022,44,115,218,77
149,2022,45,121,192,78
149,2023,1,94,24,64
149,2023,2,87,138,52
149,2023,3,90,132,36
149,2023,4,93,102,45
149,2023,5,78,124,46
150,2022,36,0,86,21
150,2022,37,0,64,22
150,2022,38,0,98,32
150,2022,39,0,126,42
150,2022,40,0,112,60
150,2022,41,222,176,77
150,2022,42,224,180,100
150,2022,43,237,270,69
150,2022,44,272,218,77
150,2022,45,249,192,78
150,2023,1,197,24,64
150,2023,2,197,138,52
150,2023,3,203,132,36
150,2023,4,188,102,45
150,2023,5,207,124,46
151,2022,36,0,86,21
151,2022,37,0,64,22
151,2022,38,0,98,32
151,2022,39,0,126,42
151,2022,40,0,112,60
151,2022,41,196,176,77
151,2022,42,228,180,100
151,2022,43,230,270,69
151,2022,44,223,218,77
151,2022,45,215,192,78
151,2023,1,196,24,64
151,2023,2,176,138,52
151,2023,3,189,132,36
151,2023,4,190,102,45
151,2023,5,158,124,46
152,2022,36,0,86,21
152,2022,37,0,64,22
152,2022,38,0,98,32
152,2022,39,0,126,42
152,2022,40,0,112,60
152,2022,41,345,176,77
152,2022,42,364,180,100
152,2022,43,362,270,69
152,2022,44,361,218,77
152,2022,45,411,192,78
152,2023,1,306,24,64
152,2023,2,295,138,52
152,2023,3,334,132,36
152,2023,4,295,102,45
152,2023,5,310,124,46
153,2022,36,0,86,21
153,2022,37,0,64,22
153,2022,38,0,98,32
153,2022,39,0,126,42
153,2022,40,0,112,60
153,2022,41,401,176,77
153,2022,42,454,180,100
153,2022,43,423,270,69
153,2022,44,497,218,77
153,2022,45,459,192,78
153,2023,1,374,24,64
153,2023,2,353,138,52
153,2023,3,358,132,36
153,2023,4,332,102,45
153,2023,5,378,124,46
154,2022,36,0,86,21
154,2022,37,0,64,22
154,2022,38,0,98,32
154,2022,39,0,126,42
154,2022,40,0,112,60
154,2022,41,596,176,77
154,2022,42,568,180,100
154,2022,43,596,270,69
154,2022,44,542,218,77
154,2022,45,631,192,78
154,2023,1,502,24,64
154,2023,2,460,138,52
154,2023,3,436,132,36
154,2023,4,404,102,45
154,2023,5,397,124,46
155,2022,36,0,86,21
155,2022,37,0,64,22
155,2022,38,0,98,32
155,2022,39,0,126,42
155,2022,40,0,112,60
155,2022,41,588,176,77
155,2022,42,585,180,100
155,2022,43,631,270,69
155,2022,44,597,218,77
155,2022,45,608,192,78
155,2023,1,514,24,64
155,2023,2,488,138,52
155,2023,3,489,132,36
155,2023,4,489,102,45
155,2023,5,433,124,46
156,2022,36,0,86,21
156,2022,37,0,64,22
156,2022,38,0,98,32
156,2022,39,0,126,42
156,2022,40,0,112,60
156,2022,41,140,176,77
156,2022,42,151,180,100
156,2022,43,152,270,69
156,2022,44,170,218,77
156,2022,45,171,192,78
156,2023,1,129,24,64
156,2023,2,130,138,52
156,2023,3,132,132,36
156,2023,4,130,102,45
156,2023,5,127,124,46
157,2022,36,0,86,21
157,2022,37,0,64,22
157,2022,38,0,98,32
157,2022,39,0,126,42
157,2022,40,0,112,60
157,2022,41,206,176,77
157,2022,42,199,180,100
157,2022,43,201,270,69
157,2022,44,210,218,77
157,2022,45,218,192,78
157,2023,1,182,24,64
157,2023,2,179,138,52
157,2023,3,173,132,36
157,2023,4,145,102,45
157,2023,5,151,124,46
158,2022,36,0,86,21
158,2022,37,0,64,22
158,2022,38,0,98,32
158,2022,39,0,126,42
158,2022,40,0,112,60
158,2022,41,317,176,77
158,2022,42,326,180,100
158,2022,43,344,270,69
158,2022,44,304,218,77
158,2022,45,332,192,78
158,2023,1,266,24,64
158,2023,2,257,138,52
158,2023,3,255,132,36
158,2023,4,270,102,45
158,2023,5,264,124,46
159,2022,36,0,86,21
159,2022,37,0,64,22
159,2022,38,0,98,32
159,2022,39,0,126,42
159,2022,40,0,112,60
159,2022,41,581,176,77
159,2022,42,582,180,100
159,2022,43,601,270,69
159,2022,44,556,218,77
159,2022,45,605,192,78
159,2023,1,446,24,64
159,2023,2,453,138,52
159,2023,3,474,132,36
159,2023,4,515,102,45
159,2023,5,488,124,46
160,2022,36,0,86,21
160,2022,37,0,64,22
160,2022,38,0,98,32
160,2022,39,0,126,42
160,2022,40,0,112,60
160,2022,41,170,176,77
160,2022,42,196,180,100
160,2022,43,192,270,69
160,2022,44,193,218,77
160,2022,45,192,192,78
160,2023,1,145,24,64
160,2023,2,161,138,52
160,2023,3,163,132,36
160,2023,4,133,102,45
160,2023,5,159,124,46
161,2022,36,0,86,21
161,2022,37,0,64,22
161,2022,38,0,98,32
161,2022,39,0,126,42
161,2022,40,0,112,60
161,2022,41,187,176,77
161,2022,42,192,180,100
161,2022,43,188,270,69
161,2022,44,171,218,77
161,2022,45,176,192,78
161,2023,1,158,24,64
161,2023,2,148,138,52
161,2023,3,151,132,36
161,2023,4,157,102,45
161,2023,5,144,124,46
162,2022,36,0,86,21
162,2022,37,0,64,22
162,2022,38,0,98,32
162,2022,39,0,126,42
162,2022,40,0,112,60
162,2022,41,187,176,77
162,2022,42,205,180,100
162,2022,43,190,270,69
162,2022,44,194,218,77
162,2022,45,205,192,78
162,2023,1,148,24,64
162,2023,2,166,138,52
162,2023,3,154,132,36
162,2023,4,143,102,45
162,2023,5,134,124,46
163,2022,36,0,86,21
163,2022,37,0,64,22
163,2022,38,0,98,32
163,2022,39,0,126,42
163,2022,40,0,112,60
163,2022,41,135,176,77
163,2022,42,162,180,100
163,2022,43,151,270,69
163,2022,44,148,218,77
163,2022,45,163,192,78
163,2023,1,141,24,64
163,2023,2,138,138,52
163,2023,3,113,132,36
163,2023,4,127,102,45
163,2023,5,130,124,46
164,2022,36,0,86,21
164,2022,37,0,64,22
164,2022,38,0,98,32
164,2022,39,0,126,42
164,2022,40,0,112,60
164,2022,41,138,176,77
164,2022,42,161,180,100
164,2022,43,167,270,69
164,2022,44,158,218,77
164,2022,45,157,192,78
164,2023,1,135,24,64
164,2023,2,124,138,52
164,2023,3,124,132,36
164,2023,4,122,102,45
164,2023,5,128,124,46
166,2022,36,0,86,21
166,2022,37,0,64,22
166,2022,38,0,98,32
166,2022,39,0,126,42
166,2022,40,0,112,60
166,2022,41,327,176,77
166,2022,42,327,180,100
166,2022,43,321,270,69
166,2022,44,316,218,77
166,2022,45,335,192,78
166,2023,1,245,24,64
166,2023,2,252,138,52
166,2023,3,255,132,36
166,2023,4,239,102,45
166,2023,5,259,124,46
167,2022,36,0,86,21
167,2022,37,0,64,22
167,2022,38,0,98,32
167,2022,39,0,126,42
167,2022,40,0,112,60
167,2022,41,264,176,77
167,2022,42,294,180,100
167,2022,43,299,270,69
167,2022,44,270,218,77
167,2022,45,282,192,78
167,2023,1,217,24,64
167,2023,2,216,138,52
167,2023,3,245,132,36
167,2023,4,215,102,45
167,2023,5,229,124,46
168,2022,36,0,86,21
168,2022,37,0,64,22
168,2022,38,0,98,32
168,2022,39,0,126,42
168,2022,40,0,112,60
168,2022,41,502,176,77
168,2022,42,537,180,100
168,2022,43,484,270,69
168,2022,44,512,218,77
168,2022,45,580,192,78
168,2023,1,405,24,64
168,2023,2,473,138,52
168,2023,3,430,132,36
168,2023,4,433,102,45
168,2023,5,421,124,46
169,2022,36,0,86,21
169,2022,37,0,64,22
169,2022,38,0,98,32
169,2022,39,0,126,42
169,2022,40,0,112,60
169,2022,41,227,176,77
169,2022,42,229,180,100
169,2022,43,231,270,69
169,2022,44,250,218,77
169,2022,45,261,192,78
169,2023,1,186,24,64
169,2023,2,211,138,52
169,2023,3,180,132,36
169,2023,4,201,102,45
169,2023,5,192,124,46
170,2022,36,0,86,21
170,2022,37,0,64,22
170,2022,38,0,98,32
170,2022,39,0,126,42
170,2022,40,0,112,60
170,2022,41,207,176,77
170,2022,42,196,180,100
170,2022,43,190,270,69
170,2022,44,214,218,77
170,2022,45,212,192,78
170,2023,1,165,24,64
170,2023,2,160,138,52
170,2023,3,163,132,36
170,2023,4,160,102,45
170,2023,5,147,124,46
172,2022,36,0,86,21
172,2022,37,0,64,22
172,2022,38,0,98,32
172,2022,39,0,126,42
172,2022,40,0,112,60
172,2022,41,220,176,77
172,2022,42,263,180,100
172,2022,43,244,270,69
172,2022,44,275,218,77
172,2022,45,263,192,78
172,2023,1,197,24,64
172,2023,2,189,138,52
172,2023,3,199,132,36
172,2023,4,217,102,45
172,2023,5,209,124,46
173,2022,36,0,86,21
173,2022,37,0,64,22
173,2022,38,0,98,32
173,2022,39,0,126,42
173,2022,40,0,112,60
173,2022,41,285,176,77
173,2022,42,283,180,100
173,2022,43,328,270,69
173,2022,44,332,218,77
173,2022,45,307,192,78
173,2023,1,260,24,64
173,2023,2,254,138,52
173,2023,3,247,132,36
173,2023,4,238,102,45
173,2023,5,235,124,46
174,2022,36,0,86,21
174,2022,37,0,64,22
174,2022,38,0,98,32
174,2022,39,0,126,42
174,2022,40,0,112,60
174,2022,41,170,176,77
174,2022,42,189,180,100
174,2022,43,183,270,69
174,2022,44,200,218,77
174,2022,45,190,192,78
174,2023,1,158,24,64
174,2023,2,164,138,52
174,2023,3,163,132,36
174,2023,4,133,102,45
174,2023,5,127,124,46
175,2022,36,0,86,21
175,2022,37,0,64,22
175,2022,38,0,98,32
175,2022,39,0,126,42
175,2022,40,0,112,60
175,2022,41,250,176,77
175,2022,42,221,180,100
175,2022,43,232,270,69
175,2022,44,230,218,77
175,2022,45,242,192,78
175,2023,1,206,24,64
175,2023,2,215,138,52
175,2023,3,187,132,36
175,2023,4,174,102,45
175,2023,5,188,124,46
176,2022,36,0,86,21
176,2022,37,0,64,22
176,2022,38,0,98,32
176,2022,39,0,126,42
176,2022,40,0,112,60
176,2022,41,106,176,77
176,2022,42,105,180,100
176,2022,43,110,270,69
176,2022,44,122,218,77
176,2022,45,115,192,78
176,2023,1,96,24,64
176,2023,2,90,138,52
176,2023,3,88,132,36
176,2023,4,85,102,45
176,2023,5,88,124,46
177,2022,36,0,86,21
177,2022,37,0,64,22
177,2022,38,0,98,32
177,2022,39,0,126,42
177,2022,40,0,112,60
177,2022,41,398,176,77
177,2022,42,435,180,100
177,2022,43,458,270,69
177,2022,44,482,218,77
177,2022,45,423,192,78
177,2023,1,339,24,64
177,2023,2,344,138,52
177,2023,3,352,132,36
177,2023,4,348,102,45
177,2023,5,364,124,46
178,2022,36,0,86,21
178,2022,37,0,64,22
178,2022,38,0,98,32
178,2022,39,0,126,42
178,2022,40,0,112,60
178,2022,41,279,176,77
178,2022,42,269,180,100
178,2022,43,265,270,69
178,2022,44,281,218,77
178,2022,45,291,192,78
178,2023,1,226,24,64
178,2023,2,243,138,52
178,2023,3,219,132,36
178,2023,4,216,102,45
178,2023,5,195,124,46
179,2022,36,0,86,21
179,2022,37,0,64,22
179,2022,38,0,98,32
179,2022,39,0,126,42
179,2022,40,0,112,60
179,2022,41,161,176,77
179,2022,42,148,180,100
179,2022,43,170,270,69
179,2022,44,159,218,77
179,2022,45,174,192,78
179,2023,1,142,24,64
179,2023,2,124,138,52
179,2023,3,125,132,36
179,2023,4,113,102,45
179,2023,5,120,124,46
180,2022,36,0,86,21
180,2022,37,0,64,22
180,2022,38,0,98,32
180,2022,39,0,126,42
180,2022,40,0,112,60
180,2022,41,90,176,77
180,2022,42,94,180,100
180,2022,43,98,270,69
180,2022,44,89,218,77
180,2022,45,97,192,78
180,2023,1,76,24,64
180,2023,2,82,138,52
180,2023,3,73,132,36
180,2023,4,68,102,45
180,2023,5,76,124,46
181,2022,36,0,86,21
181,2022,37,0,64,22
181,2022,38,0,98,32
181,2022,39,0,126,42
181,2022,40,0,112,60
181,2022,41,443,176,77
181,2022,42,468,180,100
181,2022,43,471,270,69
181,2022,44,460,218,77
181,2022,45,492,192,78
181,2023,1,401,24,64
181,2023,2,407,138,52
181,2023,3,391,132,36
181,2023,4,383,102,45
181,2023,5,331,124,46
182,2022,36,0,86,21
182,2022,37,0,64,22
182,2022,38,0,98,32
182,2022,39,0,126,42
182,2022,40,0,112,60
182,2022,41,47,176,77
182,2022,42,51,180,100
182,2022,43,51,270,69
182,2022,44,52,218,77
182,2022,45,53,192,78
182,2023,1,42,24,64
182,2023,2,44,138,52
182,2023,3,37,132,36
182,2023,4,40,102,45
182,2023,5,38,124,46
183,2022,36,0,86,21
183,2022,37,0,64,22
183,2022,38,0,98,32
183,2022,39,0,126,42
183,2022,40,0,112,60
183,2022,41,515,176,77
183,2022,42,465,180,100
183,2022,43,509,270,69
183,2022,44,528,218,77
183,2022,45,529,192,78
183,2023,1,453,24,64
183,2023,2,383,138,52
183,2023,3,378,132,36
183,2023,4,404,102,45
183,2023,5,360,124,46
184,2022,36,0,86,21
184,2022,37,0,64,22
184,2022,38,0,98,32
184,2022,39,0,126,42
184,2022,40,0,112,60
184,2022,41,86,176,77
184,2022,42,82,180,100
184,2022,43,86,270,69
184,2022,44,91,218,77
184,2022,45,86,192,78
184,2023,1,72,24,64
184,2023,2,74,138,52
184,2023,3,67,132,36
184,2023,4,64,102,45
184,2023,5,66,124,46
185,2022,36,0,86,21
185,2022,37,0,64,22
185,2022,38,0,98,32
185,2022,39,0,126,42
185,2022,40,0,112,60
185,2022,41,210,176,77
185,2022,42,230,180,100
185,2022,43,229,270,69
185,2022,44,224,218,77
185,2022,45,223,192,78
185,2023,1,213,24,64
185,2023,2,211,138,52
185,2023,3,195,132,36
185,2023,4,206,102,45
185,2023,5,190,124,46
186,2022,36,0,86,21
186,2022,37,0,64,22
186,2022,38,0,98,32
186,2022,39,0,126,42
186,2022,40,0,112,60
186,2022,41,234,176,77
186,2022,42,244,180,100
186,2022,43,272,270,69
186,2022,44,267,218,77
186,2022,45,257,192,78
186,2023,1,208,24,64
186,2023,2,203,138,52
186,2023,3,235,132,36
186,2023,4,198,102,45
186,2023,5,223,124,46
187,2022,36,0,86,21
187,2022,37,0,64,22
187,2022,38,0,98,32
187,2022,39,0,126,42
187,2022,40,0,112,60
187,2022,41,248,176,77
187,2022,42,241,180,100
187,2022,43,224,270,69
187,2022,44,259,218,77
187,2022,45,265,192,78
187,2023,1,209,24,64
187,2023,2,187,138,52
187,2023,3,179,132,36
187,2023,4,190,102,45
187,2023,5,196,124,46
188,2022,36,0,86,21
188,2022,37,0,64,22
188,2022,38,0,98,32
188,2022,39,0,126,42
188,2022,40,0,112,60
188,2022,41,232,176,77
188,2022,42,233,180,100
188,2022,43,243,270,69
188,2022,44,217,218,77
188,2022,45,245,192,78
188,2023,1,206,24,64
188,2023,2,175,138,52
188,2023,3,186,132,36
188,2023,4,193,102,45
188,2023,5,170,124,46
189,2022,36,0,86,21
189,2022,37,0,64,22
189,2022,38,0,98,32
189,2022,39,0,126,42
189,2022,40,0,112,60
189,2022,41,236,176,77
189,2022,42,245,180,100
189,2022,43,254,270,69
189,2022,44,289,218,77
189,2022,45,266,192,78
189,2023,1,203,24,64
189,2023,2,235,138,52
189,2023,3,195,132,36
189,2023,4,197,102,45
189,2023,5,213,124,46
190,2022,36,0,86,21
190,2022,37,0,64,22
190,2022,38,0,98,32
190,2022,39,0,126,42
190,2022,40,0,112,60
190,2022,41,129,176,77
190,2022,42,134,180,100
190,2022,43,135,270,69
190,2022,44,133,218,77
190,2022,45,134,192,78
190,2023,1,111,24,64
190,2023,2,103,138,52
190,2023,3,93,132,36
190,2023,4,101,102,45
190,2023,5,90,124,46
191,2022,36,0,86,21
191,2022,37,0,64,22
191,2022,38,0,98,32
191,2022,39,0,126,42
191,2022,40,0,112,60
191,2022,41,388,176,77
191,2022,42,340,180,100
191,2022,43,347,270,69
191,2022,44,391,218,77
191,2022,45,387,192,78
191,2023,1,338,24,64
191,2023,2,343,138,52
191,2023,3,314,132,36
191,2023,4,309,102,45
191,2023,5,298,124,46
192,2022,36,0,86,21
192,2022,37,0,64,22
192,2022,38,0,98,32
192,2022,39,0,126,42
192,2022,40,0,112,60
192,2022,41,288,176,77
192,2022,42,263,180,100
192,2022,43,309,270,69
192,2022,44,293,218,77
192,2022,45,309,192,78
192,2023,1,261,24,64
192,2023,2,221,138,52
192,2023,3,247,132,36
192,2023,4,228,102,45
192,2023,5,207,124,46
193,2022,36,0,86,21
193,2022,37,0,64,22
193,2022,38,0,98,32
193,2022,39,0,126,42
193,2022,40,0,112,60
193,2022,41,163,176,77
193,2022,42,167,180,100
193,2022,43,161,270,69
193,2022,44,149,218,77
193,2022,45,167,192,78
193,2023,1,131,24,64
193,2023,2,133,138,52
193,2023,3,124,132,36
193,2023,4,117,102,45
193,2023,5,132,124,46
194,2022,36,0,86,21
194,2022,37,0,64,22
194,2022,38,0,98,32
194,2022,39,0,126,42
194,2022,40,0,112,60
194,2022,41,422,176,77
194,2022,42,388,180,100
194,2022,43,418,270,69
194,2022,44,426,218,77
194,2022,45,446,192,78
194,2023,1,333,24,64
194,2023,2,334,138,52
194,2023,3,330,132,36
194,2023,4,312,102,45
194,2023,5,330,124,46
195,2022,36,0,86,21
195,2022,37,0,64,22
195,2022,38,0,98,32
195,2022,39,0,126,42
195,2022,40,0,112,60
195,2022,41,268,176,77
195,2022,42,298,180,100
195,2022,43,320,270,69
195,2022,44,327,218,77
195,2022,45,314,192,78
195,2023,1,282,24,64
195,2023,2,255,138,52
195,2023,3,242,132,36
195,2023,4,253,102,45
195,2023,5,259,124,46
196,2022,36,0,86,21
196,2022,37,0,64,22
196,2022,38,0,98,32
196,2022,39,0,126,42
196,2022,40,0,112,60
196,2022,41,147,176,77
196,2022,42,142,180,100
196,2022,43,151,270,69
196,2022,44,157,218,77
196,2022,45,147,192,78
196,2023,1,132,24,64
196,2023,2,129,138,52
196,2023,3,117,132,36
196,2023,4,122,102,45
196,2023,5,130,124,46
197,2022,36,0,86,21
197,2022,37,0,64,22
197,2022,38,0,98,32
197,2022,39,0,126,42
197,2022,40,0,112,60
197,2022,41,393,176,77
197,2022,42,381,180,100
197,2022,43,418,270,69
197,2022,44,412,218,77
197,2022,45,459,192,78
197,2023,1,351,24,64
197,2023,2,369,138,52
197,2023,3,305,132,36
197,2023,4,349,102,45
197,2023,5,359,124,46
198,2022,36,0,86,21
198,2022,37,0,64,22
198,2022,38,0,98,32
198,2022,39,0,126,42
198,2022,40,0,112,60
198,2022,41,296,176,77
198,2022,42,339,180,100
198,2022,43,304,270,69
198,2022,44,330,218,77
198,2022,45,339,192,78
198,2023,1,283,24,64
198,2023,2,285,138,52
198,2023,3,275,132,36
198,2023,4,264,102,45
198,2023,5,228,124,46
199,2022,36,0,86,21
199,2022,37,0,64,22
199,2022,38,0,98,32
199,2022,39,0,126,42
199,2022,40,0,112,60
199,2022,41,175,176,77
199,2022,42,165,180,100
199,2022,43,177,270,69
199,2022,44,175,218,77
199,2022,45,164,192,78
199,2023,1,151,24,64
199,2023,2,157,138,52
199,2023,3,151,132,36
199,2023,4,146,102,45
199,2023,5,134,124,46
200,2022,36,0,86,21
200,2022,37,0,64,22
200,2022,38,0,98,32
200,2022,39,0,126,42
200,2022,40,0,112,60
200,2022,41,169,176,77
200,2022,42,183,180,100
200,2022,43,202,270,69
200,2022,44,182,218,77
200,2022,45,192,192,78
200,2023,1,150,24,64
200,2023,2,169,138,52
200,2023,3,166,132,36
200,2023,4,134,102,45
200,2023,5,161,124,46
201,2022,36,0,86,21
201,2022,37,0,64,22
201,2022,38,0,98,32
201,2022,39,0,126,42
201,2022,40,0,112,60
201,2022,41,98,176,77
201,2022,42,114,180,100
201,2022,43,112,270,69
201,2022,44,104,218,77
201,2022,45,107,192,78
201,2023,1,84,24,64
201,2023,2,80,138,52
201,2023,3,79,132,36
201,2023,4,81,102,45
201,2023,5,85,124,46
202,2022,36,0,86,21
202,2022,37,0,64,22
202,2022,38,0,98,32
202,2022,39,0,126,42
202,2022,40,0,112,60
202,2022,41,223,176,77
202,2022,42,215,180,100
202,2022,43,249,270,69
202,2022,44,225,218,77
202,2022,45,220,192,78
202,2023,1,197,24,64
202,2023,2,176,138,52
202,2023,3,197,132,36
202,2023,4,194,102,45
202,2023,5,179,124,46
203,2022,36,0,86,21
203,2022,37,0,64,22
203,2022,38,0,98,32
203,2022,39,0,126,42
203,2022,40,0,112,60
203,2022,41,207,176,77
203,2022,42,197,180,100
203,2022,43,193,270,69
203,2022,44,211,218,77
203,2022,45,208,192,78
203,2023,1,184,24,64
203,2023,2,177,138,52
203,2023,3,152,132,36
203,2023,4,158,102,45
203,2023,5,163,124,46
204,2022,36,0,86,21
204,2022,37,0,64,22
204,2022,38,0,98,32
204,2022,39,0,126,42
204,2022,40,0,112,60
204,2022,41,261,176,77
204,2022,42,272,180,100
204,2022,43,284,270,69
204,2022,44,277,218,77
204,2022,45,314,192,78
204,2023,1,255,24,64
204,2023,2,228,138,52
204,2023,3,211,132,36
204,2023,4,232,102,45
204,2023,5,230,124,46
205,2022,36,0,86,21
205,2022,37,0,64,22
205,2022,38,0,98,32
205,2022,39,0,126,42
205,2022,40,0,112,60
205,2022,41,416,176,77
205,2022,42,442,180,100
205,2022,43,496,270,69
205,2022,44,468,218,77
205,2022,45,490,192,78
205,2023,1,417,24,64
205,2023,2,390,138,52
205,2023,3,409,132,36
205,2023,4,410,102,45
205,2023,5,397,124,46
206,2022,36,0,86,21
206,2022,37,0,64,22
206,2022,38,0,98,32
206,2022,39,0,126,42
206,2022,40,0,112,60
206,2022,41,202,176,77
206,2022,42,194,180,100
206,2022,43,206,270,69
206,2022,44,189,218,77
206,2022,45,206,192,78
206,2023,1,171,24,64
206,2023,2,165,138,52
206,2023,3,154,132,36
206,2023,4,169,102,45
206,2023,5,147,124,46
207,2022,36,0,86,21
207,2022,37,0,64,22
207,2022,38,0,98,32
207,2022,39,0,126,42
207,2022,40,0,112,60
207,2022,41,246,176,77
207,2022,42,268,180,100
207,2022,43,268,270,69
207,2022,44,275,218,77
207,2022,45,292,192,78
207,2023,1,232,24,64
207,2023,2,219,138,52
207,2023,3,222,132,36
207,2023,4,239,102,45
207,2023,5,238,124,46
208,2022,36,0,86,21
208,2022,37,0,64,22
208,2022,38,0,98,32
208,2022,39,0,126,42
208,2022,40,0,112,60
208,2022,41,171,176,77
208,2022,42,198,180,100
208,2022,43,199,270,69
208,2022,44,207,218,77
208,2022,45,210,192,78
208,2023,1,153,24,64
208,2023,2,166,138,52
208,2023,3,140,132,36
208,2023,4,153,102,45
208,2023,5,152,124,46
209,2022,36,0,86,21
209,2022,37,0,64,22
209,2022,38,0,98,32
209,2022,39,0,126,42
209,2022,40,0,112,60
209,2022,41,212,176,77
209,2022,42,192,180,100
209,2022,43,211,270,69
209,2022,44,219,218,77
209,2022,45,205,192,78
209,2023,1,182,24,64
209,2023,2,174,138,52
209,2023,3,159,132,36
209,2023,4,176,102,45
209,2023,5,159,124,46
210,2022,36,0,86,21
210,2022,37,0,64,22
210,2022,38,0,98,32
210,2022,39,0,126,42
210,2022,40,0,112,60
210,2022,41,345,176,77
210,2022,42,325,180,100
210,2022,43,344,270,69
210,2022,44,350,218,77
210,2022,45,374,192,78
210,2023,1,275,24,64
210,2023,2,305,138,52
210,2023,3,283,132,36
210,2023,4,242,102,45
210,2023,5,263,124,46
211,2022,36,0,86,21
211,2022,37,0,64,22
211,2022,38,0,98,32
211,2022,39,0,126,42
211,2022,40,0,112,60
211,2022,41,75,176,77
211,2022,42,79,180,100
211,2022,43,79,270,69
211,2022,44,78,218,77
211,2022,45,88,192,78
211,2023,1,75,24,64
211,2023,2,67,138,52
211,2023,3,72,132,36
211,2023,4,62,102,45
211,2023,5,68,124,46
212,2022,36,0,86,21
212,2022,37,0,64,22
212,2022,38,0,98,32
212,2022,39,0,126,42
212,2022,40,0,112,60
212,2022,41,508,176,77
212,2022,42,572,180,100
212,2022,43,585,270,69
212,2022,44,606,218,77
212,2022,45,556,192,78
212,2023,1,492,24,64
212,2023,2,496,138,52
212,2023,3,493,132,36
212,2023,4,423,102,45
212,2023,5,404,124,46
213,2022,36,0,86,21
213,2022,37,0,64,22
213,2022,38,0,98,32
213,2022,39,0,126,42
213,2022,40,0,112,60
213,2022,41,276,176,77
213,2022,42,255,180,100
213,2022,43,273,270,69
213,2022,44,278,218,77
213,2022,45,264,192,78
213,2023,1,217,24,64
213,2023,2,222,138,52
213,2023,3,238,132,36
213,2023,4,217,102,45
213,2023,5,202,124,46
214,2022,36,0,86,21
214,2022,37,0,64,22
214,2022,38,0,98,32
214,2022,39,0,126,42
214,2022,40,0,112,60
214,2022,41,263,176,77
214,2022,42,248,180,100
214,2022,43,257,270,69
214,2022,44,253,218,77
214,2022,45,258,192,78
214,2023,1,224,24,64
214,2023,2,214,138,52
214,2023,3,218,132,36
214,2023,4,193,102,45
214,2023,5,182,124,46
215,2022,36,0,86,21
215,2022,37,0,64,22
215,2022,38,0,98,32
215,2022,39,0,126,42
215,2022,40,0,112,60
215,2022,41,615,176,77
215,2022,42,660,180,100
215,2022,43,679,270,69
215,2022,44,632,218,77
215,2022,45,687,192,78
215,2023,1,572,24,64
215,2023,2,560,138,52
215,2023,3,593,132,36
215,2023,4,491,102,45
215,2023,5,501,124,46
216,2022,36,0,86,21
216,2022,37,0,64,22
216,2022,38,0,98,32
216,2022,39,0,126,42
216,2022,40,0,112,60
216,2022,41,178,176,77
216,2022,42,161,180,100
216,2022,43,178,270,69
216,2022,44,170,218,77
216,2022,45,183,192,78
216,2023,1,158,24,64
216,2023,2,132,138,52
216,2023,3,141,132,36
216,2023,4,139,102,45
216,2023,5,133,124,46
217,2022,36,0,86,21
217,2022,37,0,64,22
217,2022,38,0,98,32
217,2022,39,0,126,42
217,2022,40,0,112,60
217,2022,41,460,176,77
217,2022,42,514,180,100
217,2022,43,525,270,69
217,2022,44,501,218,77
217,2022,45,520,192,78
217,2023,1,420,24,64
217,2023,2,416,138,52
217,2023,3,446,132,36
217,2023,4,417,102,45
217,2023,5,439,124,46
218,2022,36,0,86,21
218,2022,37,0,64,22
218,2022,38,0,98,32
218,2022,39,0,126,42
218,2022,40,0,112,60
218,2022,41,214,176,77
218,2022,42,218,180,100
218,2022,43,218,270,69
218,2022,44,209,218,77
218,2022,45,213,192,78
218,2023,1,173,24,64
218,2023,2,179,138,52
218,2023,3,160,132,36
218,2023,4,171,102,45
218,2023,5,165,124,46
219,2022,36,0,86,21
219,2022,37,0,64,22
219,2022,38,0,98,32
219,2022,39,0,126,42
219,2022,40,0,112,60
219,2022,41,106,176,77
219,2022,42,105,180,100
219,2022,43,123,270,69
219,2022,44,115,218,77
219,2022,45,123,192,78
219,2023,1,102,24,64
219,2023,2,88,138,52
219,2023,3,86,132,36
219,2023,4,88,102,45
219,2023,5,82,124,46
220,2022,36,0,86,21
220,2022,37,0,64,22
220,2022,38,0,98,32
220,2022,39,0,126,42
220,2022,40,0,112,60
220,2022,41,232,176,77
220,2022,42,252,180,100
220,2022,43,239,270,69
220,2022,44,253,218,77
220,2022,45,244,192,78
220,2023,1,197,24,64
220,2023,2,201,138,52
220,2023,3,209,132,36
220,2023,4,178,102,45
220,2023,5,173,124,46
221,2022,36,0,86,21
221,2022,37,0,64,22
221,2022,38,0,98,32
221,2022,39,0,126,42
221,2022,40,0,112,60
221,2022,41,214,176,77
221,2022,42,244,180,100
221,2022,43,215,270,69
221,2022,44,239,218,77
221,2022,45,241,192,78
221,2023,1,204,24,64
221,2023,2,191,138,52
221,2023,3,205,132,36
221,2023,4,174,102,45
221,2023,5,164,124,46
222,2022,36,0,86,21
222,2022,37,0,64,22
222,2022,38,0,98,32
222,2022,39,0,126,42
222,2022,40,0,112,60
222,2022,41,30,176,77
222,2022,42,30,180,100
222,2022,43,35,270,69
222,2022,44,31,218,77
222,2022,45,31,192,78
222,2023,1,25,24,64
222,2023,2,24,138,52
222,2023,3,24,132,36
222,2023,4,26,102,45
222,2023,5,23,124,46
223,2022,36,0,86,21
223,2022,37,0,64,22
223,2022,38,0,98,32
223,2022,39,0,126,42
223,2022,40,0,112,60
223,2022,41,354,176,77
223,2022,42,412,180,100
223,2022,43,424,270,69
223,2022,44,384,218,77
223,2022,45,411,192,78
223,2023,1,310,24,64
223,2023,2,356,138,52
223,2023,3,321,132,36
223,2023,4,328,102,45
223,2023,5,335,124,46
224,2022,36,0,86,21
224,2022,37,0,64,22
224,2022,38,0,98,32
224,2022,39,0,126,42
224,2022,40,0,112,60
224,2022,41,256,176,77
224,2022,42,255,180,100
224,2022,43,256,270,69
224,2022,44,266,218,77
224,2022,45,239,192,78
224,2023,1,211,24,64
224,2023,2,199,138,52
224,2023,3,200,132,36
224,2023,4,192,102,45
224,2023,5,182,124,46
225,2022,36,0,86,21
225,2022,37,0,64,22
225,2022,38,0,98,32
225,2022,39,0,126,42
225,2022,40,0,112,60
225,2022,41,227,176,77
225,2022,42,239,180,100
225,2022,43,234,270,69
225,2022,44,232,218,77
225,2022,45,226,192,78
225,2023,1,218,24,64
225,2023,2,187,138,52
225,2023,3,173,132,36
225,2023,4,186,102,45
225,2023,5,181,124,46
227,2022,36,0,86,21
227,2022,37,0,64,22
227,2022,38,0,98,32
227,2022,39,0,126,42
227,2022,40,0,112,60
227,2022,41,264,176,77
227,2022,42,248,180,100
227,2022,43,251,270,69
227,2022,44,290,218,77
227,2022,45,297,192,78
227,2023,1,246,24,64
227,2023,2,217,138,52
227,2023,3,226,132,36
227,2023,4,226,102,45
227,2023,5,201,124,46
228,2022,36,0,86,21
228,2022,37,0,64,22
228,2022,38,0,98,32
228,2022,39,0,126,42
228,2022,40,0,112,60
228,2022,41,675,176,77
228,2022,42,720,180,100
228,2022,43,687,270,69
228,2022,44,721,218,77
228,2022,45,668,192,78
228,2023,1,533,24,64
228,2023,2,518,138,52
228,2023,3,519,132,36
228,2023,4,579,102,45
228,2023,5,486,124,46
229,2022,36,0,86,21
229,2022,37,0,64,22
229,2022,38,0,98,32
229,2022,39,0,126,42
229,2022,40,0,112,60
229,2022,41,146,176,77
229,2022,42,129,180,100
229,2022,43,142,270,69
229,2022,44,144,218,77
229,2022,45,151,192,78
229,2023,1,119,24,64
229,2023,2,124,138,52
229,2023,3,122,132,36
229,2023,4,110,102,45
229,2023,5,108,124,46
230,2022,36,0,86,21
230,2022,37,0,64,22
230,2022,38,0,98,32
230,2022,39,0,126,42
230,2022,40,0,112,60
230,2022,41,112,176,77
230,2022,42,105,180,100
230,2022,43,114,270,69
230,2022,44,119,218,77
230,2022,45,115,192,78
230,2023,1,96,24,64
230,2023,2,95,138,52
230,2023,3,86,132,36
230,2023,4,86,102,45
230,2023,5,81,124,46
231,2022,36,0,86,21
231,2022,37,0,64,22
231,2022,38,0,98,32
231,2022,39,0,126,42
231,2022,40,0,112,60
231,2022,41,234,176,77
231,2022,42,275,180,100
231,2022,43,242,270,69
231,2022,44,255,218,77
231,2022,45,279,192,78
231,2023,1,240,24,64
231,2023,2,209,138,52
231,2023,3,214,132,36
231,2023,4,221,102,45
231,2023,5,196,124,46
232,2022,36,0,86,21
232,2022,37,0,64,22
232,2022,38,0,98,32
232,2022,39,0,126,42
232,2022,40,0,112,60
232,2022,41,281,176,77
232,2022,42,281,180,100
232,2022,43,312,270,69
232,2022,44,281,218,77
232,2022,45,283,192,78
232,2023,1,261,24,64
232,2023,2,251,138,52
232,2023,3,256,132,36
232,2023,4,252,102,45
232,2023,5,251,124,46
233,2022,36,0,86,21
233,2022,37,0,64,22
233,2022,38,0,98,32
233,2022,39,0,126,42
233,2022,40,0,112,60
233,2022,41,348,176,77
233,2022,42,325,180,100
233,2022,43,340,270,69
233,2022,44,331,218,77
233,2022,45,349,192,78
233,2023,1,288,24,64
233,2023,2,269,138,52
233,2023,3,258,132,36
233,2023,4,272,102,45
233,2023,5,242,124,46
234,2022,36,0,86,21
234,2022,37,0,64,22
234,2022,38,0,98,32
234,2022,39,0,126,42
234,2022,40,0,112,60
234,2022,41,210,176,77
234,2022,42,214,180,100
234,2022,43,226,270,69
234,2022,44,246,218,77
234,2022,45,251,192,78
234,2023,1,182,24,64
234,2023,2,198,138,52
234,2023,3,202,132,36
234,2023,4,180,102,45
234,2023,5,164,124,46
235,2022,36,0,86,21
235,2022,37,0,64,22
235,2022,38,0,98,32
235,2022,39,0,126,42
235,2022,40,0,112,60
235,2022,41,284,176,77
235,2022,42,289,180,100
235,2022,43,301,270,69
235,2022,44,332,218,77
235,2022,45,309,192,78
235,2023,1,250,24,64
235,2023,2,259,138,52
235,2023,3,273,132,36
235,2023,4,264,102,45
235,2023,5,221,124,46
236,2022,36,0,86,21
236,2022,37,0,64,22
236,2022,38,0,98,32
236,2022,39,0,126,42
236,2022,40,0,112,60
236,2022,41,235,176,77
236,2022,42,239,180,100
236,2022,43,254,270,69
236,2022,44,239,218,77
236,2022,45,239,192,78
236,2023,1,195,24,64
236,2023,2,206,138,52
236,2023,3,210,132,36
236,2023,4,191,102,45
236,2023,5,205,124,46
237,2022,36,0,86,21
237,2022,37,0,64,22
237,2022,38,0,98,32
237,2022,39,0,126,42
237,2022,40,0,112,60
237,2022,41,250,176,77
237,2022,42,251,180,100
237,2022,43,257,270,69
237,2022,44,259,218,77
237,2022,45,282,192,78
237,2023,1,228,24,64
237,2023,2,213,138,52
237,2023,3,203,132,36
237,2023,4,213,102,45
237,2023,5,197,124,46
238,2022,36,0,86,21
238,2022,37,0,64,22
238,2022,38,0,98,32
238,2022,39,0,126,42
238,2022,40,0,112,60
238,2022,41,183,176,77
238,2022,42,189,180,100
238,2022,43,209,270,69
238,2022,44,191,218,77
238,2022,45,214,192,78
238,2023,1,174,24,64
238,2023,2,180,138,52
238,2023,3,169,132,36
238,2023,4,173,102,45
238,2023,5,172,124,46
239,2022,36,0,86,21
239,2022,37,0,64,22
239,2022,38,0,98,32
239,2022,39,0,126,42
239,2022,40,0,112,60
239,2022,41,263,176,77
239,2022,42,297,180,100
239,2022,43,287,270,69
239,2022,44,273,218,77
239,2022,45,282,192,78
239,2023,1,264,24,64
239,2023,2,222,138,52
239,2023,3,228,132,36
239,2023,4,240,102,45
239,2023,5,213,124,46
240,2022,36,0,86,21
240,2022,37,0,64,22
240,2022,38,0,98,32
240,2022,39,0,126,42
240,2022,40,0,112,60
240,2022,41,254,176,77
240,2022,42,251,180,100
240,2022,43,234,270,69
240,2022,44,239,218,77
240,2022,45,259,192,78
240,2023,1,195,24,64
240,2023,2,222,138,52
240,2023,3,198,132,36
240,2023,4,190,102,45
240,2023,5,211,124,46
241,2022,36,0,86,21
241,2022,37,0,64,22
241,2022,38,0,98,32
241,2022,39,0,126,42
241,2022,40,0,112,60
241,2022,41,123,176,77
241,2022,42,139,180,100
241,2022,43,143,270,69
241,2022,44,140,218,77
241,2022,45,150,192,78
241,2023,1,114,24,64
241,2023,2,111,138,52
241,2023,3,102,132,36
241,2023,4,107,102,45
241,2023,5,105,124,46
242,2022,36,0,86,21
242,2022,37,0,64,22
242,2022,38,0,98,32
242,2022,39,0,126,42
242,2022,40,0,112,60
242,2022,41,237,176,77
242,2022,42,224,180,100
242,2022,43,243,270,69
242,2022,44,239,218,77
242,2022,45,221,192,78
242,2023,1,213,24,64
242,2023,2,202,138,52
242,2023,3,197,132,36
242,2023,4,176,102,45
242,2023,5,190,124,46
243,2022,36,0,86,21
243,2022,37,0,64,22
243,2022,38,0,98,32
243,2022,39,0,126,42
243,2022,40,0,112,60
243,2022,41,534,176,77
243,2022,42,533,180,100
243,2022,43,558,270,69
243,2022,44,589,218,77
243,2022,45,637,192,78
243,2023,1,444,24,64
243,2023,2,473,138,52
243,2023,3,509,132,36
243,2023,4,448,102,45
243,2023,5,460,124,46
244,2022,36,0,86,21
244,2022,37,0,64,22
244,2022,38,0,98,32
244,2022,39,0,126,42
244,2022,40,0,112,60
244,2022,41,259,176,77
244,2022,42,269,180,100
244,2022,43,303,270,69
244,2022,44,262,218,77
244,2022,45,291,192,78
244,2023,1,229,24,64
244,2023,2,230,138,52
244,2023,3,203,132,36
244,2023,4,220,102,45
244,2023,5,222,124,46
245,2022,36,0,86,21
245,2022,37,0,64,22
245,2022,38,0,98,32
245,2022,39,0,126,42
245,2022,40,0,112,60
245,2022,41,329,176,77
245,2022,42,339,180,100
245,2022,43,349,270,69
245,2022,44,326,218,77
245,2022,45,388,192,78
245,2023,1,305,24,64
245,2023,2,266,138,52
245,2023,3,279,132,36
245,2023,4,261,102,45
245,2023,5,247,124,46
246,2022,36,0,86,21
246,2022,37,0,64,22
246,2022,38,0,98,32
246,2022,39,0,126,42
246,2022,40,0,112,60
246,2022,41,211,176,77
246,2022,42,210,180,100
246,2022,43,227,270,69
246,2022,44,226,218,77
246,2022,45,210,192,78
246,2023,1,186,24,64
246,2023,2,191,138,52
246,2023,3,180,132,36
246,2023,4,189,102,45
246,2023,5,152,124,46
247,2022,36,0,86,21
247,2022,37,0,64,22
247,2022,38,0,98,32
247,2022,39,0,126,42
247,2022,40,0,112,60
247,2022,41,204,176,77
247,2022,42,201,180,100
247,2022,43,235,270,69
247,2022,44,237,218,77
247,2022,45,208,192,78
247,2023,1,184,24,64
247,2023,2,163,138,52
247,2023,3,180,132,36
247,2023,4,158,102,45
247,2023,5,177,124,46
248,2022,36,0,86,21
248,2022,37,0,64,22
248,2022,38,0,98,32
248,2022,39,0,126,42
248,2022,40,0,112,60
248,2022,41,254,176,77
248,2022,42,254,180,100
248,2022,43,278,270,69
248,2022,44,253,218,77
248,2022,45,281,192,78
248,2023,1,219,24,64
248,2023,2,225,138,52
248,2023,3,214,132,36
248,2023,4,197,102,45
248,2023,5,223,124,46
249,2022,36,0,86,21
249,2022,37,0,64,22
249,2022,38,0,98,32
249,2022,39,0,126,42
249,2022,40,0,112,60
249,2022,41,402,176,77
249,2022,42,448,180,100
249,2022,43,406,270,69
249,2022,44,450,218,77
249,2022,45,489,192,78
249,2023,1,368,24,64
249,2023,2,375,138,52
249,2023,3,338,132,36
249,2023,4,338,102,45
249,2023,5,371,124,46
250,2022,36,0,86,21
250,2022,37,0,64,22
250,2022,38,0,98,32
250,2022,39,0,126,42
250,2022,40,0,112,60
250,2022,41,145,176,77
250,2022,42,154,180,100
250,2022,43,150,270,69
250,2022,44,153,218,77
250,2022,45,148,192,78
250,2023,1,125,24,64
250,2023,2,109,138,52
250,2023,3,129,132,36
250,2023,4,106,102,45
250,2023,5,110,124,46
251,2022,36,0,86,21
251,2022,37,0,64,22
251,2022,38,0,98,32
251,2022,39,0,126,42
251,2022,40,0,112,60
251,2022,41,154,176,77
251,2022,42,153,180,100
251,2022,43,149,270,69
251,2022,44,156,218,77
251,2022,45,173,192,78
251,2023,1,144,24,64
251,2023,2,123,138,52
251,2023,3,125,132,36
251,2023,4,136,102,45
251,2023,5,119,124,46
252,2022,36,0,86,21
252,2022,37,0,64,22
252,2022,38,0,98,32
252,2022,39,0,126,42
252,2022,40,0,112,60
252,2022,41,423,176,77
252,2022,42,449,180,100
252,2022,43,441,270,69
252,2022,44,437,218,77
252,2022,45,497,192,78
252,2023,1,408,24,64
252,2023,2,344,138,52
252,2023,3,363,132,36
252,2023,4,351,102,45
252,2023,5,320,124,46
253,2022,36,0,86,21
253,2022,37,0,64,22
253,2022,38,0,98,32
253,2022,39,0,126,42
253,2022,40,0,112,60
253,2022,41,273,176,77
253,2022,42,294,180,100
253,2022,43,298,270,69
253,2022,44,273,218,77
253,2022,45,296,192,78
253,2023,1,245,24,64
253,2023,2,215,138,52
253,2023,3,256,132,36
253,2023,4,211,102,45
253,2023,5,248,124,46
254,2022,36,0,86,21
254,2022,37,0,64,22
254,2022,38,0,98,32
254,2022,39,0,126,42
254,2022,40,0,112,60
254,2022,41,301,176,77
254,2022,42,328,180,100
254,2022,43,327,270,69
254,2022,44,299,218,77
254,2022,45,309,192,78
254,2023,1,279,24,64
254,2023,2,260,138,52
254,2023,3,275,132,36
254,2023,4,267,102,45
254,2023,5,230,124,46
255,2022,36,0,86,21
255,2022,37,0,64,22
255,2022,38,0,98,32
255,2022,39,0,126,42
255,2022,40,0,112,60
255,2022,41,198,176,77
255,2022,42,185,180,100
255,2022,43,195,270,69
255,2022,44,185,218,77
255,2022,45,201,192,78
255,2023,1,172,24,64
255,2023,2,148,138,52
255,2023,3,160,132,36
255,2023,4,159,102,45
255,2023,5,132,124,46
256,2022,36,0,86,21
256,2022,37,0,64,22
256,2022,38,0,98,32
256,2022,39,0,126,42
256,2022,40,0,112,60
256,2022,41,80,176,77
256,2022,42,74,180,100
256,2022,43,81,270,69
256,2022,44,76,218,77
256,2022,45,76,192,78
256,2023,1,61,24,64
256,2023,2,65,138,52
256,2023,3,67,132,36
256,2023,4,56,102,45
256,2023,5,66,124,46
257,2022,36,0,86,21
257,2022,37,0,64,22
257,2022,38,0,98,32
257,2022,39,0,126,42
257,2022,40,0,112,60
257,2022,41,334,176,77
257,2022,42,384,180,100
257,2022,43,400,270,69
257,2022,44,403,218,77
257,2022,45,365,192,78
257,2023,1,334,24,64
257,2023,2,303,138,52
257,2023,3,339,132,36
257,2023,4,329,102,45
257,2023,5,326,124,46
258,2022,36,0,86,21
258,2022,37,0,64,22
258,2022,38,0,98,32
258,2022,39,0,126,42
258,2022,40,0,112,60
258,2022,41,281,176,77
258,2022,42,291,180,100
258,2022,43,319,270,69
258,2022,44,328,218,77
258,2022,45,339,192,78
258,2023,1,275,24,64
258,2023,2,258,138,52
258,2023,3,265,132,36
258,2023,4,258,102,45
258,2023,5,250,124,46
259,2022,36,0,86,21
259,2022,37,0,64,22
259,2022,38,0,98,32
259,2022,39,0,126,42
259,2022,40,0,112,60
259,2022,41,351,176,77
259,2022,42,369,180,100
259,2022,43,371,270,69
259,2022,44,401,218,77
259,2022,45,364,192,78
259,2023,1,312,24,64
259,2023,2,280,138,52
259,2023,3,317,132,36
259,2023,4,297,102,45
259,2023,5,254,124,46
260,2022,36,0,86,21
260,2022,37,0,64,22
260,2022,38,0,98,32
260,2022,39,0,126,42
260,2022,40,0,112,60
260,2022,41,298,176,77
260,2022,42,287,180,100
260,2022,43,313,270,69
260,2022,44,317,218,77
260,2022,45,331,192,78
260,2023,1,255,24,64
260,2023,2,255,138,52
260,2023,3,259,132,36
260,2023,4,236,102,45
260,2023,5,247,124,46
261,2022,36,0,86,21
261,2022,37,0,64,22
261,2022,38,0,98,32
261,2022,39,0,126,42
261,2022,40,0,112,60
261,2022,41,197,176,77
261,2022,42,193,180,100
261,2022,43,174,270,69
261,2022,44,195,218,77
261,2022,45,205,192,78
261,2023,1,170,24,64
261,2023,2,140,138,52
261,2023,3,149,132,36
261,2023,4,151,102,45
261,2023,5,163,124,46
262,2022,36,0,86,21
262,2022,37,0,64,22
262,2022,38,0,98,32
262,2022,39,0,126,42
262,2022,40,0,112,60
262,2022,41,329,176,77
262,2022,42,336,180,100
262,2022,43,361,270,69
262,2022,44,387,218,77
262,2022,45,361,192,78
262,2023,1,285,24,64
262,2023,2,311,138,52
262,2023,3,309,132,36
262,2023,4,291,102,45
262,2023,5,285,124,46
263,2022,36,0,86,21
263,2022,37,0,64,22
263,2022,38,0,98,32
263,2022,39,0,126,42
263,2022,40,0,112,60
263,2022,41,160,176,77
263,2022,42,150,180,100
263,2022,43,148,270,69
263,2022,44,143,218,77
263,2022,45,148,192,78
263,2023,1,140,24,64
263,2023,2,138,138,52
263,2023,3,133,132,36
263,2023,4,127,102,45
263,2023,5,106,124,46
264,2022,36,0,86,21
264,2022,37,0,64,22
264,2022,38,0,98,32
264,2022,39,0,126,42
264,2022,40,0,112,60
264,2022,41,525,176,77
264,2022,42,464,180,100
264,2022,43,464,270,69
264,2022,44,510,218,77
264,2022,45,493,192,78
264,2023,1,403,24,64
264,2023,2,417,138,52
264,2023,3,370,132,36
264,2023,4,440,102,45
264,2023,5,352,124,46
265,2022,36,0,86,21
265,2022,37,0,64,22
265,2022,38,0,98,32
265,2022,39,0,126,42
265,2022,40,0,112,60
265,2022,41,270,176,77
265,2022,42,277,180,100
265,2022,43,284,270,69
265,2022,44,304,218,77
265,2022,45,293,192,78
265,2023,1,253,24,64
265,2023,2,274,138,52
265,2023,3,224,132,36
265,2023,4,262,102,45
265,2023,5,241,124,46
266,2022,36,0,86,21
266,2022,37,0,64,22
266,2022,38,0,98,32
266,2022,39,0,126,42
266,2022,40,0,112,60
266,2022,41,468,176,77
266,2022,42,468,180,100
266,2022,43,512,270,69
266,2022,44,472,218,77
266,2022,45,528,192,78
266,2023,1,464,24,64
266,2023,2,442,138,52
266,2023,3,369,132,36
266,2023,4,396,102,45
266,2023,5,389,124,46
267,2022,36,0,86,21
267,2022,37,0,64,22
267,2022,38,0,98,32
267,2022,39,0,126,42
267,2022,40,0,112,60
267,2022,41,105,176,77
267,2022,42,115,180,100
267,2022,43,122,270,69
267,2022,44,127,218,77
267,2022,45,126,192,78
267,2023,1,111,24,64
267,2023,2,97,138,52
267,2023,3,94,132,36
267,2023,4,103,102,45
267,2023,5,83,124,46
268,2022,36,0,86,21
268,2022,37,0,64,22
268,2022,38,0,98,32
268,2022,39,0,126,42
268,2022,40,0,112,60
268,2022,41,254,176,77
268,2022,42,236,180,100
268,2022,43,227,270,69
268,2022,44,239,218,77
268,2022,45,264,192,78
268,2023,1,201,24,64
268,2023,2,211,138,52
268,2023,3,180,132,36
268,2023,4,192,102,45
268,2023,5,207,124,46
269,2022,36,0,86,21
269,2022,37,0,64,22
269,2022,38,0,98,32
269,2022,39,0,126,42
269,2022,40,0,112,60
269,2022,41,241,176,77
269,2022,42,224,180,100
269,2022,43,263,270,69
269,2022,44,241,218,77
269,2022,45,261,192,78
269,2023,1,186,24,64
269,2023,2,193,138,52
269,2023,3,196,132,36
269,2023,4,177,102,45
269,2023,5,209,124,46
270,2022,36,0,86,21
270,2022,37,0,64,22
270,2022,38,0,98,32
270,2022,39,0,126,42
270,2022,40,0,112,60
270,2022,41,267,176,77
270,2022,42,249,180,100
270,2022,43,247,270,69
270,2022,44,278,218,77
270,2022,45,262,192,78
270,2023,1,233,24,64
270,2023,2,202,138,52
270,2023,3,215,132,36
270,2023,4,195,102,45
270,2023,5,191,124,46
271,2022,36,0,86,21
271,2022,37,0,64,22
271,2022,38,0,98,32
271,2022,39,0,126,42
271,2022,40,0,112,60
271,2022,41,248,176,77
271,2022,42,255,180,100
271,2022,43,245,270,69
271,2022,44,261,218,77
271,2022,45,244,192,78
271,2023,1,206,24,64
271,2023,2,197,138,52
271,2023,3,214,132,36
271,2023,4,196,102,45
271,2023,5,170,124,46
272,2022,36,0,86,21
272,2022,37,0,64,22
272,2022,38,0,98,32
272,2022,39,0,126,42
272,2022,40,0,112,60
272,2022,41,216,176,77
272,2022,42,232,180,100
272,2022,43,218,270,69
272,2022,44,238,218,77
272,2022,45,235,192,78
272,2023,1,182,24,64
272,2023,2,198,138,52
272,2023,3,181,132,36
272,2023,4,157,102,45
272,2023,5,157,124,46
273,2022,36,0,86,21
273,2022,37,0,64,22
273,2022,38,0,98,32
273,2022,39,0,126,42
273,2022,40,0,112,60
273,2022,41,156,176,77
273,2022,42,152,180,100
273,2022,43,150,270,69
273,2022,44,156,218,77
273,2022,45,167,192,78
273,2023,1,144,24,64
273,2023,2,117,138,52
273,2023,3,132,132,36
273,2023,4,134,102,45
273,2023,5,110,124,46
274,2022,36,0,86,21
274,2022,37,0,64,22
274,2022,38,0,98,32
274,2022,39,0,126,42
274,2022,40,0,112,60
274,2022,41,331,176,77
274,2022,42,316,180,100
274,2022,43,326,270,69
274,2022,44,305,218,77
274,2022,45,345,192,78
274,2023,1,274,24,64
274,2023,2,274,138,52
274,2023,3,233,132,36
274,2023,4,238,102,45
274,2023,5,235,124,46
275,2022,36,0,86,21
275,2022,37,0,64,22
275,2022,38,0,98,32
275,2022,39,0,126,42
275,2022,40,0,112,60
275,2022,41,112,176,77
275,2022,42,115,180,100
275,2022,43,119,270,69
275,2022,44,121,218,77
275,2022,45,115,192,78
275,2023,1,101,24,64
275,2023,2,89,138,52
275,2023,3,93,132,36
275,2023,4,98,102,45
275,2023,5,95,124,46
276,2022,36,0,86,21
276,2022,37,0,64,22
276,2022,38,0,98,32
276,2022,39,0,126,42
276,2022,40,0,112,60
276,2022,41,273,176,77
276,2022,42,276,180,100
276,2022,43,305,270,69
276,2022,44,289,218,77
276,2022,45,292,192,78
276,2023,1,240,24,64
276,2023,2,248,138,52
276,2023,3,259,132,36
276,2023,4,233,102,45
276,2023,5,214,124,46
277,2022,36,0,86,21
277,2022,37,0,64,22
277,2022,38,0,98,32
277,2022,39,0,126,42
277,2022,40,0,112,60
277,2022,41,385,176,77
277,2022,42,419,180,100
277,2022,43,453,270,69
277,2022,44,399,218,77
277,2022,45,419,192,78
277,2023,1,338,24,64
277,2023,2,348,138,52
277,2023,3,313,132,36
277,2023,4,374,102,45
277,2023,5,317,124,46
278,2022,36,0,86,21
278,2022,37,0,64,22
278,2022,38,0,98,32
278,2022,39,0,126,42
278,2022,40,0,112,60
278,2022,41,188,176,77
278,2022,42,205,180,100
278,2022,43,191,270,69
278,2022,44,212,218,77
278,2022,45,208,192,78
278,2023,1,157,24,64
278,2023,2,180,138,52
278,2023,3,148,132,36
278,2023,4,142,102,45
278,2023,5,161,124,46
279,2022,36,0,86,21
279,2022,37,0,64,22
279,2022,38,0,98,32
279,2022,39,0,126,42
279,2022,40,0,112,60
279,2022,41,151,176,77
279,2022,42,168,180,100
279,2022,43,160,270,69
279,2022,44,183,218,77
279,2022,45,177,192,78
279,2023,1,148,24,64
279,2023,2,128,138,52
279,2023,3,134,132,36
279,2023,4,124,102,45
279,2023,5,128,124,46
280,2022,36,0,86,21
280,2022,37,0,64,22
280,2022,38,0,98,32
280,2022,39,0,126,42
280,2022,40,0,112,60
280,2022,41,287,176,77
280,2022,42,298,180,100
280,2022,43,347,270,69
280,2022,44,341,218,77
280,2022,45,311,192,78
280,2023,1,298,24,64
280,2023,2,276,138,52
280,2023,3,270,132,36
280,2023,4,283,102,45
280,2023,5,251,124,46
281,2022,36,0,86,21
281,2022,37,0,64,22
281,2022,38,0,98,32
281,2022,39,0,126,42
281,2022,40,0,112,60
281,2022,41,351,176,77
281,2022,42,371,180,100
281,2022,43,376,270,69
281,2022,44,359,218,77
281,2022,45,391,192,78
281,2023,1,323,24,64
281,2023,2,320,138,52
281,2023,3,261,132,36
281,2023,4,251,102,45
281,2023,5,284,124,46
282,2022,36,0,86,21
282,2022,37,0,64,22
282,2022,38,0,98,32
282,2022,39,0,126,42
282,2022,40,0,112,60
282,2022,41,101,176,77
282,2022,42,99,180,100
282,2022,43,102,270,69
282,2022,44,108,218,77
282,2022,45,124,192,78
282,2023,1,99,24,64
282,2023,2,99,138,52
282,2023,3,97,132,36
282,2023,4,85,102,45
282,2023,5,91,124,46
283,2022,36,0,86,21
283,2022,37,0,64,22
283,2022,38,0,98,32
283,2022,39,0,126,42
283,2022,40,0,112,60
283,2022,41,124,176,77
283,2022,42,132,180,100
283,2022,43,129,270,69
283,2022,44,124,218,77
283,2022,45,140,192,78
283,2023,1,118,24,64
283,2023,2,101,138,52
283,2023,3,108,132,36
283,2023,4,107,102,45
283,2023,5,93,124,46
284,2022,36,0,86,21
284,2022,37,0,64,22
284,2022,38,0,98,32
284,2022,39,0,126,42
284,2022,40,0,112,60
284,2022,41,382,176,77
284,2022,42,382,180,100
284,2022,43,401,270,69
284,2022,44,373,218,77
284,2022,45,401,192,78
284,2023,1,337,24,64
284,2023,2,289,138,52
284,2023,3,326,132,36
284,2023,4,294,102,45
284,2023,5,263,124,46
285,2022,36,0,86,21
285,2022,37,0,64,22
285,2022,38,0,98,32
285,2022,39,0,126,42
285,2022,40,0,112,60
285,2022,41,445,176,77
285,2022,42,456,180,100
285,2022,43,445,270,69
285,2022,44,447,218,77
285,2022,45,454,192,78
285,2023,1,390,24,64
285,2023,2,374,138,52
285,2023,3,366,132,36
285,2023,4,364,102,45
285,2023,5,331,124,46
286,2022,36,0,86,21
286,2022,37,0,64,22
286,2022,38,0,98,32
286,2022,39,0,126,42
286,2022,40,0,112,60
286,2022,41,351,176,77
286,2022,42,368,180,100
286,2022,43,385,270,69
286,2022,44,360,218,77
286,2022,45,389,192,78
286,2023,1,335,24,64
286,2023,2,304,138,52
286,2023,3,272,132,36
286,2023,4,273,102,45
286,2023,5,306,124,46
123,2022,36,NA,86,21
165,2022,36,NA,86,21
171,2022,36,NA,86,21
226,2022,36,NA,86,21
123,2022,37,NA,64,22
165,2022,37,NA,64,22
171,2022,37,NA,64,22
226,2022,37,NA,64,22
123,2022,38,NA,98,32
165,2022,38,NA,98,32
171,2022,38,NA,98,32
226,2022,38,NA,98,32
123,2022,39,NA,126,42
165,2022,39,NA,126,42
171,2022,39,NA,126,42
226,2022,39,NA,126,42
123,2022,40,NA,112,60
165,2022,40,NA,112,60
171,2022,40,NA,112,60
226,2022,40,NA,112,60
123,2022,41,NA,176,77
165,2022,41,NA,176,77
171,2022,41,NA,176,77
226,2022,41,NA,176,77
123,2022,42,NA,180,100
165,2022,42,NA,180,100
171,2022,42,NA,180,100
226,2022,42,NA,180,100
123,2022,43,NA,270,69
165,2022,43,NA,270,69
171,2022,43,NA,270,69
226,2022,43,NA,270,69
123,2022,44,NA,218,77
165,2022,44,NA,218,77
171,2022,44,NA,218,77
226,2022,44,NA,218,77
123,2022,45,NA,192,78
165,2022,45,NA,192,78
171,2022,45,NA,192,78
226,2022,45,NA,192,78
123,2023,1,NA,24,64
165,2023,1,NA,24,64
171,2023,1,NA,24,64
226,2023,1,NA,24,64
123,2023,2,NA,138,52
165,2023,2,NA,138,52
171,2023,2,NA,138,52
226,2023,2,NA,138,52
123,2023,3,NA,132,36
165,2023,3,NA,132,36
171,2023,3,NA,132,36
226,2023,3,NA,132,36
123,2023,4,NA,102,45
165,2023,4,NA,102,45
171,2023,4,NA,102,45
226,2023,4,NA,102,45
123,2023,5,NA,124,46
165,2023,5,NA,124,46
171,2023,5,NA,124,46
226,2023,5,NA,124,46
