CMUN,dist,nsec,t3_1,t1_1,t2_1,t2_2,t4_1,t4_2,t4_3,t5_1,t6_1,t7_1,t8_1,t9_1,t10_1,t11_1,t12_1,X,Y,densidad_hab_km,area_km2
001,01,1,NA,55,NA,NA,NA,NA,NA,NA,NA,NA,NA,NA,NA,NA,NA,-3.6357096757488843,41.09314744936873,2.5140017143712776,21.87747115906596
002,01,2,39.40747137492176,4793,0.4777851450031295,0.5222148549968705,0.16962893803463383,0.7218957646567912,0.10847529730857501,0.15562991863133738,0.1959363446693094,0.4131831420822032,0.4099532234508658,0.44079899853953686,0.10715222199040267,0.6008132484873775,0.6730931775505946,-3.480170836365695,40.52396052951404,242.60222398090656,19.756620204673894
003,01,1,47.459700000000005,248,0.39520000000000005,0.6048,0.1371,0.6573,0.20559999999999998,0.11290000000000001,0.1411,0.1542,0.1449,0.528,0.0932,0.5,0.5514,-3.8499607063285315,40.920328476831855,9.647116821896812,25.70716252104412
004,01,4,41.46662452242107,9946,0.5015108686909311,0.498489131309069,0.1810683591393525,0.6420632716670018,0.17684664186607682,0.15474241906293987,0.1912543032374824,0.1573245123667806,0.15046839935652523,0.2942033581339232,0.16675871707218984,0.4777910315704806,0.5729138548160064,-3.989258520908965,40.23239855077072,451.61844658291426,22.02301539109957
005,01,23,45.998771173321295,31006,0.5298302554344321,0.4701697445655679,0.11419778429981293,0.6427127072179578,0.24307467264400437,0.1964784944849384,0.24000692446623234,0.07438074888731212,0.06545226730310262,0.3850912533058118,0.14129129200799845,0.45656793201315876,0.5316056859962588,-3.364637891486297,40.482675740367334,17549.383204121485,1.7667857405221068
005,02,36,42.751309260115825,54049,0.5115034912764344,0.48849650872356565,0.14681027771096597,0.6644351440359674,0.18876027678587948,0.18272495328313199,0.2147110510832763,0.056968053062961384,0.0459807545005458,0.22351837221780235,0.18975353105515366,0.45885577161464597,0.5641214305537567,-3.3923886480611913,40.4654579668107,3311.637201172614,16.320930318351856
005,03,16,41.42790214461002,28117,0.5083306078173347,0.49166939218266525,0.16985808941209946,0.6688122701568445,0.1613348899242451,0.17795308532204715,0.2021170537397304,0.06638435821744852,0.055313714123128355,0.34539506348472454,0.14233095991748765,0.5266065334139489,0.6100338798591599,-3.407420873356339,40.505779599246765,994.7626664891499,28.265033406645927
005,04,18,36.86568998916912,38778,0.5056366290164526,0.4943633709835474,0.21296218990149052,0.7023029939656507,0.08472624941977411,0.06114384960544639,0.09188230182061993,0.088169425963175,0.0743644437567693,0.47321378100985095,0.09724364330290372,0.6201590231574604,0.686019807622879,-3.3535761176202783,40.51395863656071,2564.4256641181346,15.121514552980868
005,05,32,45.96146692572214,43620,0.5196189912883998,0.48038100871160017,0.12073936038514442,0.6332725974323704,0.2459880788629069,0.17692389270976616,0.20552079321412195,0.0635397890875745,0.05499608207244383,0.3239683356258597,0.1590280628152224,0.43772630215497477,0.5203103278312701,-3.327083456770819,40.49086422793466,1619.0477469272564,26.941762577901194
006,01,67,40.89541231960306,116895,0.5220080465374909,0.4779919534625091,0.17339794345352666,0.6579805252577099,0.16861497925488686,0.14532845630694213,0.2271027084135335,0.06842997048633388,0.0576246571709654,0.4468359707429745,0.10299495359082939,0.524372076649985,0.5837953342743488,-3.6301152964680927,40.53457711865611,2582.0698712639237,45.271819055299176
007,01,19,40.904350177293736,31586,0.5098699867029697,0.4901300132970303,0.17602696764389286,0.6600037548280884,0.16396783068448048,0.16007548280883935,0.2327286424365225,0.055170429937314,0.04442678401823593,0.38418312860127907,0.14227224403216615,0.5304098018109289,0.61300636991072,-3.844486706088623,40.366026271788854,1392.4079599255504,22.684443718411988
007,02,37,45.84425883776247,48768,0.5276397453248032,0.4723602546751969,0.13623898868110237,0.6154037709153544,0.24836890789041996,0.06816554297900262,0.11318729084645669,0.06959557906824146,0.05461468175853019,0.43469731381233595,0.11520343873031495,0.47278417814960627,0.5333161068733596,-3.8084514736726653,40.35478448600702,13065.452391079623,3.7325917649277973
007,03,29,48.67984787795576,32775,0.527090468344775,0.472909531655225,0.11484499466056446,0.5554535621662853,0.3296987551487414,0.1276254004576659,0.1746506788710908,0.041477449275362316,0.029979185354691077,0.29590043325705573,0.14325089855072465,0.40809642105263155,0.47688572082379865,-3.815548232798186,40.34306209073186,21690.00682907126,1.51106453115872
007,04,35,41.47208080621429,58446,0.5142876415836841,0.48571235841631594,0.17726387947849298,0.644620940697396,0.17811451083051022,0.0955190859939089,0.14538499469595864,0.053036774116278274,0.03980629983232385,0.38371525852924065,0.12904399103445915,0.5519713752865893,0.6277406015809465,-3.8329699313329813,40.33461603205787,10292.00680499435,5.678775879903053
008,01,1,42.3207,3078,0.4899,0.5101,0.178,0.6313,0.1907,0.1628,0.1878,0.0344,0.0245,0.22449999999999998,0.20279999999999998,0.44899999999999995,0.5632,-4.223782566860321,40.30926740828864,59.56478815396063,51.67482493254423
009,01,9,39.85820684891809,20704,0.5094247729907264,0.4905752270092736,0.17713068489180833,0.6895596889489953,0.13330534196290572,0.11217029076506956,0.1725384563369397,0.07715482515455951,0.0605493865919629,0.40455891132148375,0.10367784486089644,0.5341627125193199,0.5973146155332303,-3.5299276364910743,40.608218157056484,545.5445475722921,37.95107125922918
010,01,8,40.574972638028726,15178,0.5095978785083675,0.49040212149163265,0.1794548161813151,0.6811852879167216,0.13935584398471473,0.09019803004348398,0.13591695875609436,0.07535910528396364,0.05609451179338516,0.5401626564764791,0.1091547173540651,0.5449263407563579,0.6118953682962183,-4.020814215631895,40.6618418174609,1198.0854914732286,12.668545031236741
011,01,1,45.5249,663,0.4991999999999999,0.5008,0.1357,0.6561,0.2081,0.187,0.2021,0.0157,0.012200000000000003,0.23209999999999997,0.2484,0.4171,0.555,-3.176684203863506,40.340776229675775,25.682296012957075,25.815448886092867
012,01,1,39.2952,1365,0.4842,0.5158,0.1978,0.6696,0.1326,0.0989,0.11360000000000002,0.0557,0.0466,0.2922,0.1545,0.5397,0.6384,-3.276866225915073,40.46646425785261,62.780195994983615,21.742525303824614
013,01,9,42.0042264908335,14673,0.5182340693791317,0.48176593062086825,0.17617420432086145,0.6371633203843795,0.18666914059837797,0.15860414366523545,0.18680990935732297,0.05389065630750358,0.04168970898930008,0.36447459278947725,0.1700310093368773,0.46546190962993256,0.558819655148913,-3.589341469202484,40.03580360594406,10018.557152263536,1.4645821525991758
013,02,8,42.07469009948174,16787,0.5174180615952821,0.4825819384047179,0.16035501280752962,0.6609314350390183,0.1787211115744326,0.15954221123488413,0.19391052004527315,0.05668432120092929,0.0426000416989337,0.33341944957407516,0.1676199976172038,0.4651762375647823,0.5581424137725621,-3.5919830360323126,40.028964823803356,11027.893477629425,1.5222308806349263
013,03,10,41.744593465368695,17874,0.5124264798030659,0.4875735201969341,0.16778516280631087,0.6576017623363545,0.17461307485733465,0.11110735705494014,0.1514647868412219,0.05480882846592817,0.04044138413337809,0.32919206109432697,0.1572412666442878,0.4783865223229271,0.5662552422513147,-3.6124959536648245,40.02518220728985,7696.288226536837,2.3224182195217646
013,04,5,37.32378924413233,10822,0.49704910367769356,0.5029508963223064,0.2236962114211791,0.6611610608020698,0.11514272777675108,0.1188483459619294,0.1724268527074478,0.07045501755682869,0.05656104232119756,0.44457349842912586,0.13681077434854924,0.5532636296433191,0.6374372019959342,-3.6816077135673777,39.993576247244626,58.74252582175083,184.22769277641265
014,01,26,38.91673680014206,56315,0.5001971375299654,0.49980286247003464,0.19172176684719883,0.682430267246737,0.12584480156263872,0.21791138950546038,0.2324647358607831,0.045112289798455114,0.032772327088697505,0.2757076924442866,0.16285281896475184,0.5498173293083548,0.6541103560330285,-3.445494141785985,40.292364780002885,700.9487213903913,80.34111238307764
015,01,14,33.8256487217466,33757,0.5017269721835471,0.4982730278164529,0.26663129128773294,0.6700694670734959,0.06326854578309683,0.06608400924252748,0.1107041591373641,0.06464215718221407,0.04943017744467814,0.45238220813460917,0.09520449092040169,0.669527084752792,0.7373457682850965,-3.915808254828421,40.28011559377767,1622.4109855984316,20.806688502265423
016,01,1,47.65140000000001,109,0.4404,0.5596,0.0917,0.7064,0.2018,0.0826,0.0734,0.0505,0.0303,0.3434,0.2143,0.44439999999999996,0.5657,-3.4666862421132096,40.93965172572242,3.835243105069308,28.420623416525306
017,01,1,41.8564,1818,0.4934,0.5066,0.15289999999999998,0.6947,0.1524,0.08639999999999999,0.1221,0.0617,0.0435,0.38769999999999993,0.1065,0.55,0.6156,-3.92605700707779,40.22273685811082,84.95535101251978,21.399476058101193
018,01,2,41.98571008858267,6096,0.5014386318897638,0.49856136811023616,0.16518006889763778,0.6741784940944882,0.16059178149606299,0.11528784448818896,0.14436432086614176,0.058658562992126,0.046496505905511805,0.4199914370078741,0.12228080708661418,0.5169771161417324,0.5887647637795276,-3.9376230952345574,40.70741226050014,206.31529572098628,29.54700948709116
019,01,1,42.170399999999994,1749,0.4837,0.5163,0.1618,0.665,0.17320000000000002,0.09830000000000001,0.1155,0.0341,0.0225,0.2094,0.1447,0.5321,0.6221,-3.3338617589878634,40.13748712607535,72.61161063202343,24.08705694277287
020,01,1,49.3662,213,0.4225,0.5775,0.1127,0.6056,0.2817,0.0798,0.10800000000000001,0.05290000000000001,0.05290000000000001,0.2963,0.1333,0.3439,0.3968,-3.5282412899550084,40.97365978384303,14.558775733458484,14.630351061077933
021,01,1,45.0741,810,0.4877,0.5123,0.1704,0.5951,0.2346,0.10860000000000002,0.142,0.0387,0.0268,0.3452,0.1114,0.4865999999999999,0.5476,-3.5578422641505876,40.88195150215352,28.495939681452416,28.42510227964923
022,01,27,37.44675728644068,59000,0.5114951254237288,0.4885048745762712,0.2280970881355932,0.660652106779661,0.11123664745762711,0.07787534406779661,0.13310630169491527,0.09425565084745761,0.08371366610169492,0.6247955762711864,0.06574559491525424,0.5897891542372882,0.6309332457627119,-3.89271431915305,40.420315435438454,1243.6639992585735,47.4404662635355
023,01,4,39.362995903072694,8006,0.49697972770422183,0.5030202722957782,0.2083558705970522,0.6696436547589307,0.12205784411691233,0.09916598800899326,0.1336541843617287,0.05414670247314514,0.0415395203597302,0.46407832875343497,0.1137699475393455,0.577459592805396,0.6516385335998002,-3.921901544203283,40.709238036405935,202.65640329125983,39.505290086954204
024,01,1,44.5872,218,0.3945,0.6054999999999999,0.0917,0.7202,0.1881,0.0872,0.1055,0.0909,0.0707,0.3586,0.0787,0.5909000000000001,0.6414,-3.659818633321227,41.059558255704964,8.741607750957442,24.9382042995607
025,01,1,48.1059,529,0.4178,0.5822,0.0888,0.6144,0.2968,0.1229,0.1456,0.0166,0.0145,0.1639,0.2405,0.3734,0.4917,-3.121021265943383,40.24059275456803,11.824939937823187,44.735956612172174
026,01,5,39.3590904757454,10699,0.5074452378726984,0.4925547621273016,0.1829348911113188,0.6909112160014955,0.12618556874474252,0.19162049724273297,0.22516218338162447,0.06476576315543509,0.04858597065146276,0.38710282269370966,0.1173778857837181,0.5409447798859707,0.6127925133190018,-3.994910129421561,40.39712364057478,217.70954811546432,49.14345784377672
027,01,1,42.5008,1943,0.5229,0.4771,0.1714,0.6366,0.192,0.2357,0.2532,0.0547,0.0329,0.29810000000000003,0.1306,0.4963,0.5708,-3.627181551455507,40.988421161291484,74.81759808549418,25.969825946293156
028,01,1,42.4649,2706,0.4948000000000001,0.5052,0.1693,0.6763,0.1545,0.0913,0.1386,0.047599999999999996,0.0325,0.4195,0.1356,0.5387,0.6232,-3.728368250818068,40.84158717661051,48.146668243282974,56.20326595241652
029,01,1,42.15579999999999,841,0.4839,0.5161,0.1653,0.6825,0.1522,0.0809,0.1213,0.0541,0.0342,0.4231,0.1163,0.5627,0.6368,-3.6347577911182323,40.825458687628014,60.86094301827682,13.818385951519742
030,01,1,42.6686,2776,0.5112,0.48879999999999996,0.152,0.6726,0.1754,0.1711,0.19199999999999998,0.054799999999999995,0.0357,0.328,0.1445,0.503,0.5879,-3.6132111151930486,40.862849323372075,125.2938873650744,22.155909265640748
031,01,2,44.19554155562442,3227,0.48311973969631233,0.5168802603036876,0.1456242330337775,0.638994638983576,0.215335419894639,0.16735751471955376,0.16024635884722652,0.035522962503873566,0.022896994112178493,0.21105704989154012,0.23902981096994108,0.41617294700960644,0.5472742175395103,-4.432826614417484,40.298428816653455,67.50542558977114,47.80356499950688
032,01,3,38.35692798566879,7536,0.49630737791932056,0.5036926220806794,0.20290069002123143,0.6840596072186836,0.11303970276008492,0.11050550690021232,0.13613752653927816,0.052660350318471334,0.03881884288747347,0.32980208333333333,0.14601395966029726,0.5618622080679406,0.657445355626327,-3.3759342641408616,40.56226804707435,214.03959133524634,35.20843949004042
033,01,3,39.208426153846155,6435,0.4926277855477855,0.5073722144522145,0.19162492618492621,0.6812749961149962,0.1271000777000777,0.16705790209790208,0.1829209324009324,0.0417790675990676,0.029296860916860915,0.27234105672105674,0.1336775912975913,0.5712005594405595,0.6592158974358974,-3.3732750668580054,40.32299127475907,104.10681385381628,61.81151609380571
034,01,1,51.0022,457,0.4661,0.5339,0.0832,0.6543,0.2626,0.0744,0.10279999999999999,0.0501,0.0334,0.2697,0.169,0.4224,0.5084,-3.760161766203661,40.892905694617745,8.429879101034338,54.21192813357508
035,01,1,41.9433,2168,0.4958000000000001,0.5042,0.1674,0.661,0.1716,0.1822,0.1997,0.0294,0.0183,0.2416,0.176,0.48749999999999993,0.5917,-3.2459854002826405,40.254421127716306,45.2812496517042,47.87853729028888
036,01,2,37.93468759493671,3950,0.490133164556962,0.509866835443038,0.20457974683544303,0.686063670886076,0.109356582278481,0.07592177215189874,0.10225189873417721,0.052721392405063294,0.034669746835443035,0.2867893670886075,0.12134632911392404,0.5900758227848102,0.6711791139240507,-3.832065216276459,40.17241003990697,740.1839365490907,5.336511379071284
037,01,2,46.51346496631376,2078,0.4990552454282964,0.5009447545717036,0.13764273339749758,0.6024794995187681,0.25987776708373433,0.11693551491819057,0.11984369586140521,0.03126111645813282,0.019559480269489893,0.14343580365736286,0.22811010587102984,0.41519412897016356,0.5379194417709336,-4.5080399562786955,40.24404145184807,30.72783288603153,67.62598611191457
038,01,3,43.17045953520164,7315,0.5033603691045797,0.4966396308954204,0.14487542036910458,0.6820245659603555,0.17306296650717704,0.12905577580314423,0.1539388106630212,0.05794274777853725,0.04562114832535885,0.3876262064251538,0.11948836637047162,0.524991948051948,0.5960752289815447,-4.054058987015863,40.757134845002554,179.43850583843704,40.766055010435075
039,01,1,52.45569999999999,158,0.3861,0.6139,0.0759,0.6329,0.2911,0.057,0.0886,0.0342,0.0205,0.22599999999999998,0.1625,0.4589,0.5479,-3.524082436323768,40.91663027282961,13.665869323087684,11.561650142012429
040,01,3,44.44315357664233,4795,0.43754673618352447,0.5624532638164754,0.13596045881126173,0.6717314911366006,0.19230805005213766,0.16748813347236707,0.2170914702815433,0.04422022940563087,0.030852158498435867,0.24498517205422315,0.14153418143899898,0.4111750573514077,0.4783649426485923,-3.614703001234297,40.16061315628002,7147.957287250795,0.6708210202308336
040,02,6,39.57076538261997,15420,0.5091979182879377,0.49080208171206224,0.18639846303501945,0.6793683398184176,0.1342428793774319,0.15009507782101167,0.2021266926070039,0.04459046692607004,0.029472321660181586,0.24220124513618677,0.16325290531776915,0.5150935019455253,0.6144261284046693,-3.6059208155408733,40.15056153475925,332.9569110048844,46.31229895022
040,03,2,38.416673964984554,4855,0.5093513285272915,0.4906486714727085,0.1880496807415036,0.7069065087538621,0.1050438105046344,0.20086205973223478,0.25439180226570546,0.04363299691040165,0.029409577754891864,0.2551604531410917,0.1485112255406797,0.5703123789907313,0.6693824510813595,-3.6300561561235782,40.16995237976792,2001.0461936514541,2.4262308463457956
041,01,3,37.118114776400866,7424,0.5090159752155172,0.4909840247844828,0.22048802532327585,0.6899153825431035,0.08956163793103449,0.11786647359913793,0.15949587823275863,0.07673060344827587,0.061150161637931036,0.49983072467672407,0.08949913793103448,0.5926631465517241,0.6508325700431035,-3.50758846892729,40.56815912393681,357.3596792703266,20.7745877071489
042,01,1,43.3795,1879,0.4774,0.5226,0.1602,0.6487,0.1911,0.1235,0.1948,0.0336,0.0241,0.3397,0.1294,0.5158,0.5925,-4.192940460235232,40.40587756950175,38.165210979254674,49.23331882067575
043,01,2,44.59451043585022,3258,0.4963155923879681,0.5036844076120319,0.12860405156537755,0.6672977900552486,0.2041243707796194,0.0773853898096992,0.08221841620626151,0.029793124616329037,0.019326151012891344,0.13098440761203192,0.15721737262124003,0.460854205033763,0.5470774094536526,-3.382231058682485,40.08664245055788,91.7642099014404,35.50403805033862
043,02,3,42.002534217660724,5164,0.49441839659178927,0.5055816034082107,0.16653652207591013,0.6649816421378776,0.16848183578621223,0.11269970952749805,0.1502740317583269,0.03579523625096824,0.023742544539116964,0.18284420991479472,0.17144573973663826,0.48079335786212235,0.580543222308288,-3.4789216807038277,40.07888823113411,56.7852759469347,90.93906675430632
044,01,4,39.29509553855959,9414,0.511559464627151,0.4884405353728489,0.1822629169322286,0.6959607605693648,0.12172258338644573,0.12025361164223496,0.1806917994476312,0.08169398767792649,0.060727607818143195,0.4332111217335883,0.12928903760356913,0.5295087529211813,0.6082426704907584,-4.0189900446442,40.53761936958408,298.80294909734084,31.505713141181907
045,01,24,39.528762820928236,52465,0.5066432593157343,0.4933567406842657,0.18376987706089776,0.6818469875154866,0.13436879634041743,0.12759876298484704,0.18997262365386447,0.06579310016201277,0.05158701610597541,0.4095484170399314,0.10931014771752597,0.5634180596588202,0.6315848680072429,-3.746061841174362,40.663951220190825,286.76513292192493,182.95459934553546
046,01,4,41.215298775176926,7348,0.5019075802939574,0.4980924197060425,0.1732320631464344,0.6782688894937398,0.1484921611322809,0.1426001224823081,0.17706580021774634,0.06471780076211214,0.050907879695155145,0.47049327708219923,0.13891286064235167,0.5190651061513337,0.6025174877517692,-4.032211639327345,40.69390800925206,329.14491659681073,22.32451309281803
047,01,32,40.900307891503495,64297,0.5153371961366782,0.4846628038633218,0.160191024464594,0.6940321290262376,0.14578240353360186,0.1802859775728261,0.2524583977479509,0.061224668336003235,0.043608745353593485,0.3858323654291802,0.13951866650076986,0.5264358461514534,0.6110891239093581,-3.988439715070842,40.64121324264622,2549.6757191143574,25.21771671510206
048,01,1,39.5782,742,0.4825,0.5175,0.2049,0.6469,0.1482,0.0984,0.124,0.0322,0.0186,0.2305,0.1467,0.5424,0.6356,-3.248150458304346,40.41887725697083,28.579996135858707,25.962214846804283
049,01,23,42.56829225011649,34336,0.5072128931733457,0.4927871068266543,0.1572359506057782,0.6601227341565704,0.18262997437092265,0.20497597273998136,0.2069037045666356,0.04724020852749301,0.03451912278657968,0.2914583789608574,0.1262329129776328,0.5294154852050326,0.6029537861136999,-3.568199105269504,40.42361014907736,17299.7579876738,1.984767649609009
049,02,21,45.06080925792383,29121,0.5116185261495141,0.4883814738504859,0.1269474056522784,0.6425976923869373,0.23046278287146732,0.14214567494248137,0.1560375639572817,0.03997529274406785,0.028638463651660312,0.26627687236015246,0.1295851035335325,0.4859941382507469,0.5588660176504928,-3.5501523511231396,40.41837234268685,6562.348091285375,4.4375884355589
049,03,9,45.775279170045955,14796,0.517043863206272,0.48295613679372806,0.1127315625844823,0.6583361313868614,0.22893121789672885,0.13159540416328738,0.15146653149499867,0.04268903081914031,0.031410063530683964,0.25891006353068396,0.14408703703703704,0.4725926804541768,0.5526149432278995,-3.5392959094292613,40.42981212048309,15661.130188107449,0.9447594025644203
049,04,1,41.4912,3135,0.5078,0.4922,0.12249999999999998,0.7222,0.1553,0.3104,0.3662,0.0309,0.02,0.23010000000000003,0.1647,0.5253,0.6289,-3.5518722119804256,40.43557833434981,666.0953224525313,4.706533576091
050,01,3,37.06238690782504,6607,0.5019079007113667,0.49809209928863324,0.23746729226577873,0.6582198879975784,0.10427472377781141,0.06383912517027396,0.10051033752081125,0.0545843802028152,0.03951067050098381,0.3198189495989102,0.0980104131981232,0.6080497805357954,0.6736615105191465,-3.8371114937793616,40.19098715805262,513.6421519727579,12.863040882887697
051,01,1,41.2924,2493,0.4958000000000001,0.5042,0.1966,0.6398,0.1637,0.10390000000000002,0.1436,0.0439,0.0349,0.338,0.1643,0.4978,0.5956,-4.210394106137892,40.370790233900856,97.10889766757468,25.672209857989458
052,01,3,43.58783071789322,5544,0.49732159090909084,0.5026784090909091,0.1475378787878788,0.6569305555555555,0.19553156565656565,0.12158152958152958,0.15817499999999998,0.03851610750360751,0.028818001443001447,0.22104222582972585,0.16572932900432902,0.478867803030303,0.5742650072150072,-3.4783322841152073,40.16237635700465,47.88661441270686,115.77348008400615
053,01,4,36.84233782294833,10528,0.5013397131458966,0.4986602868541034,0.22207328077507602,0.6976626044832827,0.08026411474164134,0.07636645136778115,0.11894009308510638,0.0724326367781155,0.05131088525835866,0.42408619870820674,0.10522882788753798,0.6191342895136778,0.6908582636778116,-3.4449324933196306,40.55970742588255,244.102947144865,43.129344086747416
054,01,4,42.20167859513275,9040,0.5040892477876107,0.49591075221238934,0.1546578871681416,0.6789786615044248,0.1663634513274336,0.1380462831858407,0.18252774336283187,0.0640300442477876,0.05008356194690266,0.41626362831858404,0.12241768805309734,0.5146680309734514,0.5864478207964602,-4.078098715256656,40.593652889114594,411.27850619229145,21.98023933634253
054,02,5,44.40608594424813,7641,0.5126397461065305,0.48736025389346943,0.13899445098809055,0.6623677398246303,0.1986745190420102,0.08127789556340793,0.13796592069100902,0.06528296034550451,0.05460670069362649,0.5142908388954326,0.11089935872268027,0.4881103258735767,0.5487797670461981,-4.1026949686147525,40.58189579648381,162.95038455171158,46.891573904663986
055,01,1,45.4344,1379,0.4801,0.5199,0.1443,0.6251,0.23060000000000003,0.1777,0.1733,0.0305,0.022,0.1847,0.2029,0.4263,0.5347,-3.1088140476904957,40.146382753872764,17.411153035958552,79.2021066699033
056,01,1,38.7755,1733,0.4962,0.5038,0.2008,0.6746,0.1246,0.2429,0.3058,0.0354,0.0231,0.3422,0.1907,0.49030000000000007,0.6058,-4.1832229469306235,40.47888891325104,60.897450281592256,28.457677488737843
057,01,1,39.8296,2412,0.4685000000000001,0.5315,0.1978,0.6584,0.1439,0.0991,0.136,0.0326,0.0196,0.3039,0.1394,0.5297,0.6155,-3.4093559330681527,40.60936813154978,75.90414489585808,31.776920790153284
058,01,6,41.82487298770587,8622,0.5080996984458362,0.49190030155416375,0.15832919276270008,0.6620445024356298,0.17965516121549524,0.1519320459290188,0.1989032127116678,0.03301305961493853,0.020522222222222223,0.16052615402458825,0.16854741359313385,0.4719925539318024,0.5673389004871259,-3.7858947321125327,40.29453194491484,33896.330922678186,0.2543638135840682
058,02,17,43.739862802154796,21719,0.5133226253510751,0.4866773746489249,0.13932191169022515,0.6439081265251623,0.2167680279939224,0.13545645747962612,0.17727118191445276,0.04119854505271882,0.028303959666651318,0.17699927252635939,0.16596923891523552,0.4565210829227865,0.5470403103273631,-3.769806015651861,40.28401564764506,3999.8794163716852,5.429913689673534
058,03,10,41.65338015045939,16217,0.5105269470308935,0.4894730529691065,0.14390532774249246,0.6993844360855892,0.15668751310353335,0.16581579207004996,0.21088957267065422,0.0550569834124684,0.03812309921687118,0.18225834617993464,0.17348912869211322,0.4863994450268237,0.5873554479866806,-3.793597875170455,40.28942168717862,29151.7357276388,0.5562962065625698
058,04,16,39.58809899757656,27234,0.5050968862451348,0.49490311375486523,0.17962904457663215,0.6853454835866931,0.13501647205698758,0.1450449731952706,0.18025395828743482,0.04792701035470368,0.031242054050084452,0.19323596974370275,0.15461370345891165,0.5209049790702798,0.6138478335903651,-3.7779091992320772,40.26527969236106,1696.2060384437762,16.055832477159715
058,05,6,42.856224709513434,11016,0.5112701343500363,0.48872986564996374,0.1388890522875817,0.6790915486564996,0.18201939905591866,0.13688094589687727,0.17936743827160492,0.04641338053740014,0.029989787581699342,0.18216904502541756,0.17103951525054467,0.4703859477124183,0.5666622095134349,-3.7987374188741674,40.29000184634036,29481.124905194636,0.3736628108806987
058,06,19,42.07397818149435,33687,0.5086604031228663,0.49133959687713363,0.13561288330810106,0.7219078546620358,0.1424941639208003,0.07285303232701042,0.10600882536289963,0.05529553536972719,0.038207712173835603,0.2219461038382759,0.14665215364977588,0.5289769050375516,0.6194888176447888,-3.82171471370603,40.31032680845794,4567.730865641128,7.374996686734888
058,07,16,39.576688301827716,25551,0.5072315290986654,0.4927684709013346,0.18871543970881766,0.6641957575045986,0.14706560212907518,0.09461814410394898,0.12320614848733905,0.03996305819733083,0.02843256624006888,0.26274936793080506,0.13810952995968848,0.5691234628781653,0.6551870729129975,-3.817503606818036,40.290774825029544,9685.719480033697,2.638007434829313
058,08,16,42.43979151122283,22677,0.5081329276359307,0.49186707236406935,0.14293353618203467,0.7061209639723067,0.15095149711161088,0.09901229880495656,0.13386963884111655,0.04514819420558275,0.02979079243286149,0.20221657626670192,0.153782299245932,0.5169737310931781,0.6091769634431362,-3.818956384457292,40.2813342758059,8051.657084016934,2.8164388725664096
058,09,12,36.774581026690875,25889,0.5037247595503882,0.4962752404496118,0.192943072347329,0.7369150140986519,0.07015072038317433,0.05068018849704507,0.09082219861717332,0.07352168102282823,0.04799670902699989,0.2669931129050948,0.1401898026188729,0.5747815520105064,0.6682131445787787,-3.8375457170884784,40.297169789603025,6715.880515123438,3.8548928828767526
059,01,3,40.44681199767036,6868,0.49518669190448455,0.5048133080955154,0.1706377984857309,0.6846278974956319,0.14473430401863716,0.1694786546301689,0.21329475829935934,0.04850390215492138,0.03456438555620268,0.30720821199767034,0.1316363424577752,0.5110103086779266,0.5883491846243448,-3.5236470435016733,40.64224088765399,207.027285506909,33.17437111337094
060,01,1,43.0661,2223,0.49889999999999995,0.5011,0.1489,0.6631,0.188,0.1174,0.152,0.0338,0.0248,0.1871,0.1825,0.4736000000000001,0.5793,-3.159108647708965,40.110995608909775,36.91043659601047,60.22686819803906
061,01,13,40.239904565261305,34653,0.5123400859954405,0.4876599140045595,0.17458013736184455,0.6892591377369924,0.13614824401927683,0.163010997604825,0.23574966380977116,0.07118180244134707,0.05634534383747439,0.4428961821487317,0.1222067324618359,0.5290468069142643,0.6029406112024933,-3.9859589831220963,40.57492802874767,531.953503397107,65.1429115114433
062,01,1,46.2603,411,0.472,0.528,0.0973,0.6959000000000001,0.20679999999999998,0.0633,0.0973,0.0431,0.027,0.3666,0.1239,0.5526,0.6307,-3.6841019834620696,40.92915445511041,10.183250296653968,40.360394572158086
063,01,1,47.17530000000001,348,0.4483,0.5517,0.1322,0.6638,0.20399999999999996,0.092,0.1437,0.0331,0.0199,0.3974,0.1761,0.4801,0.5828,-3.7040000478865376,40.967037431019946,14.30747843027807,24.322944234782014
064,01,1,42.8953,191,0.466,0.534,0.1623,0.6492,0.1885,0.1257,0.1309,0.0313,0.0313,0.36880000000000007,0.0935,0.6063,0.6688,-3.673564477913814,41.035668424405706,9.522968506947311,20.056771148687446
065,01,18,45.42502453203116,25803,0.5201685036623649,0.47983149633763517,0.12817002674107664,0.6332568771073132,0.2385854590551486,0.16641311862961672,0.2039638724179359,0.04596161299073751,0.034376688757121264,0.26547971941247145,0.1566403441460295,0.45046023330620477,0.5338604038290121,-3.7237026753581377,40.28651642752266,2042.868548937568,12.630768638255914
065,02,21,43.04268546626984,34272,0.5182081495098039,0.4817918504901961,0.1416623570261438,0.6717168446545285,0.18662224848272643,0.14329519432773108,0.18400479108309992,0.06662137605042016,0.05125986519607843,0.3122208420868347,0.15331320903361345,0.488577264239029,0.575275306372549,-3.7219719671283116,40.320560458299525,14129.172460351325,2.4256197662087153
065,03,47,41.205525281498666,70249,0.506909968825179,0.493090031174821,0.189976304289029,0.6232932383379123,0.18673066662870644,0.0971746487494484,0.1215978675853037,0.04961928426027417,0.03810734530028897,0.39510061780238864,0.11457447508149582,0.5608851727426725,0.6272644535865278,-3.7441184211886225,40.304733337105674,8034.705445748321,8.743195438131869
065,04,36,41.423689220885926,53548,0.509989771793531,0.49001022820646895,0.16983621797266005,0.6439747777694779,0.18619782251437964,0.13554879173825352,0.17522298872040037,0.04671283894823336,0.03367609247777695,0.32347186449540594,0.13657191678494063,0.5409450268917607,0.6185195469485322,-3.648443161412121,40.30020287707842,976.3191054542856,54.846821803291334
066,01,5,40.60273538945562,10489,0.5017581370960054,0.49824186290399464,0.17860327009247784,0.6708055200686434,0.1506324244446563,0.07741627419201068,0.10640017160835161,0.0635484698255315,0.047269615787968344,0.33506636476308516,0.10797893984173898,0.5452799790256458,0.6111416531604538,-3.8429024290012705,40.21794655213634,613.4404167995004,17.098645137736778
067,01,3,40.4457863725936,6597,0.4967381233894195,0.5032618766105805,0.17564571775049265,0.6821380324389875,0.14218176443838107,0.11974121570410792,0.16599827194179173,0.0540448082461725,0.03696601485523723,0.34663468243140816,0.14053842655752616,0.5341902683037744,0.6210941185387298,-3.6842362922217538,40.76851530415009,109.39384282550944,60.30503938437066
068,01,8,41.96291656515709,16583,0.505928999577881,0.4940710004221191,0.16866742447084362,0.6602508231321232,0.17107428089006813,0.10675144425013568,0.15340436591690285,0.05960335283121269,0.04487013206295604,0.37315691370680815,0.11847739854067417,0.5192522583368511,0.5890507869504914,-4.110066523901475,40.67731808003649,289.34511132735184,57.31218310178654
069,01,1,NA,73,NA,NA,NA,NA,NA,NA,NA,NA,NA,NA,NA,NA,NA,-3.454684720473741,41.06921430853612,4.250603740028167,17.17403090590521
070,01,1,44.568,169,0.4734,0.5266,0.1598,0.6272,0.213,0.1302,0.2012,0.0352,0.0211,0.4013999999999999,0.1279,0.5282,0.6056,-3.5823799673950356,41.079763136994,7.964690335730747,21.21865293893997
071,01,1,46.6509,106,0.4623,0.5377,0.1226,0.6415,0.2358,0.1509,0.1604,0.0538,0.0323,0.3441,0.1373,0.4731,0.5484,-3.543500208435337,41.09112004024354,4.4450858351678395,23.84655863366418
072,01,3,41.102432275925715,8669,0.49670692121351945,0.5032930787864806,0.1649786365209367,0.6899397508363133,0.14514528780712885,0.10440881301188142,0.1739572961125851,0.08639101395778061,0.05909249048333141,0.5223796516322529,0.09986733187218826,0.5360955012112124,0.5953797323797438,-3.8933579196604318,40.61589199957251,191.6609083864523,45.230924099140786
073,01,8,36.41645208026416,19685,0.5029783388366776,0.4970216611633223,0.2274346913893828,0.677207239014478,0.09535426466852934,0.13496916433832867,0.16152074676149353,0.041940822961645925,0.0269991363982728,0.2389966319532639,0.15163421386842774,0.5752829718059436,0.6763317399034798,-3.8261018865957475,40.25150561568266,999.9747162356938,19.68549772348469
074,01,26,46.60490230557015,30448,0.5267391684182869,0.47326083158171306,0.12403685627955859,0.606808696794535,0.2691457928271151,0.13607447451392538,0.19088694495533368,0.039374418681029956,0.02794914280084078,0.22375744548081974,0.14951325538623228,0.43449788163426173,0.5110364917235943,-3.785340415113406,40.316150198852704,1626.6226766650104,18.718538992968014
074,02,20,46.154442674293215,21329,0.5226270289277509,0.4773729710722491,0.12836777626705423,0.6077649444418397,0.2638547329926391,0.18308371700501663,0.24779046837638896,0.03745568943691687,0.026059341741291202,0.19817190679356747,0.17312261709409724,0.426568760842046,0.5156043602606779,-3.760619417472213,40.331089664693145,18563.723544799126,1.1489613034005564
074,03,21,39.48953509079921,34747,0.5071797133565488,0.49282028664345123,0.19814097907733041,0.6521475005036406,0.14972038449362535,0.10040844965032952,0.14042244222522807,0.05034987768728236,0.03768028606786197,0.350320496733531,0.1262817768440441,0.5821603620456443,0.6583230149365412,-3.7798429693360505,40.34479621403785,4567.543806734642,7.607370935067351
074,04,41,49.258038785939554,43441,0.5282570451877259,0.47174509104302387,0.11307486936304413,0.5429657719665754,0.3439610874519463,0.09807041504569415,0.1449968647130591,0.03368006031168711,0.02277956308556433,0.20739997698027207,0.14720065836421814,0.40279664602564397,0.4725517851798992,-3.752202183879772,40.33399681409194,38460.97498662011,1.1294825473122394
074,05,20,41.39549925124013,32053,0.509682179515178,0.49031782048482203,0.1557478207968053,0.7015009390696658,0.14276594390540667,0.054722144573050885,0.09646064018968582,0.07128729916076498,0.05211499079649331,0.3524478020778087,0.12766519826537298,0.5511802140205285,0.6305173774685677,-3.739346631287769,40.3439853781679,3181.60137250375,10.074486476216222
074,06,8,41.03544022316684,13174,0.5069865872172461,0.4930134127827539,0.1805110596629725,0.6453575072111736,0.17411843024138457,0.162758744496736,0.22353523607104903,0.03207307575527554,0.019995498709579475,0.2156172688629118,0.16055332473052983,0.5042381281311674,0.5977093289813269,-3.7709130972899425,40.355729758295134,5664.234927426794,2.3258216102955354
074,07,7,36.75397487217488,13495,0.49586966283808814,0.5041303371619118,0.23957318266024455,0.6685175768803261,0.09188772878844018,0.033072078547610226,0.06311905891070767,0.07870388291959984,0.06310952945535384,0.4365483808818081,0.07901520563171545,0.6456167321230085,0.7010884920340866,-3.7879749181692093,40.31696284466609,5937.869753610592,2.2727005744432516
075,01,5,37.02243138178555,8916,0.49619951772095117,0.50380048227904894,0.20704416778824583,0.7077209623149394,0.08521877523553163,0.10578632794975326,0.13523728129205922,0.051665836698070886,0.033807559443696726,0.29839144235083,0.12298999551368327,0.6120118999551368,0.696791375056079,-3.4177043783809276,40.382409738209475,201.06152280825978,44.344635788433024
076,01,1,49.6928,599,0.4641,0.5359,0.0868,0.6494,0.2638,0.1586,0.177,0.0384,0.0238,0.309,0.1395,0.4625,0.5375,-3.78429398885211,40.962104006371725,10.354022242790029,57.85191358045523
078,01,1,NA,57,NA,NA,NA,NA,NA,NA,NA,NA,NA,NA,NA,NA,NA,-3.5722207685615657,41.04139603988486,6.662317284904661,8.55558172366684
079,01,111,43.55660927594116,138207,0.4912389133690768,0.5087610866309232,0.07625739000195358,0.7659244763289847,0.15782551679726786,0.24062038608753536,0.33454862850651557,0.05400514662788426,0.04790271983329354,0.5916979508997373,0.1244874167010354,0.5389002821854175,0.6156576671225047,-3.7052713957624905,40.417332219563,26505.707348982436,5.21423549201398
079,02,109,44.40976203392046,153005,0.5326882389464396,0.4673117610535603,0.12123736805986733,0.6802508532400902,0.19851058266069738,0.10061791902225417,0.16829662756119082,0.06762316329531715,0.0587953753145322,0.5795406489983987,0.09773636547825235,0.5464775406032482,0.6048714689062449,-3.696617761109578,40.3981204221979,23306.044697874502,6.56503503633776
079,03,94,46.85237477434639,117769,0.5456626404232013,0.45433735957679866,0.12241836221756149,0.6144306787015259,0.26315626183460844,0.07930493933038406,0.13703993920301608,0.06588169382435106,0.0596870203534037,0.6334132522140802,0.0809634691642113,0.4916491224345966,0.535418245039017,-3.676433120975049,40.41138058548941,21923.188771173256,5.37189189169662
079,04,126,45.883105232086244,144149,0.5578905139820602,0.44210948601793976,0.11149900172737931,0.647504056219606,0.2409984897571263,0.1363110933825417,0.2161692110247036,0.06515156053805438,0.060221967547468246,0.6571232835468855,0.08222465365697992,0.4939651874102491,0.5386039826845833,-3.673789506593059,40.43018922815073,26678.754924795256,5.403138205150189
079,05,101,45.062921464658686,144689,0.5493494398330212,0.4506505601669788,0.1372413507592146,0.6276405642446903,0.2351165527441616,0.09552322913282972,0.16500600460297604,0.06256232332796549,0.057723477942345315,0.6669243985375529,0.0790745053183034,0.5134992680853417,0.557745693176399,-3.678151303000365,40.457502929366164,15753.387220191136,9.18462791383379
079,06,118,43.646326134849424,157598,0.5442807231056231,0.4557192768943768,0.11517833601949264,0.6932609785657178,0.19156139418012919,0.19136721087831063,0.30318110889732103,0.05241102171347352,0.04454069785149558,0.4729077811901166,0.11983101816012892,0.5162952791279076,0.587146472670973,-3.699992175277466,40.46064651885532,29311.970815541063,5.37657467632447
079,07,123,45.966539938721915,137080,0.557038732127225,0.442961267872775,0.1071580719288007,0.6487943923256493,0.2440541880653633,0.11437250437700612,0.18641155602567844,0.06665330245112343,0.06182631674934345,0.6625038400933762,0.08070125620075869,0.5098907083454917,0.554957773562883,-3.7035234438203695,40.43755845887384,29264.00353105355,4.684253125329803
079,08,184,42.75609490981606,246219,0.529339031918739,0.470660968081261,0.177763606789078,0.610911098249932,0.21132685982803925,0.08543976784894748,0.14708315402141994,0.06400595445518015,0.05531217330912724,0.5613997782461954,0.09080720090651007,0.5294905961765745,0.5805924916436181,-3.753578070628699,40.54479586881744,1034.2347873606393,238.0687664049179
079,09,85,44.233978107577215,119635,0.5391812513060559,0.46081874869394407,0.14168809545701508,0.6381094186483889,0.22020184728549339,0.105754853512768,0.17256750867221132,0.08003203326785639,0.073278289798136,0.6034905395578217,0.08693516027918251,0.49671835165294437,0.5437663192209637,-3.757224602705135,40.4454355182165,2567.617614796932,46.59377600097268
079,10,200,46.14024566350591,237496,0.5367020404554181,0.46329829639236025,0.12093254917977565,0.6353382840132045,0.24372794910230067,0.1666877715835214,0.2595935851551184,0.049376503183211504,0.03796348485869236,0.3433349012193889,0.14192378271634049,0.4549404566813757,0.5304653434163102,-3.7786103250614422,40.38527599688457,9334.584458159034,25.44258944407676
079,11,180,43.051961325323866,255198,0.5336003969466845,0.46639960305331546,0.14277366162744223,0.6696964243450184,0.18752590929395999,0.20597032578625224,0.31842455896989785,0.04365788720914741,0.03199402228857593,0.3082600541540294,0.15732745515246985,0.4819945505058817,0.5702350202587795,-3.7371143667824946,40.378836400855995,18130.845592101487,14.075350137622612
079,12,92,41.92754363440384,140089,0.5283470065458387,0.4716529934541613,0.15046421132280194,0.68285744062703,0.1666846740286532,0.2317624774250655,0.33934916588740016,0.04087677690610969,0.028718208424644332,0.24363952415964135,0.1765040181598841,0.46646467459971874,0.5649839237913041,-3.7029815390229395,40.37594879724959,18072.156442798292,7.7516482575506425
079,13,177,42.81861951490057,236199,0.5258424315936986,0.47415756840630147,0.13622955600997463,0.6878396352228416,0.17592765464714075,0.19445515984402983,0.29679982980452924,0.03987876070601484,0.027689098599062652,0.23029034034860438,0.18376990038061128,0.46304805566492657,0.566586111287516,-3.6598685909695274,40.38354767873943,15769.357347144674,14.978352941108794
079,14,88,47.47328662424483,93191,0.5450004249337382,0.45499957506626176,0.11406773937397388,0.6242861252696076,0.26165278835939093,0.10002210191971328,0.1757372289169555,0.05669348649547703,0.04537308109152171,0.3935420437595905,0.13295503213829662,0.4509589831636102,0.5215065199429129,-3.641385790381332,40.40660987760663,15263.767519914272,6.105373386905685
079,15,170,45.576367172507595,214692,0.5453145720380824,0.4546854279619176,0.12306019320701284,0.6483332317925213,0.22861084623553743,0.14758377396456318,0.25735763978164067,0.0542630698861625,0.04481371779106813,0.43928809457269014,0.12077652963314889,0.4824787798334358,0.5488884681310902,-3.649953440731036,40.43927568053957,18753.368925837014,11.448183035753813
079,16,122,42.092932731976234,191733,0.5255932953638653,0.47440670463613466,0.1757030020914501,0.6378330011004887,0.18646798360219682,0.10389898243912107,0.1717322672675022,0.06332052124569063,0.05356578053856143,0.5337452196544152,0.10068056359625102,0.5380430510136492,0.5961911105547819,-3.637741791765103,40.48200946153741,6980.558474252791,27.466713545512327
079,17,105,41.66463568878252,152922,0.5224083977452557,0.4775916022547443,0.16089705078405983,0.6713664057493363,0.1677472208053779,0.2074817704450635,0.32344650540798575,0.04058071762074784,0.027707850407397237,0.24651820274388253,0.1811506022678228,0.4814392088777285,0.5851601110369993,-3.6950567819128537,40.34253520350418,7574.025878150593,20.19031918561917
079,18,67,38.81343401270978,113928,0.5153014535496103,0.4846985464503897,0.18963282511761814,0.683443859279545,0.12691630591250616,0.13372489379257074,0.20219880187486836,0.045725276490414996,0.03356079892563724,0.37992076750228215,0.14608865336001686,0.5756310389017625,0.6678611482690823,-3.6160053253144255,40.34992956692812,2212.2172165155466,51.49946359220885
079,19,47,40.73771328750667,74920,0.5165742205018686,0.48342577949813137,0.1744005792845702,0.6840771729845169,0.14151704885210892,0.1261651388147357,0.18931469434063,0.05949362253069941,0.04512397357180993,0.3657036906033102,0.14246206887346502,0.5470740977042179,0.6327179111051788,-3.5728969926549525,40.393571079675596,2120.155053439032,35.3370381465614
079,20,113,42.966124716790056,158981,0.5269685572489794,0.4730314427510205,0.14498729345016073,0.6807686157465357,0.1742419408608576,0.13534699681093967,0.22022531120070954,0.058854677602984004,0.04536778860366962,0.3772527440385958,0.1329033916002541,0.5097829451318082,0.5861909247016939,-3.598641745489858,40.43467367351582,7151.9182714925055,22.229141045095147
079,21,31,41.71942378645655,49751,0.5169622459850053,0.48303775401499466,0.17733619223734198,0.643445193061446,0.17921543486563085,0.09591556752628089,0.16051794737794214,0.06446130128037628,0.05439121625695966,0.5297227653715504,0.09396052943659423,0.5431697292516733,0.5987798375912042,-3.5745484738996347,40.475746047559795,1187.0912847522047,41.91000358526354
080,01,18,41.05203381229728,28673,0.5280967495553308,0.4719032504446692,0.16994859275276392,0.6625049733198479,0.1675528825027029,0.13971508736441948,0.23169014403794508,0.07449433264743836,0.06485092944582012,0.5261392355177344,0.09320430021274369,0.5175092177309664,0.5706790743905416,-3.9085132090716606,40.47116192503013,1019.981739298172,28.11128758023579
080,02,27,40.57017177931035,43500,0.5245086873563218,0.47549131264367817,0.18898916781609196,0.6374940252873563,0.17351666666666668,0.08664697701149425,0.1621872206896552,0.0844025540229885,0.07689711724137932,0.6343604551724138,0.07588067356321838,0.5241930942528735,0.5670899724137931,-3.858885811083224,40.46224120871664,4190.798710732311,10.379882929857708
082,01,4,40.07891376992302,9223,0.49244496367776214,0.5075550363222379,0.18855786620405507,0.6856644584191696,0.12577767537677548,0.10972041635042828,0.15158206657269868,0.05560151794426975,0.040256673533557406,0.45530998590480315,0.1173969207416242,0.5734292854819473,0.6495206548845278,-3.878382237133941,40.74939623107298,71.8229325724698,128.41302449874118
083,01,5,37.31645621657754,14960,0.494181878342246,0.505818121657754,0.19968073529411767,0.7137634090909091,0.08657272727272729,0.12748612967914438,0.15327041443850267,0.05829875,0.040885929144385026,0.33855933823529416,0.11668188502673796,0.6034357620320855,0.6825503275401069,-3.3230702185169365,40.55708317574911,428.0203978667275,34.95160528461096
084,01,11,39.70814745490643,23673,0.5031078655007815,0.4968921344992185,0.1731593587631479,0.6948403962319942,0.13200735436995734,0.14159943817851559,0.15776411101254595,0.03885163688590377,0.02372264605246483,0.213697528830313,0.15040132640560977,0.5421910953406835,0.6371005491488193,-3.4750937680959884,40.40022319755053,1318.892864213489,17.949145561658035
085,01,3,41.52641203703704,6588,0.4869151183970856,0.5130848816029144,0.16438345476624167,0.6886961900425016,0.14692035519125682,0.16756132361870066,0.22071322100789315,0.04982928051001822,0.035518336369156044,0.3778902701882211,0.13385933515482695,0.5252885701275045,0.6060586672738312,-3.7776992769570295,40.79683360897181,115.31032471857935,57.13278508302136
086,01,3,38.92308401934444,9305,0.4924231703385276,0.5075768296614723,0.18776744760881248,0.691259387426115,0.12100727565824826,0.23806093498119293,0.2828221816227835,0.0446489629231596,0.02987301450832885,0.2980183019881784,0.13400703922622248,0.5387872111767866,0.6222661257388501,-3.571593760838479,40.700572806471044,187.6121260050328,49.59700739039857
087,01,2,44.17393542074364,4599,0.501853228962818,0.49814677103718197,0.13264546640574038,0.6753724722765818,0.19198206131767775,0.13068375733855186,0.16219230267449444,0.062435616438356156,0.04786353555120678,0.3466618395303327,0.12840521852576647,0.49121963470319635,0.5633578604044358,-4.093213042222742,40.7209751435691,239.01129565276455,19.241768417009983
088,01,1,49.6938,356,0.486,0.514,0.0843,0.6657,0.25,0.06180000000000001,0.1096,0.0368,0.0276,0.3405,0.10490000000000001,0.4448,0.4969,-3.511367228452352,41.09190717084291,11.051398679689047,32.2131171192185
089,01,3,39.60776499250375,5336,0.49791398050974517,0.5020860194902549,0.18518504497751123,0.6836798350824588,0.1311610944527736,0.06052878560719639,0.0920085832083958,0.05851293103448276,0.042633920539730134,0.2853076461769115,0.11811248125937031,0.5673935157421289,0.6426509370314843,-3.8796968882799137,40.25788387560951,171.07134127868875,31.191665185504295
090,01,5,40.14739004927558,13597,0.5012810105170259,0.4987189894829742,0.18798384937853937,0.679096793410311,0.13290094873869235,0.09274886371993823,0.12790040450099285,0.07246871368684268,0.05607872324777524,0.4620269250569979,0.10796120467750239,0.5562133558873281,0.6233776494815032,-3.946954966555022,40.66467590371046,311.51903667511385,43.64741283589818
091,01,2,42.84509523086269,3292,0.49603557108140944,0.5039644289185906,0.1604070473876063,0.6531211725394896,0.186471780072904,0.13729860267314703,0.1649430133657351,0.03302946537059538,0.019178584447144594,0.1900593256379101,0.1711815309842041,0.47360762454434996,0.5715119380315918,-3.419319218705658,40.228655472633704,187.65061887216382,17.543240836539212
091,02,2,41.0272952339688,4616,0.4926508448873484,0.5073491551126517,0.1776478986135182,0.6607562608318891,0.16159584055459272,0.15494161611785096,0.1758954506065858,0.03449865684575389,0.023449371750433275,0.22759870017331024,0.17719792027729636,0.4864124783362218,0.5909636698440209,-3.465721471957433,40.232408130281605,164.88616235322914,27.99507207955586
092,01,24,42.395565002797134,39326,0.5092388953872756,0.49076110461272443,0.15175984844632048,0.6663270431775415,0.18190801759650102,0.11142512841377206,0.15938944972791536,0.05424866500533997,0.03981397802980217,0.27429092712200576,0.15013500228856227,0.49527303819356144,0.5810659614504399,-3.9122535937098264,40.32165415932225,1931.4234004735788,20.361149186841885
092,02,37,45.450031604753114,52008,0.5152269227811106,0.4847730772188894,0.12962666320566066,0.6172835563759421,0.2530786821258268,0.13462711121365944,0.18889563528687892,0.047091210967543456,0.03378748077218889,0.3064835159975388,0.14071711467466544,0.4535155802953392,0.5272515920627596,-3.8762063450732156,40.339693722808065,6527.764783544768,7.967198838276481
092,03,30,45.181563484261275,42316,0.516803414784006,0.48319658521599396,0.13231398761697702,0.620961737876926,0.2467179931940637,0.14612084081671234,0.19888110171093676,0.03796412940731638,0.025578613290481143,0.22391360950940542,0.16356778996124396,0.44231890065223556,0.5283950656961905,-3.852252809298451,40.32307697799845,23472.127896914113,1.802819079115673
092,04,45,40.84102055560001,74982,0.5128390667093436,0.4871609332906564,0.17797061828172095,0.639335445840335,0.18269887439652183,0.09785190712437651,0.14043741564642181,0.04140624949987997,0.027977707983249316,0.28133207436451413,0.13446826705075884,0.5372974727267877,0.6165397201995145,-3.8725341178725796,40.30311425683928,5106.635077545616,14.683250097447406
093,01,1,43.8895,3232,0.4972,0.5028,0.151,0.6637,0.1853,0.1265,0.1563,0.05029999999999999,0.0401,0.44309999999999994,0.10780000000000001,0.5281,0.5918,-4.005097344100245,40.74908413387218,117.85243762855903,27.42412516053714
094,01,1,39.6677,1586,0.48549999999999993,0.5145,0.1828,0.6960999999999999,0.12110000000000001,0.1816,0.2182,0.0347,0.022400000000000003,0.3642,0.1875,0.5216,0.642,-3.6769583403619173,40.81719398599848,130.15840802697124,12.185152108431991
095,01,1,39.9052,2711,0.4854,0.5146,0.19399999999999998,0.6665,0.1394,0.204,0.2623,0.0394,0.0302,0.2966,0.1489,0.5231,0.6146,-4.130000121366666,40.440131719037474,35.80982127801626,75.70548813836973
096,01,14,37.68127927417253,30696,0.5017962372947615,0.4982037627052385,0.21642380766223612,0.665755909564764,0.11783675723221267,0.11554946247068022,0.16013559095647642,0.046418038180870466,0.03290719963513161,0.3310305740161585,0.13806989184258536,0.5691032316914256,0.6577572159238989,-4.014156017379005,40.28870332131155,304.25824961703864,100.88797933543691
097,01,1,53.6028,141,0.3688,0.6312,0.0355,0.6738,0.2908,NA,0.0213,0.0515,0.0368,0.3971,0.1486,0.4632,0.5441,-3.729199351802689,41.00554808660145,4.939835114057882,28.54346283719863
099,01,1,42.3133,3058,0.4791,0.5209,0.1586,0.653,0.1884,0.2034,0.22299999999999998,0.0385,0.0253,0.2336,0.1876,0.4594,0.5655,-4.27108953320518,40.383222457745035,60.47446737314805,50.56679509273061
100,01,3,41.06005905959868,6678,0.4857920634920635,0.5142079365079366,0.15827243186582812,0.7092001497454328,0.13252741838873913,0.15829573225516622,0.19213538484576223,0.047973884396525904,0.03644318658280922,0.3311341868823001,0.15840092842168316,0.5035697214734951,0.5982427822701408,-3.253340782337461,40.375043231352244,331.91266988391664,20.11975018108097
101,01,1,41.4795,365,0.4822,0.5178,0.18079999999999996,0.6795,0.1397,0.1479,0.1945,0.0635,0.0334,0.4615000000000001,0.1129,0.5518,0.6221,-3.206067011775686,40.368615708105686,22.071820500506682,16.536923177298448
102,01,1,44.5763,1291,0.4864,0.5136,0.1549,0.6352,0.2099,0.1735,0.1782,0.0367,0.029299999999999996,0.1852,0.2098,0.428,0.5417,-3.210699674501169,40.29013587887427,61.01491884486284,21.15875960242625
104,01,11,35.20134537329327,26293,0.49686152588141336,0.5031384741185867,0.2645613889628418,0.6560949073897995,0.07933696421100674,0.11893697181759404,0.18853281101433841,0.055282542882135924,0.045041037538508355,0.5546625793937551,0.08264703533259804,0.6529238314380253,0.7102700870954246,-3.524647120115792,40.514336424060346,600.1127577422906,43.81343282705404
106,01,66,37.757846293374186,130550,0.5021013918039066,0.49789860819609344,0.20783414630409805,0.6674893404825737,0.1246753764841057,0.21567764611260054,0.267353872845653,0.03582463730371505,0.023410314821907318,0.20662117196476446,0.17223413404825738,0.5209124764458062,0.6254570654921485,-3.766944707551809,40.230660617898856,5223.0689736470285,24.99488340259136
107,01,1,48.065,523,0.5163,0.4837,0.1377,0.5774,0.2849,0.0535,0.0765,0.0288,0.02,0.3126,0.0941,0.5122,0.5654,-3.484799403524876,40.88273287012374,14.901983161255172,35.09599993105538
108,01,2,38.2338161154345,6168,0.49890633916990923,0.5010936608300908,0.21192756160830087,0.6819276588845656,0.10619635214007782,0.1760573119325551,0.22065476653696497,0.045081128404669255,0.03294338521400778,0.40509066147859923,0.11382830739299613,0.5754533236057069,0.6493841277561608,-3.624962795789136,40.74190634566212,216.05383276878428,28.548440548151945
109,01,1,43.2484,2814,0.49110000000000004,0.5089,0.1457,0.656,0.1983,0.252,0.2814,0.031199999999999995,0.0183,0.2517,0.2502,0.4064,0.542,-4.32798975092632,40.359930538958025,374.02145128455106,7.523632642821714
110,01,1,41.6826,3037,0.49360000000000004,0.5064,0.1673,0.6727,0.16,0.1712,0.1781,0.034,0.0217,0.2384,0.2099,0.4733,0.5991,-3.352780181401752,40.22641573071045,61.61931002112375,49.286497998093196
111,01,1,43.1838,925,0.4638,0.5362,0.1751,0.6227,0.2022,0.0951,0.0995,0.0328,0.021,0.2267,0.1236,0.5295,0.6042,-3.178091009673265,40.40747358927124,22.17088085945578,41.72139148930078
112,01,1,50.0408,196,0.45919999999999994,0.5408,0.0765,0.648,0.2755,0.06119999999999999,0.0918,0.0552,0.044199999999999996,0.3315,0.1538,0.4254,0.5028,-3.8312774527642306,40.93805334906241,7.7093045700459415,25.42382366906954
113,01,14,38.417184703337455,25888,0.5036946152657602,0.49630538473423985,0.19716029434487023,0.6801243858158219,0.12270655902348578,0.12245461603831892,0.17319067135352287,0.04828692058096415,0.03420441903584673,0.3454397558714462,0.1338279550370828,0.5868116810877627,0.6733600394004945,-3.7167067506823166,40.23618987132198,1022.6259375279701,25.315219426743642
113,02,15,39.59646538198075,27737,0.5065146374878321,0.49348536251216785,0.18770701589934025,0.680536135847424,0.1317516530266431,0.09076024083354364,0.127763034935285,0.056195677254209174,0.040301341168835846,0.3462497494321664,0.1273654937448174,0.5742702563363017,0.6547833111006958,-3.6642064093144255,40.25429151098003,755.2093025659401,36.727566657030394
114,01,1,47.0272,184,0.4783,0.5217,0.1141,0.6685,0.2174,0.0489,0.0761,0.0429,0.0307,0.41720000000000007,0.16,0.5153,0.6135,-3.5990645415427744,41.02940344393016,10.081961594503825,18.250416674896627
115,01,30,41.69100381803412,50471,0.5193472310831962,0.4806527689168037,0.16718303382140237,0.6541547086445683,0.17865637494798992,0.0971012403162212,0.1594325691981534,0.09349407382457253,0.0868710229636821,0.5862675655326822,0.07058039468209468,0.5114317885518417,0.5501512452695607,-3.8317021681472196,40.40127652076943,Inf,0
115,01,30,41.69100381803412,50471,0.5193472310831962,0.4806527689168037,0.16718303382140237,0.6541547086445683,0.17865637494798992,0.0971012403162212,0.1594325691981534,0.09349407382457253,0.0868710229636821,0.5862675655326822,0.07058039468209468,0.5114317885518417,0.5501512452695607,-3.8196537852860795,40.42554219922933,1490.3829271902,33.864451262302325
115,02,21,40.8426567893141,36609,0.5244325002048676,0.4755674997951323,0.18981148351498267,0.6322277964434975,0.17797060285722088,0.0749696795869868,0.13023288808762873,0.0936724493976891,0.08674577016580623,0.6534682018082985,0.06763613319129176,0.5226725914392636,0.5604478570843235,-3.7928339050191338,40.44062027481739,3944.2172502052963,9.28168954133916
116,01,1,37.6277,1214,0.4802,0.5198,0.21660000000000001,0.6837,0.0997,0.12269999999999999,0.1565,0.0263,0.013700000000000002,0.2776,0.1664,0.5899,0.7077,-3.308940601334424,40.36159500011836,39.33427369093486,30.86366890968635
117,01,1,45.723,148,0.4729999999999999,0.527,0.1757,0.6081,0.2162,0.027,0.027,0.0328,0.0164,0.3934,0.0633,0.6066,0.6475,-3.5097301620475037,41.039719744181994,6.572508602164149,22.51803823448289
118,01,1,NA,75,NA,NA,NA,NA,NA,NA,NA,NA,NA,NA,NA,NA,NA,-3.4519802737012,41.00369682614349,1.3226604995887452,56.70389342035976
119,01,2,38.42152493730844,3589,0.4970576483700195,0.5029423516299806,0.20452777932571745,0.6692498467539705,0.12622237392031208,0.1248346614655893,0.19365210365004182,0.06274887155196433,0.043481053218166615,0.38219986068542766,0.12523831150738368,0.5461011702424073,0.6241858456394539,-4.060839718767142,40.4184231749773,138.91007269666397,25.836859273965324
120,01,1,48.0602,1762,0.4557,0.5443,0.0976,0.6555,0.2469,0.2026,0.2162,0.0371,0.022,0.2912,0.1151,0.4692,0.5302,-3.8956761130335567,40.8640802237609,11.80322548199434,149.28122848181684
121,01,1,43.0102,295,0.4441,0.5559,0.1424,0.678,0.1797,0.0915,0.1288,0.0356,0.0316,0.3636,0.1156,0.5138,0.581,-3.5940789211785527,40.81634721167467,22.617900014914813,13.042767003367667
122,01,1,42.67320000000001,863,0.4855,0.5145,0.153,0.6802,0.1669,0.1437,0.1738,0.0356,0.0287,0.3146,0.1354,0.5417,0.6265,-3.412051221248672,40.662887929338574,26.59724597642522,32.446968410373394
123,01,45,36.95752437065786,93272,0.5041144963118621,0.49588550368813794,0.2098905073333905,0.7042886589758984,0.08582252873316751,0.08898850458872974,0.13105497362552535,0.06930986576893387,0.0530153990479458,0.4634678059867913,0.10504229993996055,0.626535810318209,0.6976720183978042,-3.5283103195715206,40.33988148130354,1382.7482320387066,67.45407286652679
124,01,1,NA,97,NA,NA,NA,NA,NA,NA,NA,NA,NA,NA,NA,NA,NA,-3.520516626017517,40.948473033203584,4.615013042897241,21.018358799502927
125,01,2,44.24637870680044,4485,0.47510702341137123,0.5248929765886288,0.14404604236343369,0.6628399108138239,0.1931140468227425,0.11146934225195095,0.15270445930880713,0.043752619843924194,0.02995195094760312,0.33963154960981046,0.17550914158305464,0.4666180602006689,0.5651969899665552,-4.242034636381935,40.48043006598316,47.62204804493585,94.1790658765449
126,01,1,NA,70,NA,NA,NA,NA,NA,NA,NA,NA,NA,NA,NA,NA,NA,-3.6046334470306887,41.12260324940239,3.834683589565004,18.254439607608045
127,01,49,39.5038713045942,95294,0.5165058314269524,0.4834941685730476,0.19539118307553466,0.6624146829810901,0.1422129703863832,0.08706659600814322,0.15437409070875396,0.08622723781140469,0.076624547190799,0.6414210506432724,0.07750200432346212,0.5607437404243709,0.607603712720633,-3.891994281581113,40.52179401544833,1634.6601762438488,58.295908461517826
128,01,1,49.7288,579,0.4197,0.5803,0.0898,0.6339,0.2763,0.0725,0.0812,0.0361,0.0247,0.26,0.1906,0.4592,0.5674,-4.515494204070221,40.30270347109484,19.458026680875406,29.75635759452824
129,01,6,37.90002619257302,13626,0.5066155805078526,0.49338441949214734,0.21011583003082343,0.6856186848671657,0.10426548510201085,0.14104745339791575,0.2040944884779099,0.07464727726405401,0.060770974607368265,0.46630485102010866,0.09652934096580068,0.5785514237487157,0.640285696462645,-3.632134138319306,40.68599843949925,355.9771052806036,38.2777425791446
130,01,23,41.779139813164996,39286,0.51297499363641,0.4870250063635901,0.14508939316804967,0.7036815837702999,0.15122315328615793,0.13471898386193554,0.14994820801303263,0.05494013898080741,0.03760463778445248,0.2660995010945375,0.13300040981520136,0.5406005090872066,0.6233365371888204,-3.4848112165135614,40.43606349657692,1012.241331874115,38.81090285778383
131,01,7,42.683211080987135,14385,0.5208142718109141,0.47918572818908584,0.15836709767118523,0.6638122697254084,0.1778206326034063,0.09662407368786931,0.16425707334028503,0.07091681612791101,0.05592007646854362,0.4792872714633299,0.1170432186305179,0.5008235175530066,0.5665488008342023,-4.1280356139997325,40.62023172622614,286.705922051099,50.173361949029406
131,02,2,42.56068144304423,4047,0.5191205090190264,0.48087949098097355,0.15492115147022487,0.6730925871015566,0.17198626142821843,0.12105779589819618,0.18530951321966888,0.05125186557944156,0.03861383741042748,0.3944343958487769,0.15012772424017792,0.49355515196441807,0.5807448974549049,-4.1494364041746294,40.60681992256957,646.2007120572556,6.262760044191071
132,01,8,37.746404805942994,19788,0.48593417727915905,0.514065822720841,0.20058961997170002,0.6959843036183545,0.103430942995755,0.192268470790378,0.2261642106327067,0.04243079138872043,0.027552056802102286,0.22656144633110978,0.16240237012330705,0.5424860268849808,0.6457550333535476,-3.5616196724062723,40.24313683665753,188.15394269281117,105.16920196727848
133,01,4,43.02749612651845,8726,0.5024159981663993,0.4975840018336007,0.16605920238368096,0.6350882191152877,0.1988188631675453,0.14875940866376347,0.16466894338757734,0.04737620903048362,0.03362385972954389,0.2389796011918405,0.20341198716479486,0.43674469401787763,0.5485191382076553,-4.3658567531631585,40.36192571176308,74.96029161243582,116.40829847775521
134,01,53,39.93258300754194,90958,0.5135829998460828,0.4864170001539172,0.18241366015083885,0.6700141955627872,0.14756853932584268,0.10881927043250732,0.1758306526088964,0.05842812067107896,0.04576671650651949,0.4654898535587854,0.10077288308889816,0.5700817849996702,0.6318551749158953,-3.5996249167978274,40.57508371207062,1534.968622928579,59.257237341086814
135,01,1,44.7162,1420,0.46129999999999993,0.5387,0.15,0.657,0.193,0.11829999999999999,0.1444,0.034,0.0199,0.3099,0.1755,0.47470000000000007,0.5758,-4.245459812087561,40.59496311322658,18.715773945193085,75.87182898010528
136,01,1,43.8139,924,0.4892,0.5108,0.1396,0.671,0.1894,0.0801,0.0887,0.0528,0.0428,0.2742,0.0989,0.5384,0.5975,-3.223430055412973,40.47143424422552,32.72909668677158,28.23175991818502
137,01,1,37.3592,2742,0.4869,0.5131,0.22679999999999997,0.6685,0.1047,0.1182,0.1554,0.0382,0.0278,0.3042,0.12470000000000002,0.5892,0.6731,-3.2557152989803018,40.51280300493844,78.38166720692476,34.982670026158274
138,01,1,NA,95,NA,NA,NA,NA,NA,NA,NA,NA,NA,NA,NA,NA,NA,-3.622307005944308,41.03737531128158,17.207156000163874,5.520958838235399
140,01,3,38.89359596483319,4436,0.5036218214607755,0.4963781785392245,0.19140315599639315,0.69137042380523,0.11722642019837691,0.05205504959422903,0.08205437330928765,0.05767407574391344,0.04012382777276826,0.26686005410279534,0.11282709648331832,0.5899087015329125,0.664874526600541,-3.892963121846818,40.20742684559174,341.2560232792336,12.999037957991533
141,01,4,38.69903258762118,9387,0.5082443059550443,0.4917556940449558,0.20964442313838283,0.6720925109193565,0.11826306594226059,0.10567301587301586,0.15562095451155855,0.053382656865878335,0.039789048684350695,0.3800714924896133,0.12345651432832642,0.5718475018642803,0.6524400021306062,-4.0386055068759665,40.35388857049518,379.3743811826151,24.743368201980637
143,01,1,NA,87,NA,NA,NA,NA,NA,NA,NA,NA,NA,NA,NA,NA,NA,-3.568605955858046,41.14162665523145,4.257282209640954,20.43557267662021
144,01,4,42.28021747658403,9075,0.50932782369146,0.49067217630854,0.15516721763085398,0.6786863691460056,0.16617734435261708,0.09475789531680441,0.13574027548209366,0.07497714600550964,0.058269123966942143,0.49080173002754823,0.09720272176308539,0.5166948319559228,0.57227573553719,-3.7882475216394647,40.74749950439994,214.7563859120005,42.2571834661001
145,01,2,38.764944871171615,4114,0.505840034030141,0.494159965969859,0.2032139766650462,0.6704100631988332,0.1264314535731648,0.14680836169178416,0.17983760330578513,0.04433259601361206,0.02877654350996597,0.33029482255712206,0.12325456976178902,0.5641188138065143,0.6435607194944093,-3.4911135923103873,40.736556443107226,103.95467395748284,39.57494014826706
146,01,1,41.5679,2768,0.491,0.509,0.1712,0.6608,0.168,0.2092,0.2099,0.030100000000000002,0.0187,0.2014,0.1771,0.4983,0.6055,-3.302114619814015,40.2332357829818,104.04216275198918,26.60459881633015
147,01,1,41.4594,1367,0.4872000000000001,0.5128,0.1748,0.6547,0.1704,0.0827,0.1178,0.0319,0.0213,0.2092,0.1626,0.5115,0.6108,-3.560830787667674,40.14591253896737,134.20857276325717,10.185638457025968
148,01,25,42.24167856832639,39143,0.5092040824668523,0.4907959175331477,0.1480033211557622,0.6740423983854074,0.17797405921876197,0.12803981299338324,0.17469031244411518,0.05021718570370181,0.035113259075696804,0.2638257440666275,0.13808204532100246,0.5195225608665662,0.6009077612855428,-3.4532057627931687,40.48175533443033,2134.07050132893,18.341943237407033
148,02,26,37.86403496647958,51312,0.5057678944496414,0.49423210555035857,0.2035392325381977,0.6765426333021515,0.11991024906454631,0.13715747193638914,0.18670301488930466,0.04434071951980043,0.031088020346117868,0.3317426099158091,0.1354051625350795,0.5930310278297474,0.6809035176956657,-3.453388123431664,40.45366757732521,9009.103929294542,5.695571990589522
148,03,8,39.47486467627388,14503,0.5037053713024892,0.4962946286975109,0.1877573605460939,0.6802610149624216,0.1319733503413087,0.19534894849341514,0.26193011790664,0.0409730400606771,0.03005762256084948,0.2759562021650693,0.14574059849686274,0.5445000620561263,0.6344157898365855,-3.4776993926010986,40.44366910799514,3198.2649891050305,4.534646143895153
148,04,19,42.14206075864738,28419,0.5127242021183012,0.4872757978816989,0.15564899890918046,0.6626607340159753,0.18171627784228864,0.23564704950913123,0.2959690770259334,0.03124946690594321,0.020117836658573487,0.19893959322988142,0.18070472923044442,0.48446712762588406,0.589186801083782,-3.4858822776375753,40.469044719780086,7315.4803258397105,3.8847756721617475
149,01,5,37.28844382929642,9537,0.5032031561287617,0.49679684387123835,0.20857346125616025,0.6816638146167557,0.10977920729789242,0.10286250393205411,0.125408545664255,0.054879689629862644,0.0404337003250498,0.304699538638985,0.11415685225962043,0.590784187899759,0.6669699486211597,-3.798562041078144,40.20311328406012,1061.121053597794,8.987664477737235
150,01,3,39.456157719145224,4586,0.5048165067597035,0.4951834932402966,0.19475518970780636,0.6725075010902748,0.13283730920191889,0.05188890100305277,0.07869638028783255,0.04924297863061492,0.03274533362407327,0.2769192978630615,0.11221812036633232,0.5656155473179242,0.6371688181421719,-3.747427840567142,40.174609270679184,88.00558167986888,52.110331100158376
151,01,1,41.4009,1609,0.4767,0.5233,0.1809,0.6594,0.1597,0.1566,0.19450000000000003,0.0402,0.0266,0.2413,0.1474,0.5046,0.5918,-3.5376459832208482,40.84311102595039,190.99738237916668,8.424199221776895
151,02,2,41.34985508654723,3293,0.5107925296082599,0.48920747039174006,0.18190753112663227,0.6574567263893107,0.1606357424840571,0.163042544791983,0.1882811114485272,0.04755866990586092,0.03130513209839053,0.29214688733677496,0.11924251442453691,0.5445256908593986,0.6180737321591254,-3.549634678495717,40.817762209221335,94.99760763745878,34.66403083083039
152,01,10,39.70829788003491,24057,0.5167829862410109,0.483217013758989,0.18987480982666166,0.672744423660473,0.13736104668079976,0.06887452716465063,0.12639940142162365,0.09535768383422705,0.08326731512657438,0.6187574261129817,0.08045095814108161,0.5465938022197282,0.5941354034168849,-3.926194587113846,40.57565256359952,1106.2075867915114,21.747274460280895
153,01,1,47.3239,1065,0.4910999999999999,0.5089,0.138,0.5887,0.2732,0.0958,0.1183,0.0436,0.0349,0.3671,0.1352,0.439,0.5076,-3.500299267687309,40.83371462933137,56.41582896713677,18.877680599542046
154,01,4,40.43780229661347,7707,0.4895627741014662,0.5104372258985338,0.17723997664460878,0.6785982223952252,0.1441379006098352,0.10300172570390553,0.12105279615933567,0.0477772025431426,0.03280426884650318,0.32778118593486444,0.16185790839496564,0.5218873232126638,0.623014493317763,-3.3681925395284527,40.40995273088162,177.1973569938937,43.493876718858665
155,01,1,45.9528,614,0.4788,0.5212,0.127,0.6466,0.22640000000000002,0.0847,0.0961,0.0299,0.0168,0.23879999999999998,0.2071,0.4571,0.5765,-3.199370070123838,40.198247752755734,9.63406598829926,63.732177124976474
156,01,1,39.2114,1670,0.4856,0.5144,0.19219999999999998,0.6737,0.1341,0.1593,0.1557,0.046,0.0297,0.2557,0.1519,0.5589,0.659,-3.350226245579374,40.62268555147104,89.39757642449472,18.6805959041908
157,01,1,42.5415,1023,0.4976,0.5024,0.1623,0.65,0.1877,0.132,0.1584,0.0432,0.0292,0.2217,0.1406,0.4994,0.5811,-3.3719129286596794,40.17619437700125,24.373149394028932,41.97241741153977
158,01,1,43.8366,1022,0.4824,0.5176,0.1624,0.6331,0.2045,0.1125,0.1399,0.035,0.0187,0.3575,0.1393,0.4836,0.5619,-3.665535707335117,40.86259467717934,57.410881093595506,17.801503487359117
159,01,1,44.9268,792,0.4836,0.5164,0.1616,0.6174,0.221,0.072,0.0934,0.0211,0.0166,0.24850000000000003,0.1978,0.4398000000000001,0.5482,-4.299645566601662,40.50702409026342,15.307188024990594,51.740397955978374
160,01,5,40.63153848649465,13254,0.49436922438509123,0.5056307756149087,0.17992237814999248,0.6784544967556964,0.1415984004828731,0.12727966651576883,0.17775433076807,0.06263813188471405,0.045769224385091296,0.44637156330164474,0.12289061415421758,0.5333881469744982,0.6078882978723404,-4.068600200674336,40.50399699343894,141.20235047373836,93.86529300349753
161,01,25,38.00248015592821,47586,0.507755858866053,0.492244141133947,0.20237420459799102,0.6960974425251124,0.10152113646870929,0.09337028117513554,0.15079965325936198,0.06550402008994241,0.047764231076367,0.34698622073719165,0.12459934854789224,0.584538736182911,0.6662712373387131,-3.655435459786893,40.18212973924731,790.8630592178164,60.16970883311171
161,02,15,36.822271978909214,30345,0.507888947108255,0.4921110528917449,0.22242244191794364,0.6798012193112539,0.09781327072005273,0.11299184050090624,0.17041085516559565,0.05083788433020267,0.03552126874279123,0.34400615587411437,0.12356724995880705,0.6072293755149119,0.6895464260998517,-3.688025987897702,40.200296094318126,7499.058833716483,4.046507791559921
162,01,2,37.51652963307013,4306,0.4854155132373432,0.5145844867626568,0.2199234556432884,0.6667516024152346,0.11332494194147702,0.10385278680910358,0.16351472364143055,0.057705921969345104,0.04234563399907107,0.4446091732466327,0.08974043195541105,0.5952586855550394,0.6544255457501161,-3.4618174716689722,40.63629777363279,166.45476772779344,25.868889541461986
163,01,1,41.9128,619,0.483,0.517,0.1535,0.6947,0.1519,0.10340000000000002,0.126,0.055299999999999995,0.0305,0.3569,0.10570000000000002,0.5649,0.6317,-3.470841066657357,40.76410683605532,35.03126177275,17.669931617521858
164,01,2,41.552600658873544,4705,0.5001097130712009,0.49989028692879917,0.1700330074388948,0.6675694580233794,0.16239753453772585,0.12304531349628055,0.1485348140276302,0.045969585547290116,0.0313286078639745,0.2984182359192349,0.14418490967056322,0.5202829755579171,0.6083400637619554,-3.512511977470382,40.690215897420465,136.49110201907095,34.471111525955756
165,01,1,40.1664,3065,0.4860999999999999,0.5139,0.1762,0.6799,0.1439,0.20820000000000002,0.2196,0.0305,0.0206,0.2048,0.1675,0.5176,0.6218,-3.3035812535144227,40.29519743800012,71.62540044392249,42.79208187324095
166,01,1,43.3049,515,0.466,0.534,0.1301,0.699,0.1709,0.1515,0.1728,0.0424,0.0246,0.2076,0.092,0.529,0.5826,-3.300771352013635,40.404826161283424,38.050275282761746,13.534724681303818
167,01,6,38.13674165204912,12542,0.4979184101419232,0.5020815898580768,0.18319984850900975,0.7227703635783767,0.09401215914527189,0.0984716153723489,0.12636496571519695,0.058540966353053746,0.03812773082442991,0.29985064583001114,0.1230804496890448,0.5932603970658588,0.6765170945622707,-3.476000908215501,40.36389564949003,871.9209662965153,14.384331246525877
168,01,1,41.3011,2086,0.4779,0.5221,0.1663,0.6702,0.1635,0.1918,0.2416,0.042,0.0282,0.3491,0.1525,0.5175,0.6107,-3.5611351670211904,40.76916146269453,62.24024410323874,33.51529271864557
169,01,1,41.0615,2392,0.4812,0.5188,0.166,0.7007,0.1334,0.0924,0.1434,0.0757,0.0581,0.5619,0.1054,0.5574,0.6231,-3.622333825756157,40.79723535430577,233.80827790664492,10.230604414079295
170,01,2,42.308607766143105,3438,0.489235427574171,0.510764572425829,0.15769371727748693,0.6570667539267016,0.18528161721931355,0.10703862710878416,0.12447347294938918,0.030335107620709716,0.019277515997673064,0.14435381035485748,0.1841503490401396,0.4679813554392088,0.5738155613728912,-3.4991374945364457,40.11259775082912,103.41175123856016,33.245738117990975
171,01,4,41.33608696678966,6775,0.49003461254612546,0.5099653874538745,0.17343716605166049,0.6546015498154982,0.17193725461254614,0.19553619188191881,0.2168211070110701,0.03965012546125461,0.026488221402214022,0.1980368856088561,0.149644147601476,0.48445867158671585,0.5698172841328413,-4.306256111796055,40.27516183877703,87.66617509118637,77.28180216546407
172,01,6,36.80355606805796,15046,0.4947329389871062,0.5052670610128938,0.2179169147946298,0.6832198192210555,0.0988331117905091,0.06930548983118437,0.10658321148478002,0.05919363285923169,0.04625949089458992,0.44880543666090655,0.09407471088661438,0.6353800943772432,0.7002156054765386,-3.325557777252616,40.44228777117684,434.99163284572916,34.589171064207804
173,01,1,44.783899999999996,768,0.4818,0.5182,0.1328,0.6549,0.21220000000000003,0.1354,0.1471,0.018,0.012000000000000002,0.1802,0.1592,0.476,0.5661,-3.2487089817753563,40.076157282281876,25.93293863457676,29.614846617344575
174,01,1,43.2311,2648,0.4943,0.5057,0.1605,0.642,0.1975,0.1443,0.1601,0.0396,0.027899999999999998,0.22849999999999998,0.1596,0.4737,0.5637,-4.121259623251075,40.29177917458384,41.919985883579386,63.16796020289827
175,01,1,38.829,1515,0.5083,0.4917,0.21580000000000002,0.6627,0.1215,0.1525,0.18549999999999997,0.0421,0.031100000000000003,0.3779,0.1483,0.5657,0.6641,-4.143887068878096,40.342478372857435,63.28666627395331,23.9386918160915
176,01,8,37.91979268249232,22453,0.512009909588919,0.48799009041108093,0.1941522246470405,0.691664022625039,0.11419262459359551,0.16061388233198237,0.2326980002672249,0.09492444662183228,0.08103544292522158,0.5397403732240681,0.08741584643477486,0.5256221173117178,0.5758470582995591,-3.9853607249552097,40.447860613577724,645.3404917463126,34.79248596231958
177,01,8,36.41800459284142,17266,0.5145327638132747,0.4854672361867253,0.23452953781999303,0.6793057743542221,0.08618253793582764,0.11421018186030349,0.17663689331634427,0.07977169002664196,0.06536005444225645,0.4977333256110275,0.09143581605467394,0.5996080794625275,0.6599077435422217,-3.9684936247527864,40.49044696778881,677.580039271844,25.481860443461066
178,01,1,40.1132,1608,0.48380000000000006,0.5162,0.1766,0.6903,0.1331,0.0964,0.1256,0.052099999999999994,0.031,0.3097,0.1503,0.5506,0.6479999999999999,-4.09058620609743,40.37279614724863,51.12203022077827,31.454149865637323
179,01,1,41.313,2192,0.5014,0.4986,0.1592,0.7067,0.1341,0.1423,0.1565,0.0521,0.0358,0.3521,0.1536,0.5144,0.6077,-3.24087915688116,40.332153398357114,78.83591829120223,27.80458511186795
180,01,5,41.20368596607474,7546,0.501457368142062,0.49854263185793796,0.17426293400477075,0.661675576464352,0.1640371322554996,0.11117562947256825,0.11875723562152134,0.03909177047442353,0.024107222369467267,0.21157001060164327,0.17088919957593426,0.5077589583885502,0.6117915054333422,-3.2682380137299347,40.12990004671849,63.36725620782012,119.08358435549167
181,01,16,42.673861575528264,28016,0.5162772986864649,0.4837227013135352,0.15271203954882925,0.6493520131353512,0.19795237721302114,0.09566387421473443,0.13910857724157624,0.0960537407195888,0.08572532481439177,0.492926934608795,0.08842233009708739,0.4893191640491148,0.5363683395202741,-3.9369690282060317,40.36067704952566,410.68821373946105,68.21719996516198
182,01,1,46.75,280,0.4571,0.5429,0.1,0.7,0.2,0.0714,0.0964,0.0516,0.0476,0.3611,0.1224,0.5119,0.5833,-3.7022128704830592,41.02821133603639,12.130563867280587,23.08219164941176
183,01,1,42.154199999999996,1771,0.4862,0.5138,0.18239999999999998,0.6488,0.1688,0.1491,0.1937,0.0518,0.0352,0.3363,0.191,0.4448,0.5497,-4.17974105869119,40.54348900264642,87.77936764118594,20.17558393948887
901,01,1,44.2606,1412,0.4816,0.5184,0.1487,0.6523,0.199,0.20539999999999997,0.21030000000000001,0.0358,0.0216,0.2995,0.1988,0.4293,0.5358,-3.62093437586887,40.916496684121064,27.432686012950416,51.47144538939509
902,01,1,45.1983,716,0.4483,0.5517,0.1494,0.6453,0.2053,0.08939999999999998,0.11030000000000001,0.0378,0.024600000000000004,0.37110000000000004,0.1421,0.5452,0.6355,-3.5607199800911937,40.97826722675417,12.222169122636439,58.58207269231044
903,01,25,39.9434179000944,48726,0.51448771497763,0.48551228502237,0.17462572753765956,0.6877769014489185,0.13760393013996636,0.07045555145097072,0.1288219266921151,0.08736570003694126,0.07555967245413127,0.6360118909822271,0.0778116693346468,0.5829718938554366,0.6307085005951648,-3.7259668107836443,40.61134376378323,1283.5352382806652,37.96233912928637
