GEOCODIGO,campana,ano,semana,n_vacunas,tuits_gripe,interes_gripe
001,NA,2022,35,0,76,22
001,2022,2022,36,0,86,21
001,2022,2022,37,0,64,22
001,2022,2022,38,0,98,32
001,2022,2022,39,0,126,42
001,2022,2022,40,0,112,60
001,2022,2022,41,360,176,77
001,2022,2022,42,341,180,100
001,2022,2022,43,371,270,69
001,2022,2022,44,347,218,77
002,NA,2022,35,0,76,22
002,2022,2022,36,0,86,21
002,2022,2022,37,0,64,22
002,2022,2022,38,0,98,32
002,2022,2022,39,0,126,42
002,2022,2022,40,0,112,60
002,2022,2022,41,194,176,77
002,2022,2022,42,214,180,100
002,2022,2022,43,196,270,69
002,2022,2022,44,199,218,77
003,NA,2022,35,0,76,22
003,2022,2022,36,0,86,21
003,2022,2022,37,0,64,22
003,2022,2022,38,0,98,32
003,2022,2022,39,0,126,42
003,2022,2022,40,0,112,60
003,2022,2022,41,325,176,77
003,2022,2022,42,341,180,100
003,2022,2022,43,344,270,69
003,2022,2022,44,352,218,77
004,NA,2022,35,0,76,22
004,2022,2022,36,0,86,21
004,2022,2022,37,0,64,22
004,2022,2022,38,0,98,32
004,2022,2022,39,0,126,42
004,2022,2022,40,0,112,60
004,2022,2022,41,249,176,77
004,2022,2022,42,230,180,100
004,2022,2022,43,254,270,69
004,2022,2022,44,244,218,77
005,NA,2022,35,0,76,22
005,2022,2022,36,0,86,21
005,2022,2022,37,0,64,22
005,2022,2022,38,0,98,32
005,2022,2022,39,0,126,42
005,2022,2022,40,0,112,60
005,2022,2022,41,301,176,77
005,2022,2022,42,317,180,100
005,2022,2022,43,294,270,69
005,2022,2022,44,332,218,77
006,NA,2022,35,0,76,22
006,2022,2022,36,0,86,21
006,2022,2022,37,0,64,22
006,2022,2022,38,0,98,32
006,2022,2022,39,0,126,42
006,2022,2022,40,0,112,60
006,2022,2022,41,234,176,77
006,2022,2022,42,222,180,100
006,2022,2022,43,239,270,69
006,2022,2022,44,231,218,77
007,NA,2022,35,0,76,22
007,2022,2022,36,0,86,21
007,2022,2022,37,0,64,22
007,2022,2022,38,0,98,32
007,2022,2022,39,0,126,42
007,2022,2022,40,0,112,60
007,2022,2022,41,139,176,77
007,2022,2022,42,135,180,100
007,2022,2022,43,149,270,69
007,2022,2022,44,157,218,77
008,NA,2022,35,0,76,22
008,2022,2022,36,0,86,21
008,2022,2022,37,0,64,22
008,2022,2022,38,0,98,32
008,2022,2022,39,0,126,42
008,2022,2022,40,0,112,60
008,2022,2022,41,308,176,77
008,2022,2022,42,337,180,100
008,2022,2022,43,315,270,69
008,2022,2022,44,300,218,77
009,NA,2022,35,0,76,22
009,2022,2022,36,0,86,21
009,2022,2022,37,0,64,22
009,2022,2022,38,0,98,32
009,2022,2022,39,0,126,42
009,2022,2022,40,0,112,60
009,2022,2022,41,171,176,77
009,2022,2022,42,172,180,100
009,2022,2022,43,161,270,69
009,2022,2022,44,183,218,77
010,NA,2022,35,0,76,22
010,2022,2022,36,0,86,21
010,2022,2022,37,0,64,22
010,2022,2022,38,0,98,32
010,2022,2022,39,0,126,42
010,2022,2022,40,0,112,60
010,2022,2022,41,304,176,77
010,2022,2022,42,330,180,100
010,2022,2022,43,302,270,69
010,2022,2022,44,326,218,77
011,NA,2022,35,0,76,22
011,2022,2022,36,0,86,21
011,2022,2022,37,0,64,22
011,2022,2022,38,0,98,32
011,2022,2022,39,0,126,42
011,2022,2022,40,0,112,60
011,2022,2022,41,258,176,77
011,2022,2022,42,304,180,100
011,2022,2022,43,271,270,69
011,2022,2022,44,282,218,77
012,NA,2022,35,0,76,22
012,2022,2022,36,0,86,21
012,2022,2022,37,0,64,22
012,2022,2022,38,0,98,32
012,2022,2022,39,0,126,42
012,2022,2022,40,0,112,60
012,2022,2022,41,288,176,77
012,2022,2022,42,308,180,100
012,2022,2022,43,326,270,69
012,2022,2022,44,318,218,77
013,NA,2022,35,0,76,22
013,2022,2022,36,0,86,21
013,2022,2022,37,0,64,22
013,2022,2022,38,0,98,32
013,2022,2022,39,0,126,42
013,2022,2022,40,0,112,60
013,2022,2022,41,181,176,77
013,2022,2022,42,165,180,100
013,2022,2022,43,178,270,69
013,2022,2022,44,186,218,77
014,NA,2022,35,0,76,22
014,2022,2022,36,0,86,21
014,2022,2022,37,0,64,22
014,2022,2022,38,0,98,32
014,2022,2022,39,0,126,42
014,2022,2022,40,0,112,60
014,2022,2022,41,409,176,77
014,2022,2022,42,377,180,100
014,2022,2022,43,412,270,69
014,2022,2022,44,422,218,77
015,NA,2022,35,0,76,22
015,2022,2022,36,0,86,21
015,2022,2022,37,0,64,22
015,2022,2022,38,0,98,32
015,2022,2022,39,0,126,42
015,2022,2022,40,0,112,60
015,2022,2022,41,243,176,77
015,2022,2022,42,251,180,100
015,2022,2022,43,291,270,69
015,2022,2022,44,295,218,77
016,NA,2022,35,0,76,22
016,2022,2022,36,0,86,21
016,2022,2022,37,0,64,22
016,2022,2022,38,0,98,32
016,2022,2022,39,0,126,42
016,2022,2022,40,0,112,60
016,2022,2022,41,286,176,77
016,2022,2022,42,317,180,100
016,2022,2022,43,326,270,69
016,2022,2022,44,323,218,77
017,NA,2022,35,0,76,22
017,2022,2022,36,0,86,21
017,2022,2022,37,0,64,22
017,2022,2022,38,0,98,32
017,2022,2022,39,0,126,42
017,2022,2022,40,0,112,60
017,2022,2022,41,154,176,77
017,2022,2022,42,166,180,100
017,2022,2022,43,161,270,69
017,2022,2022,44,151,218,77
018,NA,2022,35,0,76,22
018,2022,2022,36,0,86,21
018,2022,2022,37,0,64,22
018,2022,2022,38,0,98,32
018,2022,2022,39,0,126,42
018,2022,2022,40,0,112,60
018,2022,2022,41,286,176,77
018,2022,2022,42,268,180,100
018,2022,2022,43,262,270,69
018,2022,2022,44,292,218,77
019,NA,2022,35,0,76,22
019,2022,2022,36,0,86,21
019,2022,2022,37,0,64,22
019,2022,2022,38,0,98,32
019,2022,2022,39,0,126,42
019,2022,2022,40,0,112,60
019,2022,2022,41,537,176,77
019,2022,2022,42,533,180,100
019,2022,2022,43,526,270,69
019,2022,2022,44,561,218,77
020,NA,2022,35,0,76,22
020,2022,2022,36,0,86,21
020,2022,2022,37,0,64,22
020,2022,2022,38,0,98,32
020,2022,2022,39,0,126,42
020,2022,2022,40,0,112,60
020,2022,2022,41,309,176,77
020,2022,2022,42,315,180,100
020,2022,2022,43,360,270,69
020,2022,2022,44,329,218,77
021,NA,2022,35,0,76,22
021,2022,2022,36,0,86,21
021,2022,2022,37,0,64,22
021,2022,2022,38,0,98,32
021,2022,2022,39,0,126,42
021,2022,2022,40,0,112,60
021,2022,2022,41,243,176,77
021,2022,2022,42,227,180,100
021,2022,2022,43,232,270,69
021,2022,2022,44,232,218,77
022,NA,2022,35,0,76,22
022,2022,2022,36,0,86,21
022,2022,2022,37,0,64,22
022,2022,2022,38,0,98,32
022,2022,2022,39,0,126,42
022,2022,2022,40,0,112,60
022,2022,2022,41,396,176,77
022,2022,2022,42,381,180,100
022,2022,2022,43,418,270,69
022,2022,2022,44,438,218,77
023,NA,2022,35,0,76,22
023,2022,2022,36,0,86,21
023,2022,2022,37,0,64,22
023,2022,2022,38,0,98,32
023,2022,2022,39,0,126,42
023,2022,2022,40,0,112,60
023,2022,2022,41,260,176,77
023,2022,2022,42,292,180,100
023,2022,2022,43,288,270,69
023,2022,2022,44,302,218,77
024,NA,2022,35,0,76,22
024,2022,2022,36,0,86,21
024,2022,2022,37,0,64,22
024,2022,2022,38,0,98,32
024,2022,2022,39,0,126,42
024,2022,2022,40,0,112,60
024,2022,2022,41,401,176,77
024,2022,2022,42,369,180,100
024,2022,2022,43,378,270,69
024,2022,2022,44,414,218,77
025,NA,2022,35,0,76,22
025,2022,2022,36,0,86,21
025,2022,2022,37,0,64,22
025,2022,2022,38,0,98,32
025,2022,2022,39,0,126,42
025,2022,2022,40,0,112,60
025,2022,2022,41,242,176,77
025,2022,2022,42,243,180,100
025,2022,2022,43,245,270,69
025,2022,2022,44,257,218,77
026,NA,2022,35,0,76,22
026,2022,2022,36,0,86,21
026,2022,2022,37,0,64,22
026,2022,2022,38,0,98,32
026,2022,2022,39,0,126,42
026,2022,2022,40,0,112,60
026,2022,2022,41,221,176,77
026,2022,2022,42,246,180,100
026,2022,2022,43,217,270,69
026,2022,2022,44,230,218,77
027,NA,2022,35,0,76,22
027,2022,2022,36,0,86,21
027,2022,2022,37,0,64,22
027,2022,2022,38,0,98,32
027,2022,2022,39,0,126,42
027,2022,2022,40,0,112,60
027,2022,2022,41,184,176,77
027,2022,2022,42,168,180,100
027,2022,2022,43,177,270,69
027,2022,2022,44,190,218,77
028,NA,2022,35,0,76,22
028,2022,2022,36,0,86,21
028,2022,2022,37,0,64,22
028,2022,2022,38,0,98,32
028,2022,2022,39,0,126,42
028,2022,2022,40,0,112,60
028,2022,2022,41,167,176,77
028,2022,2022,42,164,180,100
028,2022,2022,43,165,270,69
028,2022,2022,44,166,218,77
029,NA,2022,35,0,76,22
029,2022,2022,36,0,86,21
029,2022,2022,37,0,64,22
029,2022,2022,38,0,98,32
029,2022,2022,39,0,126,42
029,2022,2022,40,0,112,60
029,2022,2022,41,218,176,77
029,2022,2022,42,211,180,100
029,2022,2022,43,216,270,69
029,2022,2022,44,209,218,77
030,NA,2022,35,0,76,22
030,2022,2022,36,0,86,21
030,2022,2022,37,0,64,22
030,2022,2022,38,0,98,32
030,2022,2022,39,0,126,42
030,2022,2022,40,0,112,60
030,2022,2022,41,677,176,77
030,2022,2022,42,709,180,100
030,2022,2022,43,642,270,69
030,2022,2022,44,754,218,77
031,NA,2022,35,0,76,22
031,2022,2022,36,0,86,21
031,2022,2022,37,0,64,22
031,2022,2022,38,0,98,32
031,2022,2022,39,0,126,42
031,2022,2022,40,0,112,60
031,2022,2022,41,207,176,77
031,2022,2022,42,199,180,100
031,2022,2022,43,200,270,69
031,2022,2022,44,217,218,77
032,NA,2022,35,0,76,22
032,2022,2022,36,0,86,21
032,2022,2022,37,0,64,22
032,2022,2022,38,0,98,32
032,2022,2022,39,0,126,42
032,2022,2022,40,0,112,60
032,2022,2022,41,251,176,77
032,2022,2022,42,260,180,100
032,2022,2022,43,240,270,69
032,2022,2022,44,268,218,77
033,NA,2022,35,0,76,22
033,2022,2022,36,0,86,21
033,2022,2022,37,0,64,22
033,2022,2022,38,0,98,32
033,2022,2022,39,0,126,42
033,2022,2022,40,0,112,60
033,2022,2022,41,61,176,77
033,2022,2022,42,63,180,100
033,2022,2022,43,67,270,69
033,2022,2022,44,70,218,77
034,NA,2022,35,0,76,22
034,2022,2022,36,0,86,21
034,2022,2022,37,0,64,22
034,2022,2022,38,0,98,32
034,2022,2022,39,0,126,42
034,2022,2022,40,0,112,60
034,2022,2022,41,226,176,77
034,2022,2022,42,252,180,100
034,2022,2022,43,242,270,69
034,2022,2022,44,259,218,77
035,NA,2022,35,0,76,22
035,2022,2022,36,0,86,21
035,2022,2022,37,0,64,22
035,2022,2022,38,0,98,32
035,2022,2022,39,0,126,42
035,2022,2022,40,0,112,60
035,2022,2022,41,268,176,77
035,2022,2022,42,288,180,100
035,2022,2022,43,317,270,69
035,2022,2022,44,285,218,77
036,NA,2022,35,0,76,22
036,2022,2022,36,0,86,21
036,2022,2022,37,0,64,22
036,2022,2022,38,0,98,32
036,2022,2022,39,0,126,42
036,2022,2022,40,0,112,60
036,2022,2022,41,68,176,77
036,2022,2022,42,69,180,100
036,2022,2022,43,68,270,69
036,2022,2022,44,67,218,77
037,NA,2022,35,0,76,22
037,2022,2022,36,0,86,21
037,2022,2022,37,0,64,22
037,2022,2022,38,0,98,32
037,2022,2022,39,0,126,42
037,2022,2022,40,0,112,60
037,2022,2022,41,176,176,77
037,2022,2022,42,162,180,100
037,2022,2022,43,176,270,69
037,2022,2022,44,172,218,77
038,NA,2022,35,0,76,22
038,2022,2022,36,0,86,21
038,2022,2022,37,0,64,22
038,2022,2022,38,0,98,32
038,2022,2022,39,0,126,42
038,2022,2022,40,0,112,60
038,2022,2022,41,246,176,77
038,2022,2022,42,224,180,100
038,2022,2022,43,250,270,69
038,2022,2022,44,234,218,77
039,NA,2022,35,0,76,22
039,2022,2022,36,0,86,21
039,2022,2022,37,0,64,22
039,2022,2022,38,0,98,32
039,2022,2022,39,0,126,42
039,2022,2022,40,0,112,60
039,2022,2022,41,210,176,77
039,2022,2022,42,207,180,100
039,2022,2022,43,235,270,69
039,2022,2022,44,219,218,77
040,NA,2022,35,0,76,22
040,2022,2022,36,0,86,21
040,2022,2022,37,0,64,22
040,2022,2022,38,0,98,32
040,2022,2022,39,0,126,42
040,2022,2022,40,0,112,60
040,2022,2022,41,329,176,77
040,2022,2022,42,336,180,100
040,2022,2022,43,331,270,69
040,2022,2022,44,374,218,77
041,NA,2022,35,0,76,22
041,2022,2022,36,0,86,21
041,2022,2022,37,0,64,22
041,2022,2022,38,0,98,32
041,2022,2022,39,0,126,42
041,2022,2022,40,0,112,60
041,2022,2022,41,321,176,77
041,2022,2022,42,335,180,100
041,2022,2022,43,322,270,69
041,2022,2022,44,310,218,77
042,NA,2022,35,0,76,22
042,2022,2022,36,0,86,21
042,2022,2022,37,0,64,22
042,2022,2022,38,0,98,32
042,2022,2022,39,0,126,42
042,2022,2022,40,0,112,60
042,2022,2022,41,320,176,77
042,2022,2022,42,293,180,100
042,2022,2022,43,306,270,69
042,2022,2022,44,351,218,77
043,NA,2022,35,0,76,22
043,2022,2022,36,0,86,21
043,2022,2022,37,0,64,22
043,2022,2022,38,0,98,32
043,2022,2022,39,0,126,42
043,2022,2022,40,0,112,60
043,2022,2022,41,255,176,77
043,2022,2022,42,251,180,100
043,2022,2022,43,286,270,69
043,2022,2022,44,273,218,77
044,NA,2022,35,0,76,22
044,2022,2022,36,0,86,21
044,2022,2022,37,0,64,22
044,2022,2022,38,0,98,32
044,2022,2022,39,0,126,42
044,2022,2022,40,0,112,60
044,2022,2022,41,362,176,77
044,2022,2022,42,358,180,100
044,2022,2022,43,352,270,69
044,2022,2022,44,361,218,77
045,NA,2022,35,0,76,22
045,2022,2022,36,0,86,21
045,2022,2022,37,0,64,22
045,2022,2022,38,0,98,32
045,2022,2022,39,0,126,42
045,2022,2022,40,0,112,60
045,2022,2022,41,134,176,77
045,2022,2022,42,138,180,100
045,2022,2022,43,155,270,69
045,2022,2022,44,151,218,77
046,NA,2022,35,0,76,22
046,2022,2022,36,0,86,21
046,2022,2022,37,0,64,22
046,2022,2022,38,0,98,32
046,2022,2022,39,0,126,42
046,2022,2022,40,0,112,60
046,2022,2022,41,183,176,77
046,2022,2022,42,171,180,100
046,2022,2022,43,173,270,69
046,2022,2022,44,189,218,77
047,NA,2022,35,0,76,22
047,2022,2022,36,0,86,21
047,2022,2022,37,0,64,22
047,2022,2022,38,0,98,32
047,2022,2022,39,0,126,42
047,2022,2022,40,0,112,60
047,2022,2022,41,246,176,77
047,2022,2022,42,275,180,100
047,2022,2022,43,251,270,69
047,2022,2022,44,270,218,77
048,NA,2022,35,0,76,22
048,2022,2022,36,0,86,21
048,2022,2022,37,0,64,22
048,2022,2022,38,0,98,32
048,2022,2022,39,0,126,42
048,2022,2022,40,0,112,60
048,2022,2022,41,218,176,77
048,2022,2022,42,233,180,100
048,2022,2022,43,203,270,69
048,2022,2022,44,223,218,77
049,NA,2022,35,0,76,22
049,2022,2022,36,0,86,21
049,2022,2022,37,0,64,22
049,2022,2022,38,0,98,32
049,2022,2022,39,0,126,42
049,2022,2022,40,0,112,60
049,2022,2022,41,160,176,77
049,2022,2022,42,183,180,100
049,2022,2022,43,177,270,69
049,2022,2022,44,165,218,77
050,NA,2022,35,0,76,22
050,2022,2022,36,0,86,21
050,2022,2022,37,0,64,22
050,2022,2022,38,0,98,32
050,2022,2022,39,0,126,42
050,2022,2022,40,0,112,60
050,2022,2022,41,346,176,77
050,2022,2022,42,366,180,100
050,2022,2022,43,369,270,69
050,2022,2022,44,398,218,77
051,NA,2022,35,0,76,22
051,2022,2022,36,0,86,21
051,2022,2022,37,0,64,22
051,2022,2022,38,0,98,32
051,2022,2022,39,0,126,42
051,2022,2022,40,0,112,60
051,2022,2022,41,318,176,77
051,2022,2022,42,298,180,100
051,2022,2022,43,326,270,69
051,2022,2022,44,296,218,77
052,NA,2022,35,0,76,22
052,2022,2022,36,0,86,21
052,2022,2022,37,0,64,22
052,2022,2022,38,0,98,32
052,2022,2022,39,0,126,42
052,2022,2022,40,0,112,60
052,2022,2022,41,134,176,77
052,2022,2022,42,140,180,100
052,2022,2022,43,141,270,69
052,2022,2022,44,147,218,77
053,NA,2022,35,0,76,22
053,2022,2022,36,0,86,21
053,2022,2022,37,0,64,22
053,2022,2022,38,0,98,32
053,2022,2022,39,0,126,42
053,2022,2022,40,0,112,60
053,2022,2022,41,279,176,77
053,2022,2022,42,294,180,100
053,2022,2022,43,275,270,69
053,2022,2022,44,314,218,77
054,NA,2022,35,0,76,22
054,2022,2022,36,0,86,21
054,2022,2022,37,0,64,22
054,2022,2022,38,0,98,32
054,2022,2022,39,0,126,42
054,2022,2022,40,0,112,60
054,2022,2022,41,158,176,77
054,2022,2022,42,157,180,100
054,2022,2022,43,145,270,69
054,2022,2022,44,151,218,77
055,NA,2022,35,0,76,22
055,2022,2022,36,0,86,21
055,2022,2022,37,0,64,22
055,2022,2022,38,0,98,32
055,2022,2022,39,0,126,42
055,2022,2022,40,0,112,60
055,2022,2022,41,316,176,77
055,2022,2022,42,272,180,100
055,2022,2022,43,290,270,69
055,2022,2022,44,292,218,77
056,NA,2022,35,0,76,22
056,2022,2022,36,0,86,21
056,2022,2022,37,0,64,22
056,2022,2022,38,0,98,32
056,2022,2022,39,0,126,42
056,2022,2022,40,0,112,60
056,2022,2022,41,293,176,77
056,2022,2022,42,275,180,100
056,2022,2022,43,276,270,69
056,2022,2022,44,292,218,77
057,NA,2022,35,0,76,22
057,2022,2022,36,0,86,21
057,2022,2022,37,0,64,22
057,2022,2022,38,0,98,32
057,2022,2022,39,0,126,42
057,2022,2022,40,0,112,60
057,2022,2022,41,313,176,77
057,2022,2022,42,332,180,100
057,2022,2022,43,355,270,69
057,2022,2022,44,369,218,77
058,NA,2022,35,0,76,22
058,2022,2022,36,0,86,21
058,2022,2022,37,0,64,22
058,2022,2022,38,0,98,32
058,2022,2022,39,0,126,42
058,2022,2022,40,0,112,60
058,2022,2022,41,238,176,77
058,2022,2022,42,264,180,100
058,2022,2022,43,250,270,69
058,2022,2022,44,291,218,77
059,NA,2022,35,0,76,22
059,2022,2022,36,0,86,21
059,2022,2022,37,0,64,22
059,2022,2022,38,0,98,32
059,2022,2022,39,0,126,42
059,2022,2022,40,0,112,60
059,2022,2022,41,201,176,77
059,2022,2022,42,225,180,100
059,2022,2022,43,223,270,69
059,2022,2022,44,223,218,77
060,NA,2022,35,0,76,22
060,2022,2022,36,0,86,21
060,2022,2022,37,0,64,22
060,2022,2022,38,0,98,32
060,2022,2022,39,0,126,42
060,2022,2022,40,0,112,60
060,2022,2022,41,267,176,77
060,2022,2022,42,235,180,100
060,2022,2022,43,270,270,69
060,2022,2022,44,254,218,77
061,NA,2022,35,0,76,22
061,2022,2022,36,0,86,21
061,2022,2022,37,0,64,22
061,2022,2022,38,0,98,32
061,2022,2022,39,0,126,42
061,2022,2022,40,0,112,60
061,2022,2022,41,327,176,77
061,2022,2022,42,297,180,100
061,2022,2022,43,310,270,69
061,2022,2022,44,341,218,77
062,NA,2022,35,0,76,22
062,2022,2022,36,0,86,21
062,2022,2022,37,0,64,22
062,2022,2022,38,0,98,32
062,2022,2022,39,0,126,42
062,2022,2022,40,0,112,60
062,2022,2022,41,161,176,77
062,2022,2022,42,154,180,100
062,2022,2022,43,168,270,69
062,2022,2022,44,166,218,77
063,NA,2022,35,0,76,22
063,2022,2022,36,0,86,21
063,2022,2022,37,0,64,22
063,2022,2022,38,0,98,32
063,2022,2022,39,0,126,42
063,2022,2022,40,0,112,60
063,2022,2022,41,222,176,77
063,2022,2022,42,254,180,100
063,2022,2022,43,224,270,69
063,2022,2022,44,252,218,77
064,NA,2022,35,0,76,22
064,2022,2022,36,0,86,21
064,2022,2022,37,0,64,22
064,2022,2022,38,0,98,32
064,2022,2022,39,0,126,42
064,2022,2022,40,0,112,60
064,2022,2022,41,192,176,77
064,2022,2022,42,212,180,100
064,2022,2022,43,221,270,69
064,2022,2022,44,213,218,77
065,NA,2022,35,0,76,22
065,2022,2022,36,0,86,21
065,2022,2022,37,0,64,22
065,2022,2022,38,0,98,32
065,2022,2022,39,0,126,42
065,2022,2022,40,0,112,60
065,2022,2022,41,350,176,77
065,2022,2022,42,360,180,100
065,2022,2022,43,421,270,69
065,2022,2022,44,426,218,77
066,NA,2022,35,0,76,22
066,2022,2022,36,0,86,21
066,2022,2022,37,0,64,22
066,2022,2022,38,0,98,32
066,2022,2022,39,0,126,42
066,2022,2022,40,0,112,60
066,2022,2022,41,187,176,77
066,2022,2022,42,174,180,100
066,2022,2022,43,200,270,69
066,2022,2022,44,197,218,77
067,NA,2022,35,0,76,22
067,2022,2022,36,0,86,21
067,2022,2022,37,0,64,22
067,2022,2022,38,0,98,32
067,2022,2022,39,0,126,42
067,2022,2022,40,0,112,60
067,2022,2022,41,360,176,77
067,2022,2022,42,359,180,100
067,2022,2022,43,366,270,69
067,2022,2022,44,343,218,77
068,NA,2022,35,0,76,22
068,2022,2022,36,0,86,21
068,2022,2022,37,0,64,22
068,2022,2022,38,0,98,32
068,2022,2022,39,0,126,42
068,2022,2022,40,0,112,60
068,2022,2022,41,352,176,77
068,2022,2022,42,387,180,100
068,2022,2022,43,418,270,69
068,2022,2022,44,399,218,77
069,NA,2022,35,0,76,22
069,2022,2022,36,0,86,21
069,2022,2022,37,0,64,22
069,2022,2022,38,0,98,32
069,2022,2022,39,0,126,42
069,2022,2022,40,0,112,60
069,2022,2022,41,270,176,77
069,2022,2022,42,260,180,100
069,2022,2022,43,252,270,69
069,2022,2022,44,278,218,77
070,NA,2022,35,0,76,22
070,2022,2022,36,0,86,21
070,2022,2022,37,0,64,22
070,2022,2022,38,0,98,32
070,2022,2022,39,0,126,42
070,2022,2022,40,0,112,60
070,2022,2022,41,428,176,77
070,2022,2022,42,430,180,100
070,2022,2022,43,442,270,69
070,2022,2022,44,453,218,77
071,NA,2022,35,0,76,22
071,2022,2022,36,0,86,21
071,2022,2022,37,0,64,22
071,2022,2022,38,0,98,32
071,2022,2022,39,0,126,42
071,2022,2022,40,0,112,60
071,2022,2022,41,218,176,77
071,2022,2022,42,229,180,100
071,2022,2022,43,241,270,69
071,2022,2022,44,212,218,77
072,NA,2022,35,0,76,22
072,2022,2022,36,0,86,21
072,2022,2022,37,0,64,22
072,2022,2022,38,0,98,32
072,2022,2022,39,0,126,42
072,2022,2022,40,0,112,60
072,2022,2022,41,117,176,77
072,2022,2022,42,119,180,100
072,2022,2022,43,121,270,69
072,2022,2022,44,131,218,77
073,NA,2022,35,0,76,22
073,2022,2022,36,0,86,21
073,2022,2022,37,0,64,22
073,2022,2022,38,0,98,32
073,2022,2022,39,0,126,42
073,2022,2022,40,0,112,60
073,2022,2022,41,390,176,77
073,2022,2022,42,390,180,100
073,2022,2022,43,386,270,69
073,2022,2022,44,357,218,77
074,NA,2022,35,0,76,22
074,2022,2022,36,0,86,21
074,2022,2022,37,0,64,22
074,2022,2022,38,0,98,32
074,2022,2022,39,0,126,42
074,2022,2022,40,0,112,60
074,2022,2022,41,185,176,77
074,2022,2022,42,201,180,100
074,2022,2022,43,209,270,69
074,2022,2022,44,188,218,77
075,NA,2022,35,0,76,22
075,2022,2022,36,0,86,21
075,2022,2022,37,0,64,22
075,2022,2022,38,0,98,32
075,2022,2022,39,0,126,42
075,2022,2022,40,0,112,60
075,2022,2022,41,175,176,77
075,2022,2022,42,169,180,100
075,2022,2022,43,181,270,69
075,2022,2022,44,179,218,77
076,NA,2022,35,0,76,22
076,2022,2022,36,0,86,21
076,2022,2022,37,0,64,22
076,2022,2022,38,0,98,32
076,2022,2022,39,0,126,42
076,2022,2022,40,0,112,60
076,2022,2022,41,194,176,77
076,2022,2022,42,187,180,100
076,2022,2022,43,212,270,69
076,2022,2022,44,212,218,77
077,NA,2022,35,0,76,22
077,2022,2022,36,0,86,21
077,2022,2022,37,0,64,22
077,2022,2022,38,0,98,32
077,2022,2022,39,0,126,42
077,2022,2022,40,0,112,60
077,2022,2022,41,294,176,77
077,2022,2022,42,300,180,100
077,2022,2022,43,312,270,69
077,2022,2022,44,335,218,77
078,NA,2022,35,0,76,22
078,2022,2022,36,0,86,21
078,2022,2022,37,0,64,22
078,2022,2022,38,0,98,32
078,2022,2022,39,0,126,42
078,2022,2022,40,0,112,60
078,2022,2022,41,413,176,77
078,2022,2022,42,396,180,100
078,2022,2022,43,405,270,69
078,2022,2022,44,367,218,77
079,NA,2022,35,0,76,22
079,2022,2022,36,0,86,21
079,2022,2022,37,0,64,22
079,2022,2022,38,0,98,32
079,2022,2022,39,0,126,42
079,2022,2022,40,0,112,60
079,2022,2022,41,263,176,77
079,2022,2022,42,265,180,100
079,2022,2022,43,313,270,69
079,2022,2022,44,302,218,77
080,NA,2022,35,0,76,22
080,2022,2022,36,0,86,21
080,2022,2022,37,0,64,22
080,2022,2022,38,0,98,32
080,2022,2022,39,0,126,42
080,2022,2022,40,0,112,60
080,2022,2022,41,39,176,77
080,2022,2022,42,38,180,100
080,2022,2022,43,43,270,69
080,2022,2022,44,42,218,77
081,NA,2022,35,0,76,22
081,2022,2022,36,0,86,21
081,2022,2022,37,0,64,22
081,2022,2022,38,0,98,32
081,2022,2022,39,0,126,42
081,2022,2022,40,0,112,60
081,2022,2022,41,385,176,77
081,2022,2022,42,384,180,100
081,2022,2022,43,429,270,69
081,2022,2022,44,385,218,77
082,NA,2022,35,0,76,22
082,2022,2022,36,0,86,21
082,2022,2022,37,0,64,22
082,2022,2022,38,0,98,32
082,2022,2022,39,0,126,42
082,2022,2022,40,0,112,60
082,2022,2022,41,225,176,77
082,2022,2022,42,229,180,100
082,2022,2022,43,241,270,69
082,2022,2022,44,229,218,77
083,NA,2022,35,0,76,22
083,2022,2022,36,0,86,21
083,2022,2022,37,0,64,22
083,2022,2022,38,0,98,32
083,2022,2022,39,0,126,42
083,2022,2022,40,0,112,60
083,2022,2022,41,365,176,77
083,2022,2022,42,343,180,100
083,2022,2022,43,349,270,69
083,2022,2022,44,368,218,77
084,NA,2022,35,0,76,22
084,2022,2022,36,0,86,21
084,2022,2022,37,0,64,22
084,2022,2022,38,0,98,32
084,2022,2022,39,0,126,42
084,2022,2022,40,0,112,60
084,2022,2022,41,306,176,77
084,2022,2022,42,271,180,100
084,2022,2022,43,275,270,69
084,2022,2022,44,286,218,77
085,NA,2022,35,0,76,22
085,2022,2022,36,0,86,21
085,2022,2022,37,0,64,22
085,2022,2022,38,0,98,32
085,2022,2022,39,0,126,42
085,2022,2022,40,0,112,60
085,2022,2022,41,675,176,77
085,2022,2022,42,715,180,100
085,2022,2022,43,711,270,69
085,2022,2022,44,789,218,77
086,NA,2022,35,0,76,22
086,2022,2022,36,0,86,21
086,2022,2022,37,0,64,22
086,2022,2022,38,0,98,32
086,2022,2022,39,0,126,42
086,2022,2022,40,0,112,60
086,2022,2022,41,316,176,77
086,2022,2022,42,291,180,100
086,2022,2022,43,339,270,69
086,2022,2022,44,318,218,77
087,NA,2022,35,0,76,22
087,2022,2022,36,0,86,21
087,2022,2022,37,0,64,22
087,2022,2022,38,0,98,32
087,2022,2022,39,0,126,42
087,2022,2022,40,0,112,60
087,2022,2022,41,408,176,77
087,2022,2022,42,461,180,100
087,2022,2022,43,461,270,69
087,2022,2022,44,473,218,77
088,NA,2022,35,0,76,22
088,2022,2022,36,0,86,21
088,2022,2022,37,0,64,22
088,2022,2022,38,0,98,32
088,2022,2022,39,0,126,42
088,2022,2022,40,0,112,60
088,2022,2022,41,348,176,77
088,2022,2022,42,341,180,100
088,2022,2022,43,398,270,69
088,2022,2022,44,406,218,77
089,NA,2022,35,0,76,22
089,2022,2022,36,0,86,21
089,2022,2022,37,0,64,22
089,2022,2022,38,0,98,32
089,2022,2022,39,0,126,42
089,2022,2022,40,0,112,60
089,2022,2022,41,171,176,77
089,2022,2022,42,161,180,100
089,2022,2022,43,179,270,69
089,2022,2022,44,179,218,77
090,NA,2022,35,0,76,22
090,2022,2022,36,0,86,21
090,2022,2022,37,0,64,22
090,2022,2022,38,0,98,32
090,2022,2022,39,0,126,42
090,2022,2022,40,0,112,60
090,2022,2022,41,208,176,77
090,2022,2022,42,212,180,100
090,2022,2022,43,219,270,69
090,2022,2022,44,225,218,77
091,NA,2022,35,0,76,22
091,2022,2022,36,0,86,21
091,2022,2022,37,0,64,22
091,2022,2022,38,0,98,32
091,2022,2022,39,0,126,42
091,2022,2022,40,0,112,60
091,2022,2022,41,218,176,77
091,2022,2022,42,222,180,100
091,2022,2022,43,230,270,69
091,2022,2022,44,233,218,77
092,NA,2022,35,0,76,22
092,2022,2022,36,0,86,21
092,2022,2022,37,0,64,22
092,2022,2022,38,0,98,32
092,2022,2022,39,0,126,42
092,2022,2022,40,0,112,60
092,2022,2022,41,241,176,77
092,2022,2022,42,219,180,100
092,2022,2022,43,251,270,69
092,2022,2022,44,224,218,77
093,NA,2022,35,0,76,22
093,2022,2022,36,0,86,21
093,2022,2022,37,0,64,22
093,2022,2022,38,0,98,32
093,2022,2022,39,0,126,42
093,2022,2022,40,0,112,60
093,2022,2022,41,391,176,77
093,2022,2022,42,356,180,100
093,2022,2022,43,416,270,69
093,2022,2022,44,383,218,77
094,NA,2022,35,0,76,22
094,2022,2022,36,0,86,21
094,2022,2022,37,0,64,22
094,2022,2022,38,0,98,32
094,2022,2022,39,0,126,42
094,2022,2022,40,0,112,60
094,2022,2022,41,217,176,77
094,2022,2022,42,225,180,100
094,2022,2022,43,229,270,69
094,2022,2022,44,256,218,77
095,NA,2022,35,0,76,22
095,2022,2022,36,0,86,21
095,2022,2022,37,0,64,22
095,2022,2022,38,0,98,32
095,2022,2022,39,0,126,42
095,2022,2022,40,0,112,60
095,2022,2022,41,220,176,77
095,2022,2022,42,222,180,100
095,2022,2022,43,258,270,69
095,2022,2022,44,260,218,77
096,NA,2022,35,0,76,22
096,2022,2022,36,0,86,21
096,2022,2022,37,0,64,22
096,2022,2022,38,0,98,32
096,2022,2022,39,0,126,42
096,2022,2022,40,0,112,60
096,2022,2022,41,212,176,77
096,2022,2022,42,198,180,100
096,2022,2022,43,232,270,69
096,2022,2022,44,234,218,77
097,NA,2022,35,0,76,22
097,2022,2022,36,0,86,21
097,2022,2022,37,0,64,22
097,2022,2022,38,0,98,32
097,2022,2022,39,0,126,42
097,2022,2022,40,0,112,60
097,2022,2022,41,497,176,77
097,2022,2022,42,495,180,100
097,2022,2022,43,535,270,69
097,2022,2022,44,527,218,77
098,NA,2022,35,0,76,22
098,2022,2022,36,0,86,21
098,2022,2022,37,0,64,22
098,2022,2022,38,0,98,32
098,2022,2022,39,0,126,42
098,2022,2022,40,0,112,60
098,2022,2022,41,238,176,77
098,2022,2022,42,205,180,100
098,2022,2022,43,214,270,69
098,2022,2022,44,230,218,77
099,NA,2022,35,0,76,22
099,2022,2022,36,0,86,21
099,2022,2022,37,0,64,22
099,2022,2022,38,0,98,32
099,2022,2022,39,0,126,42
099,2022,2022,40,0,112,60
099,2022,2022,41,259,176,77
099,2022,2022,42,235,180,100
099,2022,2022,43,262,270,69
099,2022,2022,44,280,218,77
100,NA,2022,35,0,76,22
100,2022,2022,36,0,86,21
100,2022,2022,37,0,64,22
100,2022,2022,38,0,98,32
100,2022,2022,39,0,126,42
100,2022,2022,40,0,112,60
100,2022,2022,41,239,176,77
100,2022,2022,42,259,180,100
100,2022,2022,43,254,270,69
100,2022,2022,44,282,218,77
101,NA,2022,35,0,76,22
101,2022,2022,36,0,86,21
101,2022,2022,37,0,64,22
101,2022,2022,38,0,98,32
101,2022,2022,39,0,126,42
101,2022,2022,40,0,112,60
101,2022,2022,41,215,176,77
101,2022,2022,42,221,180,100
101,2022,2022,43,244,270,69
101,2022,2022,44,250,218,77
102,NA,2022,35,0,76,22
102,2022,2022,36,0,86,21
102,2022,2022,37,0,64,22
102,2022,2022,38,0,98,32
102,2022,2022,39,0,126,42
102,2022,2022,40,0,112,60
102,2022,2022,41,305,176,77
102,2022,2022,42,287,180,100
102,2022,2022,43,308,270,69
102,2022,2022,44,344,218,77
103,NA,2022,35,0,76,22
103,2022,2022,36,0,86,21
103,2022,2022,37,0,64,22
103,2022,2022,38,0,98,32
103,2022,2022,39,0,126,42
103,2022,2022,40,0,112,60
103,2022,2022,41,312,176,77
103,2022,2022,42,333,180,100
103,2022,2022,43,342,270,69
103,2022,2022,44,339,218,77
104,NA,2022,35,0,76,22
104,2022,2022,36,0,86,21
104,2022,2022,37,0,64,22
104,2022,2022,38,0,98,32
104,2022,2022,39,0,126,42
104,2022,2022,40,0,112,60
104,2022,2022,41,135,176,77
104,2022,2022,42,138,180,100
104,2022,2022,43,129,270,69
104,2022,2022,44,144,218,77
105,NA,2022,35,0,76,22
105,2022,2022,36,0,86,21
105,2022,2022,37,0,64,22
105,2022,2022,38,0,98,32
105,2022,2022,39,0,126,42
105,2022,2022,40,0,112,60
105,2022,2022,41,602,176,77
105,2022,2022,42,629,180,100
105,2022,2022,43,686,270,69
105,2022,2022,44,660,218,77
106,NA,2022,35,0,76,22
106,2022,2022,36,0,86,21
106,2022,2022,37,0,64,22
106,2022,2022,38,0,98,32
106,2022,2022,39,0,126,42
106,2022,2022,40,0,112,60
106,2022,2022,41,294,176,77
106,2022,2022,42,284,180,100
106,2022,2022,43,290,270,69
106,2022,2022,44,290,218,77
107,NA,2022,35,0,76,22
107,2022,2022,36,0,86,21
107,2022,2022,37,0,64,22
107,2022,2022,38,0,98,32
107,2022,2022,39,0,126,42
107,2022,2022,40,0,112,60
107,2022,2022,41,488,176,77
107,2022,2022,42,478,180,100
107,2022,2022,43,498,270,69
107,2022,2022,44,496,218,77
108,NA,2022,35,0,76,22
108,2022,2022,36,0,86,21
108,2022,2022,37,0,64,22
108,2022,2022,38,0,98,32
108,2022,2022,39,0,126,42
108,2022,2022,40,0,112,60
108,2022,2022,41,187,176,77
108,2022,2022,42,174,180,100
108,2022,2022,43,202,270,69
108,2022,2022,44,194,218,77
109,NA,2022,35,0,76,22
109,2022,2022,36,0,86,21
109,2022,2022,37,0,64,22
109,2022,2022,38,0,98,32
109,2022,2022,39,0,126,42
109,2022,2022,40,0,112,60
109,2022,2022,41,210,176,77
109,2022,2022,42,212,180,100
109,2022,2022,43,213,270,69
109,2022,2022,44,226,218,77
110,NA,2022,35,0,76,22
110,2022,2022,36,0,86,21
110,2022,2022,37,0,64,22
110,2022,2022,38,0,98,32
110,2022,2022,39,0,126,42
110,2022,2022,40,0,112,60
110,2022,2022,41,247,176,77
110,2022,2022,42,237,180,100
110,2022,2022,43,224,270,69
110,2022,2022,44,243,218,77
111,NA,2022,35,0,76,22
111,2022,2022,36,0,86,21
111,2022,2022,37,0,64,22
111,2022,2022,38,0,98,32
111,2022,2022,39,0,126,42
111,2022,2022,40,0,112,60
111,2022,2022,41,176,176,77
111,2022,2022,42,176,180,100
111,2022,2022,43,176,270,69
111,2022,2022,44,188,218,77
112,NA,2022,35,0,76,22
112,2022,2022,36,0,86,21
112,2022,2022,37,0,64,22
112,2022,2022,38,0,98,32
112,2022,2022,39,0,126,42
112,2022,2022,40,0,112,60
112,2022,2022,41,271,176,77
112,2022,2022,42,277,180,100
112,2022,2022,43,271,270,69
112,2022,2022,44,309,218,77
113,NA,2022,35,0,76,22
113,2022,2022,36,0,86,21
113,2022,2022,37,0,64,22
113,2022,2022,38,0,98,32
113,2022,2022,39,0,126,42
113,2022,2022,40,0,112,60
113,2022,2022,41,342,176,77
113,2022,2022,42,362,180,100
113,2022,2022,43,359,270,69
113,2022,2022,44,377,218,77
114,NA,2022,35,0,76,22
114,2022,2022,36,0,86,21
114,2022,2022,37,0,64,22
114,2022,2022,38,0,98,32
114,2022,2022,39,0,126,42
114,2022,2022,40,0,112,60
114,2022,2022,41,226,176,77
114,2022,2022,42,228,180,100
114,2022,2022,43,238,270,69
114,2022,2022,44,239,218,77
115,NA,2022,35,0,76,22
115,2022,2022,36,0,86,21
115,2022,2022,37,0,64,22
115,2022,2022,38,0,98,32
115,2022,2022,39,0,126,42
115,2022,2022,40,0,112,60
115,2022,2022,41,168,176,77
115,2022,2022,42,177,180,100
115,2022,2022,43,174,270,69
115,2022,2022,44,174,218,77
116,NA,2022,35,0,76,22
116,2022,2022,36,0,86,21
116,2022,2022,37,0,64,22
116,2022,2022,38,0,98,32
116,2022,2022,39,0,126,42
116,2022,2022,40,0,112,60
116,2022,2022,41,318,176,77
116,2022,2022,42,314,180,100
116,2022,2022,43,320,270,69
116,2022,2022,44,360,218,77
117,NA,2022,35,0,76,22
117,2022,2022,36,0,86,21
117,2022,2022,37,0,64,22
117,2022,2022,38,0,98,32
117,2022,2022,39,0,126,42
117,2022,2022,40,0,112,60
117,2022,2022,41,285,176,77
117,2022,2022,42,291,180,100
117,2022,2022,43,252,270,69
117,2022,2022,44,265,218,77
118,NA,2022,35,0,76,22
118,2022,2022,36,0,86,21
118,2022,2022,37,0,64,22
118,2022,2022,38,0,98,32
118,2022,2022,39,0,126,42
118,2022,2022,40,0,112,60
118,2022,2022,41,57,176,77
118,2022,2022,42,58,180,100
118,2022,2022,43,56,270,69
118,2022,2022,44,62,218,77
119,NA,2022,35,0,76,22
119,2022,2022,36,0,86,21
119,2022,2022,37,0,64,22
119,2022,2022,38,0,98,32
119,2022,2022,39,0,126,42
119,2022,2022,40,0,112,60
119,2022,2022,41,334,176,77
119,2022,2022,42,337,180,100
119,2022,2022,43,320,270,69
119,2022,2022,44,341,218,77
120,NA,2022,35,0,76,22
120,2022,2022,36,0,86,21
120,2022,2022,37,0,64,22
120,2022,2022,38,0,98,32
120,2022,2022,39,0,126,42
120,2022,2022,40,0,112,60
120,2022,2022,41,157,176,77
120,2022,2022,42,174,180,100
120,2022,2022,43,154,270,69
120,2022,2022,44,173,218,77
121,NA,2022,35,0,76,22
121,2022,2022,36,0,86,21
121,2022,2022,37,0,64,22
121,2022,2022,38,0,98,32
121,2022,2022,39,0,126,42
121,2022,2022,40,0,112,60
121,2022,2022,41,81,176,77
121,2022,2022,42,92,180,100
121,2022,2022,43,87,270,69
121,2022,2022,44,89,218,77
122,NA,2022,35,0,76,22
122,2022,2022,36,0,86,21
122,2022,2022,37,0,64,22
122,2022,2022,38,0,98,32
122,2022,2022,39,0,126,42
122,2022,2022,40,0,112,60
122,2022,2022,41,149,176,77
122,2022,2022,42,158,180,100
122,2022,2022,43,148,270,69
122,2022,2022,44,157,218,77
124,NA,2022,35,0,76,22
124,2022,2022,36,0,86,21
124,2022,2022,37,0,64,22
124,2022,2022,38,0,98,32
124,2022,2022,39,0,126,42
124,2022,2022,40,0,112,60
124,2022,2022,41,142,176,77
124,2022,2022,42,132,180,100
124,2022,2022,43,131,270,69
124,2022,2022,44,151,218,77
125,NA,2022,35,0,76,22
125,2022,2022,36,0,86,21
125,2022,2022,37,0,64,22
125,2022,2022,38,0,98,32
125,2022,2022,39,0,126,42
125,2022,2022,40,0,112,60
125,2022,2022,41,212,176,77
125,2022,2022,42,226,180,100
125,2022,2022,43,234,270,69
125,2022,2022,44,237,218,77
126,NA,2022,35,0,76,22
126,2022,2022,36,0,86,21
126,2022,2022,37,0,64,22
126,2022,2022,38,0,98,32
126,2022,2022,39,0,126,42
126,2022,2022,40,0,112,60
126,2022,2022,41,387,176,77
126,2022,2022,42,361,180,100
126,2022,2022,43,364,270,69
126,2022,2022,44,368,218,77
127,NA,2022,35,0,76,22
127,2022,2022,36,0,86,21
127,2022,2022,37,0,64,22
127,2022,2022,38,0,98,32
127,2022,2022,39,0,126,42
127,2022,2022,40,0,112,60
127,2022,2022,41,220,176,77
127,2022,2022,42,212,180,100
127,2022,2022,43,243,270,69
127,2022,2022,44,244,218,77
128,NA,2022,35,0,76,22
128,2022,2022,36,0,86,21
128,2022,2022,37,0,64,22
128,2022,2022,38,0,98,32
128,2022,2022,39,0,126,42
128,2022,2022,40,0,112,60
128,2022,2022,41,402,176,77
128,2022,2022,42,414,180,100
128,2022,2022,43,427,270,69
128,2022,2022,44,370,218,77
129,NA,2022,35,0,76,22
129,2022,2022,36,0,86,21
129,2022,2022,37,0,64,22
129,2022,2022,38,0,98,32
129,2022,2022,39,0,126,42
129,2022,2022,40,0,112,60
129,2022,2022,41,233,176,77
129,2022,2022,42,258,180,100
129,2022,2022,43,239,270,69
129,2022,2022,44,263,218,77
130,NA,2022,35,0,76,22
130,2022,2022,36,0,86,21
130,2022,2022,37,0,64,22
130,2022,2022,38,0,98,32
130,2022,2022,39,0,126,42
130,2022,2022,40,0,112,60
130,2022,2022,41,125,176,77
130,2022,2022,42,141,180,100
130,2022,2022,43,135,270,69
130,2022,2022,44,146,218,77
131,NA,2022,35,0,76,22
131,2022,2022,36,0,86,21
131,2022,2022,37,0,64,22
131,2022,2022,38,0,98,32
131,2022,2022,39,0,126,42
131,2022,2022,40,0,112,60
131,2022,2022,41,312,176,77
131,2022,2022,42,329,180,100
131,2022,2022,43,318,270,69
131,2022,2022,44,315,218,77
132,NA,2022,35,0,76,22
132,2022,2022,36,0,86,21
132,2022,2022,37,0,64,22
132,2022,2022,38,0,98,32
132,2022,2022,39,0,126,42
132,2022,2022,40,0,112,60
132,2022,2022,41,494,176,77
132,2022,2022,42,566,180,100
132,2022,2022,43,593,270,69
132,2022,2022,44,575,218,77
133,NA,2022,35,0,76,22
133,2022,2022,36,0,86,21
133,2022,2022,37,0,64,22
133,2022,2022,38,0,98,32
133,2022,2022,39,0,126,42
133,2022,2022,40,0,112,60
133,2022,2022,41,292,176,77
133,2022,2022,42,272,180,100
133,2022,2022,43,317,270,69
133,2022,2022,44,295,218,77
134,NA,2022,35,0,76,22
134,2022,2022,36,0,86,21
134,2022,2022,37,0,64,22
134,2022,2022,38,0,98,32
134,2022,2022,39,0,126,42
134,2022,2022,40,0,112,60
134,2022,2022,41,195,176,77
134,2022,2022,42,188,180,100
134,2022,2022,43,195,270,69
134,2022,2022,44,201,218,77
135,NA,2022,35,0,76,22
135,2022,2022,36,0,86,21
135,2022,2022,37,0,64,22
135,2022,2022,38,0,98,32
135,2022,2022,39,0,126,42
135,2022,2022,40,0,112,60
135,2022,2022,41,377,176,77
135,2022,2022,42,373,180,100
135,2022,2022,43,413,270,69
135,2022,2022,44,383,218,77
136,NA,2022,35,0,76,22
136,2022,2022,36,0,86,21
136,2022,2022,37,0,64,22
136,2022,2022,38,0,98,32
136,2022,2022,39,0,126,42
136,2022,2022,40,0,112,60
136,2022,2022,41,256,176,77
136,2022,2022,42,265,180,100
136,2022,2022,43,270,270,69
136,2022,2022,44,262,218,77
137,NA,2022,35,0,76,22
137,2022,2022,36,0,86,21
137,2022,2022,37,0,64,22
137,2022,2022,38,0,98,32
137,2022,2022,39,0,126,42
137,2022,2022,40,0,112,60
137,2022,2022,41,78,176,77
137,2022,2022,42,74,180,100
137,2022,2022,43,83,270,69
137,2022,2022,44,73,218,77
138,NA,2022,35,0,76,22
138,2022,2022,36,0,86,21
138,2022,2022,37,0,64,22
138,2022,2022,38,0,98,32
138,2022,2022,39,0,126,42
138,2022,2022,40,0,112,60
138,2022,2022,41,166,176,77
138,2022,2022,42,165,180,100
138,2022,2022,43,175,270,69
138,2022,2022,44,188,218,77
139,NA,2022,35,0,76,22
139,2022,2022,36,0,86,21
139,2022,2022,37,0,64,22
139,2022,2022,38,0,98,32
139,2022,2022,39,0,126,42
139,2022,2022,40,0,112,60
139,2022,2022,41,447,176,77
139,2022,2022,42,467,180,100
139,2022,2022,43,418,270,69
139,2022,2022,44,450,218,77
140,NA,2022,35,0,76,22
140,2022,2022,36,0,86,21
140,2022,2022,37,0,64,22
140,2022,2022,38,0,98,32
140,2022,2022,39,0,126,42
140,2022,2022,40,0,112,60
140,2022,2022,41,584,176,77
140,2022,2022,42,614,180,100
140,2022,2022,43,565,270,69
140,2022,2022,44,573,218,77
141,NA,2022,35,0,76,22
141,2022,2022,36,0,86,21
141,2022,2022,37,0,64,22
141,2022,2022,38,0,98,32
141,2022,2022,39,0,126,42
141,2022,2022,40,0,112,60
141,2022,2022,41,276,176,77
141,2022,2022,42,268,180,100
141,2022,2022,43,288,270,69
141,2022,2022,44,274,218,77
142,NA,2022,35,0,76,22
142,2022,2022,36,0,86,21
142,2022,2022,37,0,64,22
142,2022,2022,38,0,98,32
142,2022,2022,39,0,126,42
142,2022,2022,40,0,112,60
142,2022,2022,41,190,176,77
142,2022,2022,42,193,180,100
142,2022,2022,43,203,270,69
142,2022,2022,44,213,218,77
143,NA,2022,35,0,76,22
143,2022,2022,36,0,86,21
143,2022,2022,37,0,64,22
143,2022,2022,38,0,98,32
143,2022,2022,39,0,126,42
143,2022,2022,40,0,112,60
143,2022,2022,41,450,176,77
143,2022,2022,42,425,180,100
143,2022,2022,43,468,270,69
143,2022,2022,44,404,218,77
144,NA,2022,35,0,76,22
144,2022,2022,36,0,86,21
144,2022,2022,37,0,64,22
144,2022,2022,38,0,98,32
144,2022,2022,39,0,126,42
144,2022,2022,40,0,112,60
144,2022,2022,41,165,176,77
144,2022,2022,42,170,180,100
144,2022,2022,43,154,270,69
144,2022,2022,44,156,218,77
145,NA,2022,35,0,76,22
145,2022,2022,36,0,86,21
145,2022,2022,37,0,64,22
145,2022,2022,38,0,98,32
145,2022,2022,39,0,126,42
145,2022,2022,40,0,112,60
145,2022,2022,41,190,176,77
145,2022,2022,42,203,180,100
145,2022,2022,43,188,270,69
145,2022,2022,44,224,218,77
146,NA,2022,35,0,76,22
146,2022,2022,36,0,86,21
146,2022,2022,37,0,64,22
146,2022,2022,38,0,98,32
146,2022,2022,39,0,126,42
146,2022,2022,40,0,112,60
146,2022,2022,41,376,176,77
146,2022,2022,42,358,180,100
146,2022,2022,43,406,270,69
146,2022,2022,44,363,218,77
147,NA,2022,35,0,76,22
147,2022,2022,36,0,86,21
147,2022,2022,37,0,64,22
147,2022,2022,38,0,98,32
147,2022,2022,39,0,126,42
147,2022,2022,40,0,112,60
147,2022,2022,41,276,176,77
147,2022,2022,42,292,180,100
147,2022,2022,43,315,270,69
147,2022,2022,44,310,218,77
148,NA,2022,35,0,76,22
148,2022,2022,36,0,86,21
148,2022,2022,37,0,64,22
148,2022,2022,38,0,98,32
148,2022,2022,39,0,126,42
148,2022,2022,40,0,112,60
148,2022,2022,41,296,176,77
148,2022,2022,42,311,180,100
148,2022,2022,43,304,270,69
148,2022,2022,44,278,218,77
149,NA,2022,35,0,76,22
149,2022,2022,36,0,86,21
149,2022,2022,37,0,64,22
149,2022,2022,38,0,98,32
149,2022,2022,39,0,126,42
149,2022,2022,40,0,112,60
149,2022,2022,41,111,176,77
149,2022,2022,42,107,180,100
149,2022,2022,43,111,270,69
149,2022,2022,44,115,218,77
150,NA,2022,35,0,76,22
150,2022,2022,36,0,86,21
150,2022,2022,37,0,64,22
150,2022,2022,38,0,98,32
150,2022,2022,39,0,126,42
150,2022,2022,40,0,112,60
150,2022,2022,41,222,176,77
150,2022,2022,42,224,180,100
150,2022,2022,43,237,270,69
150,2022,2022,44,272,218,77
151,NA,2022,35,0,76,22
151,2022,2022,36,0,86,21
151,2022,2022,37,0,64,22
151,2022,2022,38,0,98,32
151,2022,2022,39,0,126,42
151,2022,2022,40,0,112,60
151,2022,2022,41,196,176,77
151,2022,2022,42,228,180,100
151,2022,2022,43,230,270,69
151,2022,2022,44,223,218,77
152,NA,2022,35,0,76,22
152,2022,2022,36,0,86,21
152,2022,2022,37,0,64,22
152,2022,2022,38,0,98,32
152,2022,2022,39,0,126,42
152,2022,2022,40,0,112,60
152,2022,2022,41,345,176,77
152,2022,2022,42,364,180,100
152,2022,2022,43,362,270,69
152,2022,2022,44,361,218,77
153,NA,2022,35,0,76,22
153,2022,2022,36,0,86,21
153,2022,2022,37,0,64,22
153,2022,2022,38,0,98,32
153,2022,2022,39,0,126,42
153,2022,2022,40,0,112,60
153,2022,2022,41,401,176,77
153,2022,2022,42,454,180,100
153,2022,2022,43,423,270,69
153,2022,2022,44,497,218,77
154,NA,2022,35,0,76,22
154,2022,2022,36,0,86,21
154,2022,2022,37,0,64,22
154,2022,2022,38,0,98,32
154,2022,2022,39,0,126,42
154,2022,2022,40,0,112,60
154,2022,2022,41,596,176,77
154,2022,2022,42,568,180,100
154,2022,2022,43,596,270,69
154,2022,2022,44,542,218,77
155,NA,2022,35,0,76,22
155,2022,2022,36,0,86,21
155,2022,2022,37,0,64,22
155,2022,2022,38,0,98,32
155,2022,2022,39,0,126,42
155,2022,2022,40,0,112,60
155,2022,2022,41,588,176,77
155,2022,2022,42,585,180,100
155,2022,2022,43,631,270,69
155,2022,2022,44,597,218,77
156,NA,2022,35,0,76,22
156,2022,2022,36,0,86,21
156,2022,2022,37,0,64,22
156,2022,2022,38,0,98,32
156,2022,2022,39,0,126,42
156,2022,2022,40,0,112,60
156,2022,2022,41,140,176,77
156,2022,2022,42,151,180,100
156,2022,2022,43,152,270,69
156,2022,2022,44,170,218,77
157,NA,2022,35,0,76,22
157,2022,2022,36,0,86,21
157,2022,2022,37,0,64,22
157,2022,2022,38,0,98,32
157,2022,2022,39,0,126,42
157,2022,2022,40,0,112,60
157,2022,2022,41,206,176,77
157,2022,2022,42,199,180,100
157,2022,2022,43,201,270,69
157,2022,2022,44,210,218,77
158,NA,2022,35,0,76,22
158,2022,2022,36,0,86,21
158,2022,2022,37,0,64,22
158,2022,2022,38,0,98,32
158,2022,2022,39,0,126,42
158,2022,2022,40,0,112,60
158,2022,2022,41,317,176,77
158,2022,2022,42,326,180,100
158,2022,2022,43,344,270,69
158,2022,2022,44,304,218,77
159,NA,2022,35,0,76,22
159,2022,2022,36,0,86,21
159,2022,2022,37,0,64,22
159,2022,2022,38,0,98,32
159,2022,2022,39,0,126,42
159,2022,2022,40,0,112,60
159,2022,2022,41,581,176,77
159,2022,2022,42,582,180,100
159,2022,2022,43,601,270,69
159,2022,2022,44,556,218,77
160,NA,2022,35,0,76,22
160,2022,2022,36,0,86,21
160,2022,2022,37,0,64,22
160,2022,2022,38,0,98,32
160,2022,2022,39,0,126,42
160,2022,2022,40,0,112,60
160,2022,2022,41,170,176,77
160,2022,2022,42,196,180,100
160,2022,2022,43,192,270,69
160,2022,2022,44,193,218,77
161,NA,2022,35,0,76,22
161,2022,2022,36,0,86,21
161,2022,2022,37,0,64,22
161,2022,2022,38,0,98,32
161,2022,2022,39,0,126,42
161,2022,2022,40,0,112,60
161,2022,2022,41,187,176,77
161,2022,2022,42,192,180,100
161,2022,2022,43,188,270,69
161,2022,2022,44,171,218,77
162,NA,2022,35,0,76,22
162,2022,2022,36,0,86,21
162,2022,2022,37,0,64,22
162,2022,2022,38,0,98,32
162,2022,2022,39,0,126,42
162,2022,2022,40,0,112,60
162,2022,2022,41,187,176,77
162,2022,2022,42,205,180,100
162,2022,2022,43,190,270,69
162,2022,2022,44,194,218,77
163,NA,2022,35,0,76,22
163,2022,2022,36,0,86,21
163,2022,2022,37,0,64,22
163,2022,2022,38,0,98,32
163,2022,2022,39,0,126,42
163,2022,2022,40,0,112,60
163,2022,2022,41,135,176,77
163,2022,2022,42,162,180,100
163,2022,2022,43,151,270,69
163,2022,2022,44,148,218,77
164,NA,2022,35,0,76,22
164,2022,2022,36,0,86,21
164,2022,2022,37,0,64,22
164,2022,2022,38,0,98,32
164,2022,2022,39,0,126,42
164,2022,2022,40,0,112,60
164,2022,2022,41,138,176,77
164,2022,2022,42,161,180,100
164,2022,2022,43,167,270,69
164,2022,2022,44,158,218,77
166,NA,2022,35,0,76,22
166,2022,2022,36,0,86,21
166,2022,2022,37,0,64,22
166,2022,2022,38,0,98,32
166,2022,2022,39,0,126,42
166,2022,2022,40,0,112,60
166,2022,2022,41,327,176,77
166,2022,2022,42,327,180,100
166,2022,2022,43,321,270,69
166,2022,2022,44,316,218,77
167,NA,2022,35,0,76,22
167,2022,2022,36,0,86,21
167,2022,2022,37,0,64,22
167,2022,2022,38,0,98,32
167,2022,2022,39,0,126,42
167,2022,2022,40,0,112,60
167,2022,2022,41,264,176,77
167,2022,2022,42,294,180,100
167,2022,2022,43,299,270,69
167,2022,2022,44,270,218,77
168,NA,2022,35,0,76,22
168,2022,2022,36,0,86,21
168,2022,2022,37,0,64,22
168,2022,2022,38,0,98,32
168,2022,2022,39,0,126,42
168,2022,2022,40,0,112,60
168,2022,2022,41,502,176,77
168,2022,2022,42,537,180,100
168,2022,2022,43,484,270,69
168,2022,2022,44,512,218,77
169,NA,2022,35,0,76,22
169,2022,2022,36,0,86,21
169,2022,2022,37,0,64,22
169,2022,2022,38,0,98,32
169,2022,2022,39,0,126,42
169,2022,2022,40,0,112,60
169,2022,2022,41,227,176,77
169,2022,2022,42,229,180,100
169,2022,2022,43,231,270,69
169,2022,2022,44,250,218,77
170,NA,2022,35,0,76,22
170,2022,2022,36,0,86,21
170,2022,2022,37,0,64,22
170,2022,2022,38,0,98,32
170,2022,2022,39,0,126,42
170,2022,2022,40,0,112,60
170,2022,2022,41,207,176,77
170,2022,2022,42,196,180,100
170,2022,2022,43,190,270,69
170,2022,2022,44,214,218,77
172,NA,2022,35,0,76,22
172,2022,2022,36,0,86,21
172,2022,2022,37,0,64,22
172,2022,2022,38,0,98,32
172,2022,2022,39,0,126,42
172,2022,2022,40,0,112,60
172,2022,2022,41,220,176,77
172,2022,2022,42,263,180,100
172,2022,2022,43,244,270,69
172,2022,2022,44,275,218,77
173,NA,2022,35,0,76,22
173,2022,2022,36,0,86,21
173,2022,2022,37,0,64,22
173,2022,2022,38,0,98,32
173,2022,2022,39,0,126,42
173,2022,2022,40,0,112,60
173,2022,2022,41,285,176,77
173,2022,2022,42,283,180,100
173,2022,2022,43,328,270,69
173,2022,2022,44,332,218,77
174,NA,2022,35,0,76,22
174,2022,2022,36,0,86,21
174,2022,2022,37,0,64,22
174,2022,2022,38,0,98,32
174,2022,2022,39,0,126,42
174,2022,2022,40,0,112,60
174,2022,2022,41,170,176,77
174,2022,2022,42,189,180,100
174,2022,2022,43,183,270,69
174,2022,2022,44,200,218,77
175,NA,2022,35,0,76,22
175,2022,2022,36,0,86,21
175,2022,2022,37,0,64,22
175,2022,2022,38,0,98,32
175,2022,2022,39,0,126,42
175,2022,2022,40,0,112,60
175,2022,2022,41,250,176,77
175,2022,2022,42,221,180,100
175,2022,2022,43,232,270,69
175,2022,2022,44,230,218,77
176,NA,2022,35,0,76,22
176,2022,2022,36,0,86,21
176,2022,2022,37,0,64,22
176,2022,2022,38,0,98,32
176,2022,2022,39,0,126,42
176,2022,2022,40,0,112,60
176,2022,2022,41,106,176,77
176,2022,2022,42,105,180,100
176,2022,2022,43,110,270,69
176,2022,2022,44,122,218,77
177,NA,2022,35,0,76,22
177,2022,2022,36,0,86,21
177,2022,2022,37,0,64,22
177,2022,2022,38,0,98,32
177,2022,2022,39,0,126,42
177,2022,2022,40,0,112,60
177,2022,2022,41,398,176,77
177,2022,2022,42,435,180,100
177,2022,2022,43,458,270,69
177,2022,2022,44,482,218,77
178,NA,2022,35,0,76,22
178,2022,2022,36,0,86,21
178,2022,2022,37,0,64,22
178,2022,2022,38,0,98,32
178,2022,2022,39,0,126,42
178,2022,2022,40,0,112,60
178,2022,2022,41,279,176,77
178,2022,2022,42,269,180,100
178,2022,2022,43,265,270,69
178,2022,2022,44,281,218,77
179,NA,2022,35,0,76,22
179,2022,2022,36,0,86,21
179,2022,2022,37,0,64,22
179,2022,2022,38,0,98,32
179,2022,2022,39,0,126,42
179,2022,2022,40,0,112,60
179,2022,2022,41,161,176,77
179,2022,2022,42,148,180,100
179,2022,2022,43,170,270,69
179,2022,2022,44,159,218,77
180,NA,2022,35,0,76,22
180,2022,2022,36,0,86,21
180,2022,2022,37,0,64,22
180,2022,2022,38,0,98,32
180,2022,2022,39,0,126,42
180,2022,2022,40,0,112,60
180,2022,2022,41,90,176,77
180,2022,2022,42,94,180,100
180,2022,2022,43,98,270,69
180,2022,2022,44,89,218,77
181,NA,2022,35,0,76,22
181,2022,2022,36,0,86,21
181,2022,2022,37,0,64,22
181,2022,2022,38,0,98,32
181,2022,2022,39,0,126,42
181,2022,2022,40,0,112,60
181,2022,2022,41,443,176,77
181,2022,2022,42,468,180,100
181,2022,2022,43,471,270,69
181,2022,2022,44,460,218,77
182,NA,2022,35,0,76,22
182,2022,2022,36,0,86,21
182,2022,2022,37,0,64,22
182,2022,2022,38,0,98,32
182,2022,2022,39,0,126,42
182,2022,2022,40,0,112,60
182,2022,2022,41,47,176,77
182,2022,2022,42,51,180,100
182,2022,2022,43,51,270,69
182,2022,2022,44,52,218,77
183,NA,2022,35,0,76,22
183,2022,2022,36,0,86,21
183,2022,2022,37,0,64,22
183,2022,2022,38,0,98,32
183,2022,2022,39,0,126,42
183,2022,2022,40,0,112,60
183,2022,2022,41,515,176,77
183,2022,2022,42,465,180,100
183,2022,2022,43,509,270,69
183,2022,2022,44,528,218,77
184,NA,2022,35,0,76,22
184,2022,2022,36,0,86,21
184,2022,2022,37,0,64,22
184,2022,2022,38,0,98,32
184,2022,2022,39,0,126,42
184,2022,2022,40,0,112,60
184,2022,2022,41,86,176,77
184,2022,2022,42,82,180,100
184,2022,2022,43,86,270,69
184,2022,2022,44,91,218,77
185,NA,2022,35,0,76,22
185,2022,2022,36,0,86,21
185,2022,2022,37,0,64,22
185,2022,2022,38,0,98,32
185,2022,2022,39,0,126,42
185,2022,2022,40,0,112,60
185,2022,2022,41,210,176,77
185,2022,2022,42,230,180,100
185,2022,2022,43,229,270,69
185,2022,2022,44,224,218,77
186,NA,2022,35,0,76,22
186,2022,2022,36,0,86,21
186,2022,2022,37,0,64,22
186,2022,2022,38,0,98,32
186,2022,2022,39,0,126,42
186,2022,2022,40,0,112,60
186,2022,2022,41,234,176,77
186,2022,2022,42,244,180,100
186,2022,2022,43,272,270,69
186,2022,2022,44,267,218,77
187,NA,2022,35,0,76,22
187,2022,2022,36,0,86,21
187,2022,2022,37,0,64,22
187,2022,2022,38,0,98,32
187,2022,2022,39,0,126,42
187,2022,2022,40,0,112,60
187,2022,2022,41,248,176,77
187,2022,2022,42,241,180,100
187,2022,2022,43,224,270,69
187,2022,2022,44,259,218,77
188,NA,2022,35,0,76,22
188,2022,2022,36,0,86,21
188,2022,2022,37,0,64,22
188,2022,2022,38,0,98,32
188,2022,2022,39,0,126,42
188,2022,2022,40,0,112,60
188,2022,2022,41,232,176,77
188,2022,2022,42,233,180,100
188,2022,2022,43,243,270,69
188,2022,2022,44,217,218,77
189,NA,2022,35,0,76,22
189,2022,2022,36,0,86,21
189,2022,2022,37,0,64,22
189,2022,2022,38,0,98,32
189,2022,2022,39,0,126,42
189,2022,2022,40,0,112,60
189,2022,2022,41,236,176,77
189,2022,2022,42,245,180,100
189,2022,2022,43,254,270,69
189,2022,2022,44,289,218,77
190,NA,2022,35,0,76,22
190,2022,2022,36,0,86,21
190,2022,2022,37,0,64,22
190,2022,2022,38,0,98,32
190,2022,2022,39,0,126,42
190,2022,2022,40,0,112,60
190,2022,2022,41,129,176,77
190,2022,2022,42,134,180,100
190,2022,2022,43,135,270,69
190,2022,2022,44,133,218,77
191,NA,2022,35,0,76,22
191,2022,2022,36,0,86,21
191,2022,2022,37,0,64,22
191,2022,2022,38,0,98,32
191,2022,2022,39,0,126,42
191,2022,2022,40,0,112,60
191,2022,2022,41,388,176,77
191,2022,2022,42,340,180,100
191,2022,2022,43,347,270,69
191,2022,2022,44,391,218,77
192,NA,2022,35,0,76,22
192,2022,2022,36,0,86,21
192,2022,2022,37,0,64,22
192,2022,2022,38,0,98,32
192,2022,2022,39,0,126,42
192,2022,2022,40,0,112,60
192,2022,2022,41,288,176,77
192,2022,2022,42,263,180,100
192,2022,2022,43,309,270,69
192,2022,2022,44,293,218,77
193,NA,2022,35,0,76,22
193,2022,2022,36,0,86,21
193,2022,2022,37,0,64,22
193,2022,2022,38,0,98,32
193,2022,2022,39,0,126,42
193,2022,2022,40,0,112,60
193,2022,2022,41,163,176,77
193,2022,2022,42,167,180,100
193,2022,2022,43,161,270,69
193,2022,2022,44,149,218,77
194,NA,2022,35,0,76,22
194,2022,2022,36,0,86,21
194,2022,2022,37,0,64,22
194,2022,2022,38,0,98,32
194,2022,2022,39,0,126,42
194,2022,2022,40,0,112,60
194,2022,2022,41,422,176,77
194,2022,2022,42,388,180,100
194,2022,2022,43,418,270,69
194,2022,2022,44,426,218,77
195,NA,2022,35,0,76,22
195,2022,2022,36,0,86,21
195,2022,2022,37,0,64,22
195,2022,2022,38,0,98,32
195,2022,2022,39,0,126,42
195,2022,2022,40,0,112,60
195,2022,2022,41,268,176,77
195,2022,2022,42,298,180,100
195,2022,2022,43,320,270,69
195,2022,2022,44,327,218,77
196,NA,2022,35,0,76,22
196,2022,2022,36,0,86,21
196,2022,2022,37,0,64,22
196,2022,2022,38,0,98,32
196,2022,2022,39,0,126,42
196,2022,2022,40,0,112,60
196,2022,2022,41,147,176,77
196,2022,2022,42,142,180,100
196,2022,2022,43,151,270,69
196,2022,2022,44,157,218,77
197,NA,2022,35,0,76,22
197,2022,2022,36,0,86,21
197,2022,2022,37,0,64,22
197,2022,2022,38,0,98,32
197,2022,2022,39,0,126,42
197,2022,2022,40,0,112,60
197,2022,2022,41,393,176,77
197,2022,2022,42,381,180,100
197,2022,2022,43,418,270,69
197,2022,2022,44,412,218,77
198,NA,2022,35,0,76,22
198,2022,2022,36,0,86,21
198,2022,2022,37,0,64,22
198,2022,2022,38,0,98,32
198,2022,2022,39,0,126,42
198,2022,2022,40,0,112,60
198,2022,2022,41,296,176,77
198,2022,2022,42,339,180,100
198,2022,2022,43,304,270,69
198,2022,2022,44,330,218,77
199,NA,2022,35,0,76,22
199,2022,2022,36,0,86,21
199,2022,2022,37,0,64,22
199,2022,2022,38,0,98,32
199,2022,2022,39,0,126,42
199,2022,2022,40,0,112,60
199,2022,2022,41,175,176,77
199,2022,2022,42,165,180,100
199,2022,2022,43,177,270,69
199,2022,2022,44,175,218,77
200,NA,2022,35,0,76,22
200,2022,2022,36,0,86,21
200,2022,2022,37,0,64,22
200,2022,2022,38,0,98,32
200,2022,2022,39,0,126,42
200,2022,2022,40,0,112,60
200,2022,2022,41,169,176,77
200,2022,2022,42,183,180,100
200,2022,2022,43,202,270,69
200,2022,2022,44,182,218,77
201,NA,2022,35,0,76,22
201,2022,2022,36,0,86,21
201,2022,2022,37,0,64,22
201,2022,2022,38,0,98,32
201,2022,2022,39,0,126,42
201,2022,2022,40,0,112,60
201,2022,2022,41,98,176,77
201,2022,2022,42,114,180,100
201,2022,2022,43,112,270,69
201,2022,2022,44,104,218,77
202,NA,2022,35,0,76,22
202,2022,2022,36,0,86,21
202,2022,2022,37,0,64,22
202,2022,2022,38,0,98,32
202,2022,2022,39,0,126,42
202,2022,2022,40,0,112,60
202,2022,2022,41,223,176,77
202,2022,2022,42,215,180,100
202,2022,2022,43,249,270,69
202,2022,2022,44,225,218,77
203,NA,2022,35,0,76,22
203,2022,2022,36,0,86,21
203,2022,2022,37,0,64,22
203,2022,2022,38,0,98,32
203,2022,2022,39,0,126,42
203,2022,2022,40,0,112,60
203,2022,2022,41,207,176,77
203,2022,2022,42,197,180,100
203,2022,2022,43,193,270,69
203,2022,2022,44,211,218,77
204,NA,2022,35,0,76,22
204,2022,2022,36,0,86,21
204,2022,2022,37,0,64,22
204,2022,2022,38,0,98,32
204,2022,2022,39,0,126,42
204,2022,2022,40,0,112,60
204,2022,2022,41,261,176,77
204,2022,2022,42,272,180,100
204,2022,2022,43,284,270,69
204,2022,2022,44,277,218,77
205,NA,2022,35,0,76,22
205,2022,2022,36,0,86,21
205,2022,2022,37,0,64,22
205,2022,2022,38,0,98,32
205,2022,2022,39,0,126,42
205,2022,2022,40,0,112,60
205,2022,2022,41,416,176,77
205,2022,2022,42,442,180,100
205,2022,2022,43,496,270,69
205,2022,2022,44,468,218,77
206,NA,2022,35,0,76,22
206,2022,2022,36,0,86,21
206,2022,2022,37,0,64,22
206,2022,2022,38,0,98,32
206,2022,2022,39,0,126,42
206,2022,2022,40,0,112,60
206,2022,2022,41,202,176,77
206,2022,2022,42,194,180,100
206,2022,2022,43,206,270,69
206,2022,2022,44,189,218,77
207,NA,2022,35,0,76,22
207,2022,2022,36,0,86,21
207,2022,2022,37,0,64,22
207,2022,2022,38,0,98,32
207,2022,2022,39,0,126,42
207,2022,2022,40,0,112,60
207,2022,2022,41,246,176,77
207,2022,2022,42,268,180,100
207,2022,2022,43,268,270,69
207,2022,2022,44,275,218,77
208,NA,2022,35,0,76,22
208,2022,2022,36,0,86,21
208,2022,2022,37,0,64,22
208,2022,2022,38,0,98,32
208,2022,2022,39,0,126,42
208,2022,2022,40,0,112,60
208,2022,2022,41,171,176,77
208,2022,2022,42,198,180,100
208,2022,2022,43,199,270,69
208,2022,2022,44,207,218,77
209,NA,2022,35,0,76,22
209,2022,2022,36,0,86,21
209,2022,2022,37,0,64,22
209,2022,2022,38,0,98,32
209,2022,2022,39,0,126,42
209,2022,2022,40,0,112,60
209,2022,2022,41,212,176,77
209,2022,2022,42,192,180,100
209,2022,2022,43,211,270,69
209,2022,2022,44,219,218,77
210,NA,2022,35,0,76,22
210,2022,2022,36,0,86,21
210,2022,2022,37,0,64,22
210,2022,2022,38,0,98,32
210,2022,2022,39,0,126,42
210,2022,2022,40,0,112,60
210,2022,2022,41,345,176,77
210,2022,2022,42,325,180,100
210,2022,2022,43,344,270,69
210,2022,2022,44,350,218,77
211,NA,2022,35,0,76,22
211,2022,2022,36,0,86,21
211,2022,2022,37,0,64,22
211,2022,2022,38,0,98,32
211,2022,2022,39,0,126,42
211,2022,2022,40,0,112,60
211,2022,2022,41,75,176,77
211,2022,2022,42,79,180,100
211,2022,2022,43,79,270,69
211,2022,2022,44,78,218,77
212,NA,2022,35,0,76,22
212,2022,2022,36,0,86,21
212,2022,2022,37,0,64,22
212,2022,2022,38,0,98,32
212,2022,2022,39,0,126,42
212,2022,2022,40,0,112,60
212,2022,2022,41,508,176,77
212,2022,2022,42,572,180,100
212,2022,2022,43,585,270,69
212,2022,2022,44,606,218,77
213,NA,2022,35,0,76,22
213,2022,2022,36,0,86,21
213,2022,2022,37,0,64,22
213,2022,2022,38,0,98,32
213,2022,2022,39,0,126,42
213,2022,2022,40,0,112,60
213,2022,2022,41,276,176,77
213,2022,2022,42,255,180,100
213,2022,2022,43,273,270,69
213,2022,2022,44,278,218,77
214,NA,2022,35,0,76,22
214,2022,2022,36,0,86,21
214,2022,2022,37,0,64,22
214,2022,2022,38,0,98,32
214,2022,2022,39,0,126,42
214,2022,2022,40,0,112,60
214,2022,2022,41,263,176,77
214,2022,2022,42,248,180,100
214,2022,2022,43,257,270,69
214,2022,2022,44,253,218,77
215,NA,2022,35,0,76,22
215,2022,2022,36,0,86,21
215,2022,2022,37,0,64,22
215,2022,2022,38,0,98,32
215,2022,2022,39,0,126,42
215,2022,2022,40,0,112,60
215,2022,2022,41,615,176,77
215,2022,2022,42,660,180,100
215,2022,2022,43,679,270,69
215,2022,2022,44,632,218,77
216,NA,2022,35,0,76,22
216,2022,2022,36,0,86,21
216,2022,2022,37,0,64,22
216,2022,2022,38,0,98,32
216,2022,2022,39,0,126,42
216,2022,2022,40,0,112,60
216,2022,2022,41,178,176,77
216,2022,2022,42,161,180,100
216,2022,2022,43,178,270,69
216,2022,2022,44,170,218,77
217,NA,2022,35,0,76,22
217,2022,2022,36,0,86,21
217,2022,2022,37,0,64,22
217,2022,2022,38,0,98,32
217,2022,2022,39,0,126,42
217,2022,2022,40,0,112,60
217,2022,2022,41,460,176,77
217,2022,2022,42,514,180,100
217,2022,2022,43,525,270,69
217,2022,2022,44,501,218,77
218,NA,2022,35,0,76,22
218,2022,2022,36,0,86,21
218,2022,2022,37,0,64,22
218,2022,2022,38,0,98,32
218,2022,2022,39,0,126,42
218,2022,2022,40,0,112,60
218,2022,2022,41,214,176,77
218,2022,2022,42,218,180,100
218,2022,2022,43,218,270,69
218,2022,2022,44,209,218,77
219,NA,2022,35,0,76,22
219,2022,2022,36,0,86,21
219,2022,2022,37,0,64,22
219,2022,2022,38,0,98,32
219,2022,2022,39,0,126,42
219,2022,2022,40,0,112,60
219,2022,2022,41,106,176,77
219,2022,2022,42,105,180,100
219,2022,2022,43,123,270,69
219,2022,2022,44,115,218,77
220,NA,2022,35,0,76,22
220,2022,2022,36,0,86,21
220,2022,2022,37,0,64,22
220,2022,2022,38,0,98,32
220,2022,2022,39,0,126,42
220,2022,2022,40,0,112,60
220,2022,2022,41,232,176,77
220,2022,2022,42,252,180,100
220,2022,2022,43,239,270,69
220,2022,2022,44,253,218,77
221,NA,2022,35,0,76,22
221,2022,2022,36,0,86,21
221,2022,2022,37,0,64,22
221,2022,2022,38,0,98,32
221,2022,2022,39,0,126,42
221,2022,2022,40,0,112,60
221,2022,2022,41,214,176,77
221,2022,2022,42,244,180,100
221,2022,2022,43,215,270,69
221,2022,2022,44,239,218,77
222,NA,2022,35,0,76,22
222,2022,2022,36,0,86,21
222,2022,2022,37,0,64,22
222,2022,2022,38,0,98,32
222,2022,2022,39,0,126,42
222,2022,2022,40,0,112,60
222,2022,2022,41,30,176,77
222,2022,2022,42,30,180,100
222,2022,2022,43,35,270,69
222,2022,2022,44,31,218,77
223,NA,2022,35,0,76,22
223,2022,2022,36,0,86,21
223,2022,2022,37,0,64,22
223,2022,2022,38,0,98,32
223,2022,2022,39,0,126,42
223,2022,2022,40,0,112,60
223,2022,2022,41,354,176,77
223,2022,2022,42,412,180,100
223,2022,2022,43,424,270,69
223,2022,2022,44,384,218,77
224,NA,2022,35,0,76,22
224,2022,2022,36,0,86,21
224,2022,2022,37,0,64,22
224,2022,2022,38,0,98,32
224,2022,2022,39,0,126,42
224,2022,2022,40,0,112,60
224,2022,2022,41,256,176,77
224,2022,2022,42,255,180,100
224,2022,2022,43,256,270,69
224,2022,2022,44,266,218,77
225,NA,2022,35,0,76,22
225,2022,2022,36,0,86,21
225,2022,2022,37,0,64,22
225,2022,2022,38,0,98,32
225,2022,2022,39,0,126,42
225,2022,2022,40,0,112,60
225,2022,2022,41,227,176,77
225,2022,2022,42,239,180,100
225,2022,2022,43,234,270,69
225,2022,2022,44,232,218,77
227,NA,2022,35,0,76,22
227,2022,2022,36,0,86,21
227,2022,2022,37,0,64,22
227,2022,2022,38,0,98,32
227,2022,2022,39,0,126,42
227,2022,2022,40,0,112,60
227,2022,2022,41,264,176,77
227,2022,2022,42,248,180,100
227,2022,2022,43,251,270,69
227,2022,2022,44,290,218,77
228,NA,2022,35,0,76,22
228,2022,2022,36,0,86,21
228,2022,2022,37,0,64,22
228,2022,2022,38,0,98,32
228,2022,2022,39,0,126,42
228,2022,2022,40,0,112,60
228,2022,2022,41,675,176,77
228,2022,2022,42,720,180,100
228,2022,2022,43,687,270,69
228,2022,2022,44,721,218,77
229,NA,2022,35,0,76,22
229,2022,2022,36,0,86,21
229,2022,2022,37,0,64,22
229,2022,2022,38,0,98,32
229,2022,2022,39,0,126,42
229,2022,2022,40,0,112,60
229,2022,2022,41,146,176,77
229,2022,2022,42,129,180,100
229,2022,2022,43,142,270,69
229,2022,2022,44,144,218,77
230,NA,2022,35,0,76,22
230,2022,2022,36,0,86,21
230,2022,2022,37,0,64,22
230,2022,2022,38,0,98,32
230,2022,2022,39,0,126,42
230,2022,2022,40,0,112,60
230,2022,2022,41,112,176,77
230,2022,2022,42,105,180,100
230,2022,2022,43,114,270,69
230,2022,2022,44,119,218,77
231,NA,2022,35,0,76,22
231,2022,2022,36,0,86,21
231,2022,2022,37,0,64,22
231,2022,2022,38,0,98,32
231,2022,2022,39,0,126,42
231,2022,2022,40,0,112,60
231,2022,2022,41,234,176,77
231,2022,2022,42,275,180,100
231,2022,2022,43,242,270,69
231,2022,2022,44,255,218,77
232,NA,2022,35,0,76,22
232,2022,2022,36,0,86,21
232,2022,2022,37,0,64,22
232,2022,2022,38,0,98,32
232,2022,2022,39,0,126,42
232,2022,2022,40,0,112,60
232,2022,2022,41,281,176,77
232,2022,2022,42,281,180,100
232,2022,2022,43,312,270,69
232,2022,2022,44,281,218,77
233,NA,2022,35,0,76,22
233,2022,2022,36,0,86,21
233,2022,2022,37,0,64,22
233,2022,2022,38,0,98,32
233,2022,2022,39,0,126,42
233,2022,2022,40,0,112,60
233,2022,2022,41,348,176,77
233,2022,2022,42,325,180,100
233,2022,2022,43,340,270,69
233,2022,2022,44,331,218,77
234,NA,2022,35,0,76,22
234,2022,2022,36,0,86,21
234,2022,2022,37,0,64,22
234,2022,2022,38,0,98,32
234,2022,2022,39,0,126,42
234,2022,2022,40,0,112,60
234,2022,2022,41,210,176,77
234,2022,2022,42,214,180,100
234,2022,2022,43,226,270,69
234,2022,2022,44,246,218,77
235,NA,2022,35,0,76,22
235,2022,2022,36,0,86,21
235,2022,2022,37,0,64,22
235,2022,2022,38,0,98,32
235,2022,2022,39,0,126,42
235,2022,2022,40,0,112,60
235,2022,2022,41,284,176,77
235,2022,2022,42,289,180,100
235,2022,2022,43,301,270,69
235,2022,2022,44,332,218,77
236,NA,2022,35,0,76,22
236,2022,2022,36,0,86,21
236,2022,2022,37,0,64,22
236,2022,2022,38,0,98,32
236,2022,2022,39,0,126,42
236,2022,2022,40,0,112,60
236,2022,2022,41,235,176,77
236,2022,2022,42,239,180,100
236,2022,2022,43,254,270,69
236,2022,2022,44,239,218,77
237,NA,2022,35,0,76,22
237,2022,2022,36,0,86,21
237,2022,2022,37,0,64,22
237,2022,2022,38,0,98,32
237,2022,2022,39,0,126,42
237,2022,2022,40,0,112,60
237,2022,2022,41,250,176,77
237,2022,2022,42,251,180,100
237,2022,2022,43,257,270,69
237,2022,2022,44,259,218,77
238,NA,2022,35,0,76,22
238,2022,2022,36,0,86,21
238,2022,2022,37,0,64,22
238,2022,2022,38,0,98,32
238,2022,2022,39,0,126,42
238,2022,2022,40,0,112,60
238,2022,2022,41,183,176,77
238,2022,2022,42,189,180,100
238,2022,2022,43,209,270,69
238,2022,2022,44,191,218,77
239,NA,2022,35,0,76,22
239,2022,2022,36,0,86,21
239,2022,2022,37,0,64,22
239,2022,2022,38,0,98,32
239,2022,2022,39,0,126,42
239,2022,2022,40,0,112,60
239,2022,2022,41,263,176,77
239,2022,2022,42,297,180,100
239,2022,2022,43,287,270,69
239,2022,2022,44,273,218,77
240,NA,2022,35,0,76,22
240,2022,2022,36,0,86,21
240,2022,2022,37,0,64,22
240,2022,2022,38,0,98,32
240,2022,2022,39,0,126,42
240,2022,2022,40,0,112,60
240,2022,2022,41,254,176,77
240,2022,2022,42,251,180,100
240,2022,2022,43,234,270,69
240,2022,2022,44,239,218,77
241,NA,2022,35,0,76,22
241,2022,2022,36,0,86,21
241,2022,2022,37,0,64,22
241,2022,2022,38,0,98,32
241,2022,2022,39,0,126,42
241,2022,2022,40,0,112,60
241,2022,2022,41,123,176,77
241,2022,2022,42,139,180,100
241,2022,2022,43,143,270,69
241,2022,2022,44,140,218,77
242,NA,2022,35,0,76,22
242,2022,2022,36,0,86,21
242,2022,2022,37,0,64,22
242,2022,2022,38,0,98,32
242,2022,2022,39,0,126,42
242,2022,2022,40,0,112,60
242,2022,2022,41,237,176,77
242,2022,2022,42,224,180,100
242,2022,2022,43,243,270,69
242,2022,2022,44,239,218,77
243,NA,2022,35,0,76,22
243,2022,2022,36,0,86,21
243,2022,2022,37,0,64,22
243,2022,2022,38,0,98,32
243,2022,2022,39,0,126,42
243,2022,2022,40,0,112,60
243,2022,2022,41,534,176,77
243,2022,2022,42,533,180,100
243,2022,2022,43,558,270,69
243,2022,2022,44,589,218,77
244,NA,2022,35,0,76,22
244,2022,2022,36,0,86,21
244,2022,2022,37,0,64,22
244,2022,2022,38,0,98,32
244,2022,2022,39,0,126,42
244,2022,2022,40,0,112,60
244,2022,2022,41,259,176,77
244,2022,2022,42,269,180,100
244,2022,2022,43,303,270,69
244,2022,2022,44,262,218,77
245,NA,2022,35,0,76,22
245,2022,2022,36,0,86,21
245,2022,2022,37,0,64,22
245,2022,2022,38,0,98,32
245,2022,2022,39,0,126,42
245,2022,2022,40,0,112,60
245,2022,2022,41,329,176,77
245,2022,2022,42,339,180,100
245,2022,2022,43,349,270,69
245,2022,2022,44,326,218,77
246,NA,2022,35,0,76,22
246,2022,2022,36,0,86,21
246,2022,2022,37,0,64,22
246,2022,2022,38,0,98,32
246,2022,2022,39,0,126,42
246,2022,2022,40,0,112,60
246,2022,2022,41,211,176,77
246,2022,2022,42,210,180,100
246,2022,2022,43,227,270,69
246,2022,2022,44,226,218,77
247,NA,2022,35,0,76,22
247,2022,2022,36,0,86,21
247,2022,2022,37,0,64,22
247,2022,2022,38,0,98,32
247,2022,2022,39,0,126,42
247,2022,2022,40,0,112,60
247,2022,2022,41,204,176,77
247,2022,2022,42,201,180,100
247,2022,2022,43,235,270,69
247,2022,2022,44,237,218,77
248,NA,2022,35,0,76,22
248,2022,2022,36,0,86,21
248,2022,2022,37,0,64,22
248,2022,2022,38,0,98,32
248,2022,2022,39,0,126,42
248,2022,2022,40,0,112,60
248,2022,2022,41,254,176,77
248,2022,2022,42,254,180,100
248,2022,2022,43,278,270,69
248,2022,2022,44,253,218,77
249,NA,2022,35,0,76,22
249,2022,2022,36,0,86,21
249,2022,2022,37,0,64,22
249,2022,2022,38,0,98,32
249,2022,2022,39,0,126,42
249,2022,2022,40,0,112,60
249,2022,2022,41,402,176,77
249,2022,2022,42,448,180,100
249,2022,2022,43,406,270,69
249,2022,2022,44,450,218,77
250,NA,2022,35,0,76,22
250,2022,2022,36,0,86,21
250,2022,2022,37,0,64,22
250,2022,2022,38,0,98,32
250,2022,2022,39,0,126,42
250,2022,2022,40,0,112,60
250,2022,2022,41,145,176,77
250,2022,2022,42,154,180,100
250,2022,2022,43,150,270,69
250,2022,2022,44,153,218,77
251,NA,2022,35,0,76,22
251,2022,2022,36,0,86,21
251,2022,2022,37,0,64,22
251,2022,2022,38,0,98,32
251,2022,2022,39,0,126,42
251,2022,2022,40,0,112,60
251,2022,2022,41,154,176,77
251,2022,2022,42,153,180,100
251,2022,2022,43,149,270,69
251,2022,2022,44,156,218,77
252,NA,2022,35,0,76,22
252,2022,2022,36,0,86,21
252,2022,2022,37,0,64,22
252,2022,2022,38,0,98,32
252,2022,2022,39,0,126,42
252,2022,2022,40,0,112,60
252,2022,2022,41,423,176,77
252,2022,2022,42,449,180,100
252,2022,2022,43,441,270,69
252,2022,2022,44,437,218,77
253,NA,2022,35,0,76,22
253,2022,2022,36,0,86,21
253,2022,2022,37,0,64,22
253,2022,2022,38,0,98,32
253,2022,2022,39,0,126,42
253,2022,2022,40,0,112,60
253,2022,2022,41,273,176,77
253,2022,2022,42,294,180,100
253,2022,2022,43,298,270,69
253,2022,2022,44,273,218,77
254,NA,2022,35,0,76,22
254,2022,2022,36,0,86,21
254,2022,2022,37,0,64,22
254,2022,2022,38,0,98,32
254,2022,2022,39,0,126,42
254,2022,2022,40,0,112,60
254,2022,2022,41,301,176,77
254,2022,2022,42,328,180,100
254,2022,2022,43,327,270,69
254,2022,2022,44,299,218,77
255,NA,2022,35,0,76,22
255,2022,2022,36,0,86,21
255,2022,2022,37,0,64,22
255,2022,2022,38,0,98,32
255,2022,2022,39,0,126,42
255,2022,2022,40,0,112,60
255,2022,2022,41,198,176,77
255,2022,2022,42,185,180,100
255,2022,2022,43,195,270,69
255,2022,2022,44,185,218,77
256,NA,2022,35,0,76,22
256,2022,2022,36,0,86,21
256,2022,2022,37,0,64,22
256,2022,2022,38,0,98,32
256,2022,2022,39,0,126,42
256,2022,2022,40,0,112,60
256,2022,2022,41,80,176,77
256,2022,2022,42,74,180,100
256,2022,2022,43,81,270,69
256,2022,2022,44,76,218,77
257,NA,2022,35,0,76,22
257,2022,2022,36,0,86,21
257,2022,2022,37,0,64,22
257,2022,2022,38,0,98,32
257,2022,2022,39,0,126,42
257,2022,2022,40,0,112,60
257,2022,2022,41,334,176,77
257,2022,2022,42,384,180,100
257,2022,2022,43,400,270,69
257,2022,2022,44,403,218,77
258,NA,2022,35,0,76,22
258,2022,2022,36,0,86,21
258,2022,2022,37,0,64,22
258,2022,2022,38,0,98,32
258,2022,2022,39,0,126,42
258,2022,2022,40,0,112,60
258,2022,2022,41,281,176,77
258,2022,2022,42,291,180,100
258,2022,2022,43,319,270,69
258,2022,2022,44,328,218,77
259,NA,2022,35,0,76,22
259,2022,2022,36,0,86,21
259,2022,2022,37,0,64,22
259,2022,2022,38,0,98,32
259,2022,2022,39,0,126,42
259,2022,2022,40,0,112,60
259,2022,2022,41,351,176,77
259,2022,2022,42,369,180,100
259,2022,2022,43,371,270,69
259,2022,2022,44,401,218,77
260,NA,2022,35,0,76,22
260,2022,2022,36,0,86,21
260,2022,2022,37,0,64,22
260,2022,2022,38,0,98,32
260,2022,2022,39,0,126,42
260,2022,2022,40,0,112,60
260,2022,2022,41,298,176,77
260,2022,2022,42,287,180,100
260,2022,2022,43,313,270,69
260,2022,2022,44,317,218,77
261,NA,2022,35,0,76,22
261,2022,2022,36,0,86,21
261,2022,2022,37,0,64,22
261,2022,2022,38,0,98,32
261,2022,2022,39,0,126,42
261,2022,2022,40,0,112,60
261,2022,2022,41,197,176,77
261,2022,2022,42,193,180,100
261,2022,2022,43,174,270,69
261,2022,2022,44,195,218,77
262,NA,2022,35,0,76,22
262,2022,2022,36,0,86,21
262,2022,2022,37,0,64,22
262,2022,2022,38,0,98,32
262,2022,2022,39,0,126,42
262,2022,2022,40,0,112,60
262,2022,2022,41,329,176,77
262,2022,2022,42,336,180,100
262,2022,2022,43,361,270,69
262,2022,2022,44,387,218,77
263,NA,2022,35,0,76,22
263,2022,2022,36,0,86,21
263,2022,2022,37,0,64,22
263,2022,2022,38,0,98,32
263,2022,2022,39,0,126,42
263,2022,2022,40,0,112,60
263,2022,2022,41,160,176,77
263,2022,2022,42,150,180,100
263,2022,2022,43,148,270,69
263,2022,2022,44,143,218,77
264,NA,2022,35,0,76,22
264,2022,2022,36,0,86,21
264,2022,2022,37,0,64,22
264,2022,2022,38,0,98,32
264,2022,2022,39,0,126,42
264,2022,2022,40,0,112,60
264,2022,2022,41,525,176,77
264,2022,2022,42,464,180,100
264,2022,2022,43,464,270,69
264,2022,2022,44,510,218,77
265,NA,2022,35,0,76,22
265,2022,2022,36,0,86,21
265,2022,2022,37,0,64,22
265,2022,2022,38,0,98,32
265,2022,2022,39,0,126,42
265,2022,2022,40,0,112,60
265,2022,2022,41,270,176,77
265,2022,2022,42,277,180,100
265,2022,2022,43,284,270,69
265,2022,2022,44,304,218,77
266,NA,2022,35,0,76,22
266,2022,2022,36,0,86,21
266,2022,2022,37,0,64,22
266,2022,2022,38,0,98,32
266,2022,2022,39,0,126,42
266,2022,2022,40,0,112,60
266,2022,2022,41,468,176,77
266,2022,2022,42,468,180,100
266,2022,2022,43,512,270,69
266,2022,2022,44,472,218,77
267,NA,2022,35,0,76,22
267,2022,2022,36,0,86,21
267,2022,2022,37,0,64,22
267,2022,2022,38,0,98,32
267,2022,2022,39,0,126,42
267,2022,2022,40,0,112,60
267,2022,2022,41,105,176,77
267,2022,2022,42,115,180,100
267,2022,2022,43,122,270,69
267,2022,2022,44,127,218,77
268,NA,2022,35,0,76,22
268,2022,2022,36,0,86,21
268,2022,2022,37,0,64,22
268,2022,2022,38,0,98,32
268,2022,2022,39,0,126,42
268,2022,2022,40,0,112,60
268,2022,2022,41,254,176,77
268,2022,2022,42,236,180,100
268,2022,2022,43,227,270,69
268,2022,2022,44,239,218,77
269,NA,2022,35,0,76,22
269,2022,2022,36,0,86,21
269,2022,2022,37,0,64,22
269,2022,2022,38,0,98,32
269,2022,2022,39,0,126,42
269,2022,2022,40,0,112,60
269,2022,2022,41,241,176,77
269,2022,2022,42,224,180,100
269,2022,2022,43,263,270,69
269,2022,2022,44,241,218,77
270,NA,2022,35,0,76,22
270,2022,2022,36,0,86,21
270,2022,2022,37,0,64,22
270,2022,2022,38,0,98,32
270,2022,2022,39,0,126,42
270,2022,2022,40,0,112,60
270,2022,2022,41,267,176,77
270,2022,2022,42,249,180,100
270,2022,2022,43,247,270,69
270,2022,2022,44,278,218,77
271,NA,2022,35,0,76,22
271,2022,2022,36,0,86,21
271,2022,2022,37,0,64,22
271,2022,2022,38,0,98,32
271,2022,2022,39,0,126,42
271,2022,2022,40,0,112,60
271,2022,2022,41,248,176,77
271,2022,2022,42,255,180,100
271,2022,2022,43,245,270,69
271,2022,2022,44,261,218,77
272,NA,2022,35,0,76,22
272,2022,2022,36,0,86,21
272,2022,2022,37,0,64,22
272,2022,2022,38,0,98,32
272,2022,2022,39,0,126,42
272,2022,2022,40,0,112,60
272,2022,2022,41,216,176,77
272,2022,2022,42,232,180,100
272,2022,2022,43,218,270,69
272,2022,2022,44,238,218,77
273,NA,2022,35,0,76,22
273,2022,2022,36,0,86,21
273,2022,2022,37,0,64,22
273,2022,2022,38,0,98,32
273,2022,2022,39,0,126,42
273,2022,2022,40,0,112,60
273,2022,2022,41,156,176,77
273,2022,2022,42,152,180,100
273,2022,2022,43,150,270,69
273,2022,2022,44,156,218,77
274,NA,2022,35,0,76,22
274,2022,2022,36,0,86,21
274,2022,2022,37,0,64,22
274,2022,2022,38,0,98,32
274,2022,2022,39,0,126,42
274,2022,2022,40,0,112,60
274,2022,2022,41,331,176,77
274,2022,2022,42,316,180,100
274,2022,2022,43,326,270,69
274,2022,2022,44,305,218,77
275,NA,2022,35,0,76,22
275,2022,2022,36,0,86,21
275,2022,2022,37,0,64,22
275,2022,2022,38,0,98,32
275,2022,2022,39,0,126,42
275,2022,2022,40,0,112,60
275,2022,2022,41,112,176,77
275,2022,2022,42,115,180,100
275,2022,2022,43,119,270,69
275,2022,2022,44,121,218,77
276,NA,2022,35,0,76,22
276,2022,2022,36,0,86,21
276,2022,2022,37,0,64,22
276,2022,2022,38,0,98,32
276,2022,2022,39,0,126,42
276,2022,2022,40,0,112,60
276,2022,2022,41,273,176,77
276,2022,2022,42,276,180,100
276,2022,2022,43,305,270,69
276,2022,2022,44,289,218,77
277,NA,2022,35,0,76,22
277,2022,2022,36,0,86,21
277,2022,2022,37,0,64,22
277,2022,2022,38,0,98,32
277,2022,2022,39,0,126,42
277,2022,2022,40,0,112,60
277,2022,2022,41,385,176,77
277,2022,2022,42,419,180,100
277,2022,2022,43,453,270,69
277,2022,2022,44,399,218,77
278,NA,2022,35,0,76,22
278,2022,2022,36,0,86,21
278,2022,2022,37,0,64,22
278,2022,2022,38,0,98,32
278,2022,2022,39,0,126,42
278,2022,2022,40,0,112,60
278,2022,2022,41,188,176,77
278,2022,2022,42,205,180,100
278,2022,2022,43,191,270,69
278,2022,2022,44,212,218,77
279,NA,2022,35,0,76,22
279,2022,2022,36,0,86,21
279,2022,2022,37,0,64,22
279,2022,2022,38,0,98,32
279,2022,2022,39,0,126,42
279,2022,2022,40,0,112,60
279,2022,2022,41,151,176,77
279,2022,2022,42,168,180,100
279,2022,2022,43,160,270,69
279,2022,2022,44,183,218,77
280,NA,2022,35,0,76,22
280,2022,2022,36,0,86,21
280,2022,2022,37,0,64,22
280,2022,2022,38,0,98,32
280,2022,2022,39,0,126,42
280,2022,2022,40,0,112,60
280,2022,2022,41,287,176,77
280,2022,2022,42,298,180,100
280,2022,2022,43,347,270,69
280,2022,2022,44,341,218,77
281,NA,2022,35,0,76,22
281,2022,2022,36,0,86,21
281,2022,2022,37,0,64,22
281,2022,2022,38,0,98,32
281,2022,2022,39,0,126,42
281,2022,2022,40,0,112,60
281,2022,2022,41,351,176,77
281,2022,2022,42,371,180,100
281,2022,2022,43,376,270,69
281,2022,2022,44,359,218,77
282,NA,2022,35,0,76,22
282,2022,2022,36,0,86,21
282,2022,2022,37,0,64,22
282,2022,2022,38,0,98,32
282,2022,2022,39,0,126,42
282,2022,2022,40,0,112,60
282,2022,2022,41,101,176,77
282,2022,2022,42,99,180,100
282,2022,2022,43,102,270,69
282,2022,2022,44,108,218,77
283,NA,2022,35,0,76,22
283,2022,2022,36,0,86,21
283,2022,2022,37,0,64,22
283,2022,2022,38,0,98,32
283,2022,2022,39,0,126,42
283,2022,2022,40,0,112,60
283,2022,2022,41,124,176,77
283,2022,2022,42,132,180,100
283,2022,2022,43,129,270,69
283,2022,2022,44,124,218,77
284,NA,2022,35,0,76,22
284,2022,2022,36,0,86,21
284,2022,2022,37,0,64,22
284,2022,2022,38,0,98,32
284,2022,2022,39,0,126,42
284,2022,2022,40,0,112,60
284,2022,2022,41,382,176,77
284,2022,2022,42,382,180,100
284,2022,2022,43,401,270,69
284,2022,2022,44,373,218,77
285,NA,2022,35,0,76,22
285,2022,2022,36,0,86,21
285,2022,2022,37,0,64,22
285,2022,2022,38,0,98,32
285,2022,2022,39,0,126,42
285,2022,2022,40,0,112,60
285,2022,2022,41,445,176,77
285,2022,2022,42,456,180,100
285,2022,2022,43,445,270,69
285,2022,2022,44,447,218,77
286,NA,2022,35,0,76,22
286,2022,2022,36,0,86,21
286,2022,2022,37,0,64,22
286,2022,2022,38,0,98,32
286,2022,2022,39,0,126,42
286,2022,2022,40,0,112,60
286,2022,2022,41,351,176,77
286,2022,2022,42,368,180,100
286,2022,2022,43,385,270,69
286,2022,2022,44,360,218,77
123,NA,2022,35,NA,76,22
165,NA,2022,35,NA,76,22
171,NA,2022,35,NA,76,22
226,NA,2022,35,NA,76,22
123,2022,2022,36,NA,86,21
165,2022,2022,36,NA,86,21
171,2022,2022,36,NA,86,21
226,2022,2022,36,NA,86,21
123,2022,2022,37,NA,64,22
165,2022,2022,37,NA,64,22
171,2022,2022,37,NA,64,22
226,2022,2022,37,NA,64,22
123,2022,2022,38,NA,98,32
165,2022,2022,38,NA,98,32
171,2022,2022,38,NA,98,32
226,2022,2022,38,NA,98,32
123,2022,2022,39,NA,126,42
165,2022,2022,39,NA,126,42
171,2022,2022,39,NA,126,42
226,2022,2022,39,NA,126,42
123,2022,2022,40,NA,112,60
165,2022,2022,40,NA,112,60
171,2022,2022,40,NA,112,60
226,2022,2022,40,NA,112,60
123,2022,2022,41,NA,176,77
165,2022,2022,41,NA,176,77
171,2022,2022,41,NA,176,77
226,2022,2022,41,NA,176,77
123,2022,2022,42,NA,180,100
165,2022,2022,42,NA,180,100
171,2022,2022,42,NA,180,100
226,2022,2022,42,NA,180,100
123,2022,2022,43,NA,270,69
165,2022,2022,43,NA,270,69
171,2022,2022,43,NA,270,69
226,2022,2022,43,NA,270,69
123,2022,2022,44,NA,218,77
165,2022,2022,44,NA,218,77
171,2022,2022,44,NA,218,77
226,2022,2022,44,NA,218,77
