anyo,mun_dest,receptor,Andalucía,Aragón,"Asturias, Principado de","Balears, Illes",Canarias,Cantabria,Castilla - La Mancha,Castilla y León,Cataluña,Ceuta,Comunitat Valenciana,Extremadura,Galicia,"Madrid, Comunidad de",Melilla,"Murcia, Región de","Navarra, Comunidad Foral de",País Vasco,"Rioja, La",comercio,hosteleria,turismo,cluster
2019,Ajalvir,2097,1019,244,75,0,0,0,3736.045,655,458,0,635,298,143,0,0,252,0,182,30,4,3,3,2
2019,Alcalá de Henares,51866,30.429000000000002,922.967,2961.1,2448,3699,2669,197.185,24.223,17.894,429,23.787,942.04,10.825,0,229,1583.901,2589,2147.38,1720,3,3,3,1
2019,Alcobendas,44960,18.104,3139,3531.015,2678,3261,2784,30.77,17.579,10.491999999999999,0,14.213000000000001,3985.14,1901.572,0,0,3534,1222,2291.416,895,3,3,2,1
2019,Alcorcón,24139,21.351,2978,4540,2002,2510,1696,76.385,33.786,1935.944,32,18.332,15.736,1865.7,0,84,4207,1250,3213,731,4,3,5,1
2019,Aldea del Fresno,687,506,0,0,33,0,0,932.725,405,142,0,295,196,50,0,0,0,0,47,0,2,2,3,2
2019,Algete,6485,2901,402,508,217,244,456,11.463000000000001,2399,894,0,2390,512,820,0,0,578,71,705,0,2.5,3,2.5,2
2019,Alpedrete,2399,1925,395,611,205,293,146,1690,3020,799,0,1461,500,1160,0,0,375,0,395,0,3,3,1,2
2019,Ambite,344,0,0,0,0,0,0,3909,34,0,0,72,0,0,0,0,0,0,0,0,2,4,3,2
2019,Aranjuez,11628,11.579,1563,1372,650,979,823,130.957,5070,3527,0,997.212,2276,2252,0,93,2398,600,1660,371,3,3,2.5,3
2019,Arganda del Rey,12477,2455.365,1026,1052,511,571,428,13.792,4220,2871,0,9.27,1661,1916,0,0,2208,343,1241,334,3,3,2,3
2019,Arroyomolinos,6798,3331,552,547,173,322,399,21.089,2715,1244,0,2476,3376,1289,1008,0,674,35,398,0,2,3.5,3,2
2019,"Atazar, El",324,182,0,0,0,0,0,1249,129,69,0,146,0,40,0,0,0,0,64,0,3,4,3,2
2019,Becerril de la Sierra,569,775,141,232,0,35,0,726,817,339,0,720,69,432,0,0,105,0,50,0,2,3,2,2
2019,"Berrueco, El",633,76,0,0,0,0,0,356,175,0,0,34,0,32,0,0,0,0,156,0,2,4,3,2
2019,Boadilla del Monte,16394,851.893,1217,1584,957,857,1256,13.502,1850.722,3261,0,2323.432,2205,3391,0,0,1529,404,1595,270,3,3,1,3
2019,"Boalo, El",1548,1117,85,385,0,286,104,1003,1047,696,0,683,115,557,0,0,214,0,316,0,2,3,3,2
2019,Brunete,2084,1864,198,558,133,111,115,2359,2049,588,0,1127,590,659,0,0,265,72,318,0,4,3,3,2
2019,Buitrago del Lozoya,1442,263,0,0,32,0,0,862,768,48,0,99,0,0,0,0,0,0,334,0,3,3,3,2
2019,Bustarviejo,726,315,0,94,0,30,0,2705,401,89,0,277,0,85,0,0,0,0,0,0,3,4,1,2
2019,"Cabrera, La",2063,375,61,255,0,0,41,2121,820,166,0,264,0,262,0,0,0,0,753,0,3,3,3,2
2019,Cadalso de los Vidrios,414,216,0,0,0,0,0,3277.17,3489,62,0,260,38,33,0,0,40,0,0,0,4,3.5,3,2
2019,Camarma de Esteruelas,1067,504,0,65,0,0,0,10.591000000000001,266,276,0,523,173,116,0,0,32,0,0,0,1.5,1,1,2
2019,Campo Real,1097,617,0,104,82,35,0,1593,404,374,0,834,191,199,0,0,132,0,0,0,3.5,4,4,2
2019,Carabaña,636,139,33,0,0,0,0,652,0,0,0,255,52,0,0,0,0,0,0,0,3,3,3,2
2019,Casarrubuelos,721,667,0,0,0,0,0,27.117,329,79,0,545,272,88,0,0,72,0,0,0,3.5,3,3,2
2019,Cercedilla,1504,1173,298,370,68,153,65,1536,2546,646,0,1010,183,731,0,0,215,0,257,0,3,3,4,2
2019,Chinchón,1292,1308,252,140,0,79,31,4395,415,655,0,1568,294,302,0,0,311,33,276,0,3,3,3,2
2019,Ciempozuelos,12994,2696.325,662,557,116,289,457,57.442,2177,1447,0,3685,905,1432,0,0,1069,228,776,72,3,2,3,3
2019,Cobeña,1011,700,39,77,69,44,0,2403,588,311,0,684,106,289,0,0,103,0,115,0,3,3,3,2
2019,Collado Mediano,1369,1066,211,398,33,67,30,1083,2199,526,0,928,297,679,0,0,168,0,191,0,3,3,3,2
2019,Collado Villalba,10494,4603.22,862,1897,634,773,725,7.383,12.163,2480,0,4811,1725,3708,0,0,1095,370,1208,232,3,3,3,3
2019,Colmenar Viejo,8732,2669.702,1027,1500,684,1024,906,7.653,886.711,2509,0,2081.24,1783,2820,0,0,1219,360,1294,249,3,2,4.5,3
2019,Colmenar de Oreja,863,766,86,0,0,0,0,9.197,238,152,0,573,97,62,0,0,162,0,0,0,3,4,2,2
2019,Colmenar del Arroyo,107,0,0,0,0,0,0,183,135,0,0,0,0,0,0,0,0,0,0,0,3,4.5,3,2
2019,Colmenarejo,1942,742,47,100,0,63,36,913,723,369,0,562,77,312,0,0,0,0,119,0,3,3,2,2
2019,Coslada,17779,10.91,1976,1608,794,1360,814,35.307,11.034,1439.197,0,10.607,4057,3985,0,70,2512,755,1594,357,4,4,3,3
2019,Cubas de la Sagra,817,596,0,0,0,0,0,18.381999999999998,277,0,0,460,234,70,0,0,0,0,0,0,3.5,2,4,2
2019,Daganzo de Arriba,1856,1666,246,295,73,135,77,4210.108,1045,663,0,1160,389,531,0,0,95,0,468,0,4.5,3,3,2
2019,"Escorial, El",4032,2458,387,691,343,327,381,2546,3474,1231,0,1981,505,1215,0,0,399,183,623,0,3,3,4,2
2019,Fresnedillas de la Oliva,77,0,0,0,0,0,0,97,96,0,0,0,0,0,0,0,0,0,0,0,5,3,3,2
2019,Fresno de Torote,432,278,0,0,0,0,0,2736.092,33,47,0,84,0,30,0,0,0,0,0,0,3,3,3,2
2019,Fuenlabrada,30761,26.276,3440,2786.173,1821,3131,2272,100.804,25.753,9.132,0,20.461000000000002,17.115000000000002,9.184000000000001,0,98,4254.132,1581,4339,980,3,3,3,1
2019,Fuente el Saz de Jarama,1131,735,0,0,0,0,75,11.258,567,166,0,473,181,111,0,0,0,0,338,0,4,2,3,2
2019,Fuentidueña de Tajo,696,185,0,0,0,0,0,3176.201,269,0,0,725,0,0,0,0,254,0,0,0,3,2,3,2
2019,Galapagar,6589,3324,733,1284,505,569,469,3753,4096.019,1536,0,3028,1007,1872,0,0,875,316,844,0,3,3,3,2
2019,Garganta de los Montes,453,0,0,0,0,0,0,1046,164,0,0,77,0,0,0,0,0,0,0,0,3,4,3,2
2019,Getafe,44202,36.536,4321.001,4157.2,2356,3271,2973,115.877,24.487000000000002,12.824,177,25.794999999999998,15.317,10.924,0,229,8.281,1854,3373.14,1015,3,3,2.5,1
2019,Griñón,1134,1479,197,143,74,121,140,13.321,1022,611,0,1342,594,231,0,0,322,0,123,0,3,2.5,4,2
2019,Guadalix de la Sierra,1179,527,98,0,0,0,0,1442,1158,278,0,446,466,257,0,0,30,0,85,0,3,3,3,2
2019,Guadarrama,5387,3093,420,1890,376,434,385,3616,14.443,1273,0,3192,886,3726,0,40,750,179,605,69,2,3,3,2
2019,Horcajo de la Sierra-Aoslos,1431,90,0,0,0,0,0,163,675,0,0,33,0,0,0,0,0,0,420,0,3,4.5,3,2
2019,Hoyo de Manzanares,1146,956,220,282,0,30,113,421,640,216,0,690,239,399,0,0,99,30,193,0,3,3,1,2
2019,Humanes de Madrid,3826,4455,959,691,400,393,421,24.986,3025.598,1863,0,3103.045,2670,1300,0,70,1144,340,1542,409,3,3,3,2
2019,Leganés,29762,22.727,3163,3676,2191,2965,2137,99.308,34.059,8.822000000000001,35,19.231,18.336,1852.29,0,135,4670,1455,3494,788,4,4,4,1
2019,Loeches,3301,1220,35,0,0,0,31,4915,868,524,0,1121,222,227,0,0,206,0,226,0,3,3,3,2
2019,Lozoya,99,73,0,0,0,0,0,612,36,0,0,0,0,0,0,0,0,0,0,0,4,4,3,2
2019,Lozoyuela-Navas-Sieteiglesias,1324,194,0,0,0,0,55,999,941,0,0,34,0,0,0,0,0,0,546,0,5,4.5,3,2
2019,Madrid,2602822,854.184,163.653,177.368,125.852,186.808,88.249,1183.642,738.772,525.048,712.229,615.449,204.37199999999999,354.562,0,969.508,163.752,85.448,244.093,46.747,4,4,4,4
2019,Majadahonda,20486,8.958,1460,2750,1162,1037,1246,11.504,10.584,3128,0,1515.438,2056,3966,0,0,1641,626,1944,298,3,3,4,3
2019,Manzanares el Real,1675,972,33,218,0,36,66,1300,1017,417,0,724,157,422,0,0,107,0,178,0,3,3,3,2
2019,Meco,4379,1837,1000,107,31,0,108,38.282,932,1109,0,1412,369,844,0,0,299,270,246,37,5,3.5,3,2
2019,Mejorada del Campo,3878,2581,670,496,264,337,171,8.929,2204,1112,31,3365,935,876,0,36,770,34,422,0,3,3.5,1,2
2019,Miraflores de la Sierra,1170,462,62,83,0,0,0,2949,1345,304,0,542,67,106,0,0,32,0,72,0,2,3,3,2
2019,"Molar, El",2809,1219,187,132,0,66,384,8.867,1646,1763,0,1044,209,620,0,0,290,0,1187,0,3,3,3,2
2019,"Molinos, Los",414,655,0,39,0,0,0,669,1000,320,0,620,0,349,0,0,36,0,34,0,4,4,2,2
2019,Montejo de la Sierra,666,0,0,0,0,0,0,900,63,0,0,0,0,0,0,0,0,0,0,0,4,3,2,2
2019,Moraleja de Enmedio,951,1115,139,204,0,33,41,9.46,1007,200,0,850,561,356,0,0,269,33,209,31,3,4.5,3,2
2019,Moralzarzal,1381,1232,283,395,40,231,30,1049,1455,540,0,1228,350,676,0,0,126,0,184,0,3,3,2,2
2019,Morata de Tajuña,843,583,0,0,0,0,0,1721,157,260,0,649,31,31,0,0,33,0,30,0,2.5,3,3,2
2019,Móstoles,24712,16.576999999999998,2289,3113,1641,2160,1170,90.52799999999999,28.169,1661.556,0,15.165,14.933,1257.327,0,101,3367,736,2062,572,3,3,4,1
2019,Navacerrada,869,754,0,100,0,0,0,902,716,317,0,474,31,269,0,0,0,0,44,0,4,4,4,2
2019,Navalafuente,379,0,0,0,0,0,0,809,0,0,0,0,0,0,0,0,0,0,0,0,3,3,1,2
2019,Navalagamella,345,48,0,0,0,0,0,313,286,0,0,0,0,0,0,0,0,0,0,0,3,3,3,2
2019,Navalcarnero,4094,3473,620,650,224,225,324,25.65,2749,1245,0,2879,3101,1144,0,0,630,170,517,36,3,3,3,2
2019,Navas del Rey,298,109,0,0,0,0,0,1097,1477,0,0,72,0,0,0,0,0,0,0,0,3,5,3,2
2019,Nuevo Baztán,761,407,0,31,0,0,0,2051,271,159,0,352,0,59,0,0,37,0,31,0,3,3,2.5,2
2019,Paracuellos de Jarama,10925,4482.03,1088,1404,1529,1982,557,8.100999999999999,3510,4293,0,4349,760,3840,0,0,1030,992,2660,299,3,3,3,3
2019,Parla,18987,9.35,1253,1595,800,872,752,72.288,1786.45,3689,137,1003.037,1232.536,3194,0,0,1926,455,1448,306,3,3,3,3
2019,Patones,111,0,0,0,0,0,0,2010,63,0,0,37,0,0,0,0,0,0,0,0,2,4,4,2
2019,Pedrezuela,775,336,0,0,0,0,0,1265,336,34,0,277,0,0,0,0,0,0,213,0,2,2.5,1,2
2019,Pelayos de la Presa,541,376,0,0,0,0,0,1025,3363,75,0,282,63,37,0,0,0,0,0,0,3,3,3,2
2019,Perales de Tajuña,1064,308,0,39,0,0,0,4282,383,179,0,2917,30,104,0,0,1113,0,0,0,3,3.5,3,2
2019,Pezuela de las Torres,403,33,0,0,0,0,0,1630.736,0,0,0,31,0,0,0,0,0,0,0,0,3,2,5,2
2019,Pinto,20340,18.379,1784,2527,722,1117,1741,32.875,1789.764,3562.064,0,11.212,3443,4427,0,32,3783,932,3405,390,3,3,3,3
2019,Pozuelo de Alarcón,28088,13.744,2669,3563,1784,1736,1781,17.743,12.465,1344.945,0,9.864,3607,1308.809,0,0,2369,979,2989,627,3,3,2,1
2019,Pozuelo del Rey,851,98,0,0,0,0,0,513,0,0,0,139,0,0,0,0,0,0,0,0,4,2,3,2
2019,Prádena del Rincón,459,0,0,0,0,0,0,407,0,0,0,0,0,0,0,0,0,0,0,0,3,4.5,3,2
2019,Puebla de la Sierra,121,0,0,0,0,0,0,196,0,0,0,0,0,0,0,0,0,0,0,0,3,4.5,3,2
2019,Puentes Viejas,2274,107,0,0,0,0,0,619,1226,0,0,0,0,0,0,0,0,0,501,0,3,4,4,2
2019,Quijorna,630,378,0,70,0,32,0,492,397,0,0,229,0,118,0,0,0,0,0,0,1,3,3,2
2019,Rascafría,1640,563,142,32,0,0,0,1205,2911,161,0,801,87,118,0,0,50,0,255,53,3,4,3.5,2
2019,Redueña,43,0,0,0,0,0,0,63,0,0,0,0,0,0,0,0,0,0,0,0,3,3,3,2
2019,Ribatejada,35,153,0,0,0,0,0,3.211,81,0,0,65,31,35,0,0,0,0,37,0,4,1.5,5,2
2019,Rivas-Vaciamadrid,15870,8.64,1701,1872,819,1242,958,20.632,1765.788,3879,0,10.405000000000001,3056,3741,0,49,2681,554,2110,388,3,3,3,3
2019,Robledillo de la Jara,484,0,0,0,0,0,0,368,44,0,0,0,0,0,0,0,0,0,0,0,1,5,3,2
2019,Robledo de Chavela,1002,610,139,60,0,0,0,1218,3004,332,0,594,74,326,0,0,97,31,70,0,5,2,4,2
2019,"Rozas de Madrid, Las",27599,14.486,2488,3993.154,1364,1572,2311,12.681,13.987,1611.336,39,10.959,3145,9.045,0,0,2861,1152,3715,566,3,3,2,1
2019,Rozas de Puerto Real,32,0,0,0,0,0,0,634,568,0,0,31,0,0,0,0,0,0,0,0,3,5,3,2
2019,San Agustín del Guadalix,3409,1514,229,128,67,64,286,3389,1377,547,0,1364,187,777,0,0,286,0,1310,0,3,3,3,2
2019,San Fernando de Henares,18261,9.893,2035,1652,978,1789,832,37.211,1874.642,818.52,0,8.52,2651,4238,0,32,2431,667,1903,544,3,3,1.5,3
2019,San Lorenzo de El Escorial,5818,4409,717,1200,524,519,660,4085,3691.095,2464,0,3688,759,2075,0,0,722,346,1088,96,3,3,3,2
2019,San Martín de Valdeiglesias,1450,913,85,33,0,0,0,2943,8.174,401,0,665,292,235,0,0,0,0,82,0,3,3,3.5,2
2019,San Martín de la Vega,4308,4058.442,624,883,336,320,717,10.242,2302,1322,0,3776,1422,1470,0,0,1106,226,1155,96,3,3,3,2
2019,San Sebastián de los Reyes,24743,15.616,2165,3622,1558,2192,2715,36.406,17.184,878.068,0,12.471,3599.024,1358.819,0,54,3146,1201,4030.108,755,3,3,3,1
2019,Santa María de la Alameda,609,0,0,0,0,0,0,225,4047,0,0,70,0,0,0,0,0,0,0,0,4,4,3,2
2019,Santorcaz,347,83,413,0,0,0,0,2582,0,694,0,0,0,118,0,0,0,32,0,0,3,3,3,2
2019,"Serna del Monte, La",80,0,0,0,0,0,0,30,0,0,0,0,0,0,0,0,0,0,0,0,3,3.5,2,2
2019,Sevilla la Nueva,1261,719,104,192,0,41,36,2106,801,126,0,509,384,335,0,0,33,0,0,0,4,2,3,2
2019,Somosierra,776,30,0,0,0,0,0,65,441,0,0,0,0,0,0,0,0,0,34,0,4.5,3.5,3,2
2019,Soto del Real,1712,1212,280,272,31,116,117,2130,2003,552,0,846,304,725,0,0,103,70,263,0,3,2,4,2
2019,Talamanca de Jarama,596,677,0,0,0,0,0,9.494,352,71,0,336,73,30,0,0,0,0,96,0,3,3,3,2
2019,Tielmes,644,124,0,0,0,0,0,1084,82,0,0,537,36,0,0,0,231,0,0,0,4,3,1,2
2019,Titulcia,310,61,0,0,0,0,0,1443,0,0,0,0,0,0,0,0,0,0,0,0,3,4,3,2
2019,Torrejón de Ardoz,22179,17.104,3445,2386,1442,1883,1513,64.528,13.548,1887.513,43,12.926,1344.376,4114.428,0,0,3400,805,2531,588,3,3,3,3
2019,Torrejón de Velasco,1795,1851,0,110,0,44,0,15.327,319,106,0,1246,134,156,0,0,203,0,0,0,3,2.5,3,2
2019,Torrejón de la Calzada,1120,1429,224,277,64,34,0,13.114,1104,495,0,1469,888,331,0,0,347,0,131,0,3,3,3,2
2019,Torrelaguna,960,254,0,0,0,0,0,2608.218,374,30,0,155,0,0,0,0,0,0,0,0,2,3,3,2
2019,Torrelodones,8040,3030,557,1291,400,378,443,2506,4421,1342,0,2021,468,1950,0,0,503,124,813,0,3,3,5,3
2019,Torres de la Alameda,1851,1026,304,86,0,0,0,2950,525,652,0,878,221,332,0,0,39,0,62,0,2.5,3.5,3,2
2019,Tres Cantos,12218,1615.322,1568,1908,695,875,1109,9.001,1896.013,3867,0,2120.279,1755,3796,0,0,1480,440,2197,482,3,3,3,3
2019,Valdelaguna,374,91,0,0,0,0,0,377,78,0,0,81,0,0,0,0,0,0,0,0,3.5,3,1,2
2019,Valdemanco,456,0,0,0,0,0,0,519,0,0,0,0,0,0,0,0,0,0,72,0,3,5,3,2
2019,Valdemaqueda,819,0,0,0,0,0,0,300,918.26,0,0,96,0,0,0,0,0,32,0,0,5,5,3,2
2019,Valdemorillo,2014,1486,224,510,136,100,0,1599,1597,626,0,1376,450,652,0,0,429,30,286,32,4.5,2,2,2
2019,Valdemoro,25444,16.225,2366,2377,843,1271,981,54.382999999999996,1789.873,3801,200,8.92,4400,4178,0,335,3674,755,1516,654,2,3,4,1
2019,Valdeolmos-Alalpardo,522,233,0,0,0,30,34,4635,284,0,0,128,0,143,0,0,0,0,37,0,3,2,3,2
2019,Valdepiélagos,182,214,0,0,0,0,0,8.818,107,0,0,0,0,0,0,0,0,0,0,0,3,5,3,2
2019,Valdilecha,538,600,0,0,0,31,0,903,411,173,0,811,104,30,0,0,64,0,0,0,3,5,3,2
2019,Velilla de San Antonio,1802,1884,519,372,44,117,195,3948,1308,688,0,2104,561,766,0,0,594,77,241,31,2,3,2,2
2019,"Vellón, El",447,358,0,0,0,0,0,2764,380,32,0,296,0,108,0,0,0,0,277,0,3,2,3,2
2019,Venturada,665,195,0,0,0,0,175,913,337,0,0,36,0,0,0,0,0,0,0,0,4,3.5,3,2
2019,Villa del Prado,1286,958,0,0,34,78,0,13.442,496,86,0,913,453,157,0,0,95,0,0,0,3,3,3,2
2019,Villaconejos,470,334,0,0,0,0,0,1969.45,0,0,0,261,0,0,0,0,0,0,0,0,2,3,5,2
2019,Villalbilla,2124,873,241,104,0,33,0,3667,519,518,0,726,361,353,0,0,161,0,170,0,2,3,2,2
2019,Villamanrique de Tajo,248,0,0,0,0,0,0,3495.149,93,0,0,246,0,0,0,0,0,0,0,0,3,1,3,2
2019,Villamanta,336,153,0,0,0,0,0,1608,0,0,0,112,30,0,0,0,0,0,0,0,4,3,3,2
2019,Villanueva de Perales,31,0,0,0,0,0,0,54,55,0,0,0,0,0,0,0,0,0,0,0,3,3,3,2
2019,Villanueva de la Cañada,12757,3975,559,979,421,527,461,3522,3297,1263,0,2217,1396,1613,0,0,581,148,864,78,2,3,3,3
2019,Villanueva del Pardillo,3174,1498,192,415,62,205,75,1444,1329,557,0,952,525,636,0,0,224,0,315,0,2.5,3,3,2
2019,Villar del Olmo,233,0,0,0,0,0,0,796,0,0,0,0,0,0,0,0,0,0,0,0,5,2.5,5,2
2019,Villarejo de Salvanés,1232,486,0,98,0,0,0,4386.184,466,120,0,1592,0,332,0,0,476,0,0,0,3,2.5,3,2
2019,Villaviciosa de Odón,11508,4422,643,1047,576,537,521,7.564,3245.131,1541,0,3440,1273,2255,0,0,817,243,1266,214,3,3,4,3
2019,Zarzalejo,320,0,0,0,0,0,0,0,1059,0,0,0,0,0,0,0,0,0,0,0,4,3,4,2
2019,"Álamo, El",864,661,36,34,0,0,0,10.725,525,306,0,559,413,138,0,0,0,0,32,0,3,2.5,3,2
2020,Ajalvir,3047,1796,279,69,0,72,39,5258,980,380,0,718,102,788,0,0,253,0,36,0,4,3,3,3
2020,Alcalá de Henares,63104,35.416,6254.571,5045,2374,3251,2883,250.57,1211.223,1461.648,35,1447.888,3572.079,24.366,0,32,5405.035,2787,5507,1800,3,3,3,4
2020,Alcobendas,47641,1962.926,3434,4407,2557,3111,2277,905.396,1562.49,5725.446,33,3661.863,6364,2262.921,0,37,3499,1285,3397.457,1008,3,3,2,4
2020,Alcorcón,31521,2052.177,3375,4708,2299,2205,1800,88.231,1304.301,5905.651,85,2402.897,2129.235,3519.534,0,0,4222,1347,3515,847,4,3,5,4
2020,Aldea del Fresno,931,143,0,0,0,0,0,6383.476,365,0,0,77,57,123,0,0,0,0,82,0,2,2,3,3
2020,Algete,6967,3395,431,369,103,130,546,1686.826,2459,1188,0,1833,473,2006,0,0,653,106,762,113,2.5,3,2.5,3
2020,Alpedrete,3726,1785,219,620,0,80,0,2151,3397,630,0,1171,432,2103,0,0,108,0,355,30,3,3,1,3
2020,Ambite,348,227,0,0,0,0,0,3842,0,0,0,0,0,104,0,0,0,0,0,0,2,4,3,3
2020,Aranjuez,14942,2747.737,1489,1521,689,1163,552,217.368,5350,3937,0,6080.408,2405,5557,0,0,2725,810,1581,115,3,3,2.5,1
2020,Arganda del Rey,18480,6363,1243,696,380,742,386,1362.958,4588,3424,0,6163.336,1502,5039,0,0,2092,77,1092,369,3,3,2,1
2020,Arroyomolinos,8368,4272,534,587,199,111,210,1098.805,3434,1317,0,2289,4621,3118,928,0,717,104,533,35,2,3.5,3,3
2020,"Atazar, El",228,0,0,0,0,0,0,720,0,0,0,0,0,0,0,0,0,0,0,0,3,4,3,3
2020,Becerril de la Sierra,854,673,0,164,34,72,0,840,993,262,0,554,34,1103,0,0,32,0,102,0,2,3,2,3
2020,"Berrueco, El",540,0,0,0,0,0,0,578,34,0,0,0,0,0,0,0,0,0,0,0,2,4,3,3
2020,Berzosa del Lozoya,40,0,0,0,0,0,0,42,0,0,0,0,0,0,0,0,0,0,0,0,1,4.5,3,3
2020,Boadilla del Monte,25030,3885.91,1231,1741,977,800,1458,948.945,4439.606,3604,0,5961,2946,6244.669,0,0,1599,512,1855,241,3,3,1,1
2020,"Boalo, El",2040,1078,147,252,0,272,0,1345,1217,506,0,433,78,1214,0,0,0,33,209,0,2,3,3,3
2020,Brunete,2755,1753,171,320,0,133,125,2940,2329,799,0,934,1197,1424,0,0,93,55,326,0,4,3,3,3
2020,Buitrago del Lozoya,735,400.27,0,0,0,0,0,1503,959,57,0,54,0,34,0,0,0,0,307,33,3,3,3,3
2020,Bustarviejo,1339,213,0,34,0,32,0,7588,324,0,0,209,0,327,0,0,62,0,78,0,3,4,1,3
2020,"Cabrera, La",2995,1530,0,44,0,0,233,4230,944,68,0,324,0,506,0,0,0,0,963,0,3,3,3,3
2020,Cadalso de los Vidrios,774,106,0,33,0,0,0,5467.275,8234,85,0,77,0,188,0,0,0,0,0,0,4,3.5,3,3
2020,Camarma de Esteruelas,1580,806,70,0,0,0,0,567.975,338,424,0,543,44,658,0,0,0,0,0,0,1.5,1,1,3
2020,Campo Real,1774,669,0,149,0,0,0,2075,410,210,0,846,157,481,0,0,39,0,70,0,3.5,4,4,3
2020,Carabaña,1027,34,0,0,0,31,0,1047,31,0,0,0,0,44,0,0,0,0,0,0,3,3,3,3
2020,Casarrubuelos,1240,871,0,0,0,0,0,54.509,300,0,0,293,328,348,0,0,0,0,0,0,3.5,3,3,3
2020,Cercedilla,1662,1167,77,260,0,0,0,1762,3197,676,0,697,32,1640,0,0,79,0,148,0,3,3,4,3
2020,Chinchón,1113,1259,107,80,46,0,0,5989,629,512,0,1373,140,355,0,0,78,0,72,0,3,3,3,3
2020,Ciempozuelos,17504,6691.518,865,642,50,315,107,109.865,2441,1745,0,5405,1256,4117,0,0,1747,35,904,99,3,2,3,1
2020,Cobeña,1283,872,0,0,0,0,151,5591,573,313,0,593,68,872,0,0,0,0,32,0,3,3,3,3
2020,Collado Mediano,2475,1463,119,823,0,30,43,1858,5653,436,0,869,239,2391,0,0,195,0,233,0,3,3,3,3
2020,Collado Villalba,13834,5698.09,770,2234,571,796,664,5753.291,1495.024,2308,0,4499,1637,8406,0,0,1144,131,1191,146,3,3,3,1
2020,Colmenar Viejo,13596,5863.036,1153,1636,542,845,699,5817.66,6279.214,2674,0,4630,2006,6608,0,0,1282,118,1611,130,3,2,4.5,1
2020,Colmenar de Oreja,1488,984,0,42,0,0,39,19.646,144,55,0,547,62,246,0,0,0,0,0,0,3,4,2,3
2020,Colmenar del Arroyo,61,0,0,0,0,0,0,135,42,0,0,0,0,30,0,0,0,0,0,0,3,4.5,3,3
2020,Colmenarejo,2659,814,33,35,0,0,31,1375,906,138,0,502,168,707,0,0,0,0,0,0,3,3,2,3
2020,Coslada,25253,4688.484,2370,1918,815,1069,917,42.679,3594.464,8869.095,0,5128.084,5084,5339.78,0,0,3074,1050,1945,711,4,4,3,1
2020,Cubas de la Sagra,1026,489,35,0,0,0,106,30.861,62,0,0,74,196,199,0,0,31,0,0,0,3.5,2,4,3
2020,Daganzo de Arriba,2870,2596,177,272,0,33,0,7727,1280,689,0,1054,488,684,0,0,40,0,569,0,4.5,3,3,3
2020,"Escorial, El",3205,2026,257,653,259,116,220,2397,4248,922,0,1295,441,1951,0,0,173,0,638,0,3,3,4,3
2020,Fresnedillas de la Oliva,50,0,0,0,0,0,0,94,47,0,0,0,0,0,0,0,0,0,0,0,5,3,3,3
2020,Fresno de Torote,570,297,0,0,0,0,0,6443,69,0,0,0,0,0,0,0,0,0,0,0,3,3,3,3
2020,Fuenlabrada,38599,1409.652,3887,4592,1594,2452,1955,122.675,2180.445,6196.785,0,1432.408,2955.982,1753.239,0,118,4988,1552,4335,822,3,3,3,4
2020,Fuente el Saz de Jarama,1371,702,0,0,0,0,0,1583.735,519,214,0,298,31,268,0,0,0,0,79,0,4,2,3,3
2020,Fuentidueña de Tajo,559,0,0,0,0,0,0,5347,30,0,0,628,0,0,0,0,170,0,0,0,3,2,3,3
2020,Galapagar,8796,3860,685,1383,417,610,566,4292,7360,1985,0,2702,968,5108,0,0,672,237,1029,82,3,3,3,3
2020,Garganta de los Montes,751,0,0,0,0,0,0,912,62,33,0,0,0,30,0,0,0,0,0,0,3,4,3,3
2020,Getafe,55468,42.957,6307,5463,1996,3258,2607,145.814,1546.503,3116.729,39,1510.083,3298.52,1011.346,0,114,6491.253,2450,5621,1122,3,3,2.5,4
2020,Griñón,1725,1383,243,163,48,67,69,681.152,1307,575,0,1142,560,742,0,0,185,30,104,0,3,2.5,4,3
2020,Guadalix de la Sierra,1511,615,0,0,0,0,0,1973,1339,118,0,476,1077,539,0,0,0,0,52,0,3,3,3,3
2020,Guadarrama,5243,3239,381,2071,0,298,350,5005,1023.295,837,0,2282,801,5245.491,0,0,763,136,496,0,2,3,3,3
2020,Horcajo de la Sierra-Aoslos,103,35,0,0,0,0,0,36,252,0,0,0,0,0,0,0,0,0,108,0,3,4.5,3,3
2020,Hoyo de Manzanares,1785,1105,320,132,0,32,0,897,1029,338,0,417,180,603,0,0,0,0,34,0,3,3,1,3
2020,Humanes de Madrid,4050,3753,505,543,208,122,261,1432.559,1724.161,1462,0,2797,2180,2224,0,0,611,57,723,144,3,3,3,3
2020,Leganés,41834,2173.874,3589,3479,2062,2914,1709,115.567,1239.565,6626.13,35,2312.359,2146.708,3464.554,0,114,4277,1705,3400,802,4,4,4,4
2020,Loeches,5408,1334,108,235,0,0,0,7588,966,734,0,1173,244,851,0,0,144,0,84,0,3,3,3,3
2020,Lozoya,67,32,0,0,0,0,0,264,0,0,0,0,0,0,0,0,0,0,0,0,4,4,3,3
2020,Lozoyuela-Navas-Sieteiglesias,1689,101,0,0,0,0,235,1940,2106,0,0,35,0,30,0,0,0,0,1289,0,5,4.5,3,3
2020,Madrid,1720168,882.518,151.241,158.193,115.793,148.6,929.746,1357.453,762.162,456.839,3172.225,512.864,203.44400000000002,622.157,0,3131.187,140.654,72.371,210.941,1144.852,4,4,4,2
2020,Majadahonda,26961,4431.24,1627,2566,1067,1162,1114,2522.133,5091.8,3518,0,5859,2124,5593.461,0,0,1946,507,2133,360,3,3,4,1
2020,Manzanares el Real,1982,903,37,114,0,0,0,1520,1700,324,0,515,105,994,0,0,35,0,160,0,3,3,3,3
2020,Meco,8303,3224,1894,194,39,73,146,79.372,1532,1142,0,1727,748,2677,0,0,392,453,228,182,5,3.5,3,3
2020,Mejorada del Campo,6963,3645,870,527,110,261,0,5692.404,2346,1250,0,3022,753,1903,0,0,1026,0,324,0,3,3.5,1,3
2020,Miraflores de la Sierra,1462,381,0,0,0,0,0,5523,872,97,0,177,0,241,0,0,34,0,87,0,2,3,3,3
2020,"Molar, El",2981,1336,109,131,36,45,192,6885.773,1420,1872,0,943,125,1340,0,0,110,34,878,0,3,3,3,3
2020,"Molinos, Los",594,486,0,0,0,0,0,641,838,173,0,273,0,618,0,0,0,0,0,0,4,4,2,3
2020,Montejo de la Sierra,211,0,0,0,0,0,0,291,362,0,0,0,0,0,0,0,0,0,0,0,4,3,2,3
2020,Moraleja de Enmedio,1266,1785,167,0,0,0,0,6136.364,1088,178,0,601,647,735,0,0,77,0,71,0,3,4.5,3,3
2020,Moralzarzal,2036,1111,108,277,33,56,32,1253,1720,492,0,923,80,1662,0,0,94,32,128,0,3,3,2,3
2020,Morata de Tajuña,1512,673,0,0,32,0,0,3192,304,194,0,725,42,96,0,0,32,0,66,0,2.5,3,3,3
2020,Móstoles,37399,2299.34,3078,3194,1676,1945,1190,107.374,1146.671,5835.113,0,3637.688,2864.93,3422.534,0,37,3300,729,2558,532,3,3,4,4
2020,Navacerrada,761,600,0,65,0,0,0,1116,1451,209,0,339,36,545,0,0,0,0,80,0,4,4,4,3
2020,Navalafuente,419,0,0,0,0,0,0,1055,0,0,0,0,0,0,0,0,0,0,0,0,3,3,1,3
2020,Navalagamella,622,0,0,0,0,0,0,552,382,35,0,43,41,33,0,0,0,0,0,0,3,3,3,3
2020,Navalcarnero,6194,3399.008,470,413,152,190,65,35.455,2937,1472,0,2398,2603,2585,0,0,592,183,471,36,3,3,3,3
2020,Navas del Rey,241,34,0,0,0,0,0,925,1008,0,0,0,0,0,0,0,0,0,0,0,3,5,3,3
2020,Nuevo Baztán,904,567,0,0,0,0,0,2066,173,152,0,359,0,187,0,0,0,0,62,0,3,3,2.5,3
2020,Paracuellos de Jarama,11385,3726.057,934,825,1797,1491,494,4749.294,3780,4215.005,0,3986,824,5690,0,0,998,551,1689,111,3,3,3,1
2020,Parla,25304,4805.999,1434,1454,766,908,622,95.37,5196.246,4026,33,5430.156,5143,6498.046,0,0,1799,555,1499,306,3,3,3,1
2020,Patones,33,0,0,0,0,0,0,477,0,0,0,0,0,0,0,0,0,0,0,0,2,4,4,3
2020,Pedrezuela,982,568,0,0,0,0,0,3002,416,35,0,322,0,583,0,0,0,0,79,0,2,2.5,1,3
2020,Pelayos de la Presa,555,243,0,0,0,0,0,1212,5184,67,0,173,0,159,0,0,0,0,0,0,3,3,3,3
2020,Perales de Tajuña,1439,271,0,0,0,0,0,5706,414,126,0,3784,0,746,0,0,1300,0,32,0,3,3.5,3,3
2020,Pezuela de las Torres,539,0,0,0,0,0,0,1002.947,0,0,0,0,0,0,0,0,0,0,0,0,3,2,5,3
2020,Pinto,28284,2093.484,2322,2303,671,761,968,43.69,6072.008,5708,0,4471.376,3274,6213.414,0,80,4081,1207,2762,627,3,3,3,1
2020,Pozuelo de Alarcón,35020,2086.415,2554,3914,1442,1478,1867,1222.853,2886.176,4007.172,0,4814.993,4421,4902.607,0,0,2004,1112,3105,607,3,3,2,4
2020,Pozuelo del Rey,907,35,0,0,0,0,0,585,0,0,0,30,0,140,0,0,0,0,0,0,4,2,3,3
2020,Prádena del Rincón,354,0,0,0,0,0,0,460,42,0,0,0,0,0,0,0,0,0,0,0,3,4.5,3,3
2020,Puebla de la Sierra,126,0,0,0,0,0,0,100,0,0,0,0,0,0,0,0,0,0,0,0,3,4.5,3,3
2020,Puentes Viejas,948,1632,0,0,0,0,0,845,585,0,0,0,0,0,0,0,0,63,105,0,3,4,4,3
2020,Quijorna,870,365,0,36,0,0,0,379,513,32,0,64,0,147,0,0,0,0,0,0,1,3,3,3
2020,Rascafría,2122,444,0,35,0,0,0,1493,1716,34,0,388,0,245,0,0,0,0,94,0,3,4,3.5,3
2020,Ribatejada,30,36,0,0,0,0,0,1.976,41,0,0,0,0,0,0,0,0,0,0,0,4,1.5,5,3
2020,Rivas-Vaciamadrid,22634,4717.986,1785,1723,1032,1017,850,1234.606,5173.019,4557,0,4468.908,3491,4841.358,0,0,2773,302,1905,116,3,3,3,1
2020,Robledillo de la Jara,346,0,0,0,0,0,0,792,0,0,0,0,0,0,0,0,0,0,33,0,1,5,3,3
2020,Robledo de Chavela,1531,560,63,73,0,0,0,1425,5311,354,0,341,158,175,0,0,0,0,47,0,5,2,4,3
2020,"Rozas de Madrid, Las",34317,2463.444,2418,4986,1351,1741,1979,819.556,1778.286,5147.566,0,3843.875,3248,1486.444,0,75,3092,1208,3780,709,3,3,2,4
2020,San Agustín del Guadalix,3759,2946,193,269,35,37,73,5910,1375,795,0,1551,162,2532,0,0,278,0,974,0,3,3,3,3
2020,San Fernando de Henares,20814,4212.318,2564,1835,968,1516,1126,44.94,5998.147,6241.222,0,5451.119,3359,7181.204,0,0,2611,938,2185,566,3,3,1.5,1
2020,San Lorenzo de El Escorial,4595,3542,522,1293,649,315,391,3831,7951,1575,0,2571,781,3311,0,0,523,166,1055,0,3,3,3,3
2020,San Martín de Valdeiglesias,1906,820,78,165,0,76,0,3794,2295.696,432,0,686,142,717,0,0,0,0,77,0,3,3,3.5,3
2020,San Martín de la Vega,5864,2448,306,204,63,124,82,7603.026,1500,816,0,1552,940,2526,0,0,816,0,350,0,3,3,3,3
2020,San Sebastián de los Reyes,29156,2449.903,2533,3266,1252,1857,2219,44.658,2668.396,4368.627,0,3862.362,4903,4427.076,0,0,2713,1018,4007,666,3,3,3,1
2020,Santa María de la Alameda,641,0,0,0,0,0,0,131,4000,0,0,35,0,0,0,0,0,0,0,0,4,4,3,3
2020,Santorcaz,280,33,99,0,0,0,0,2427,0,270,0,0,0,538,0,0,0,0,0,0,3,3,3,3
2020,Sevilla la Nueva,2211,720,30,34,30,0,0,2720,1346,78,0,386,105,1018,0,0,32,0,0,0,4,2,3,3
2020,Somosierra,568,182,0,0,0,0,0,105,1008,0,0,0,0,0,0,0,0,0,97,0,4.5,3.5,3,3
2020,Soto del Real,2437,1596,268,401,65,0,0,2406,3011,743,0,630,566,998,0,0,104,0,239,0,3,2,4,3
2020,Talamanca de Jarama,637,606,0,0,0,0,0,1002.502,365,68,0,244,33,75,0,0,0,0,31,0,3,3,3,3
2020,Tielmes,968,151,0,0,0,0,0,1197,32,0,0,306,0,121,0,0,179,0,0,0,4,3,1,3
2020,Titulcia,477,32,0,0,0,0,0,3289,0,0,0,0,0,0,0,0,0,0,0,0,3,4,3,3
2020,Torrejón de Ardoz,28576,1392.418,4070,2732,1485,2141,1597,78.979,4207.032,5356.386,0,4419.587,6211,3166.524,0,0,4185,804,2519,794,3,3,3,1
2020,Torrejón de Velasco,1853,1126.307,0,0,0,0,0,23.672,488,115,0,734,213,215,0,0,168,0,30,0,3,2.5,3,3
2020,Torrejón de la Calzada,2146,1673,42,67,0,0,0,791.011,1174,517,0,1213,843,738,0,0,123,0,32,0,3,3,3,3
2020,Torrelaguna,1196,253,0,0,0,0,0,8774.117,208,0,0,101,0,337,0,0,0,0,46,0,2,3,3,3
2020,Torrelodones,11357,2938,631,1178,391,315,249,2812,5056,1481,0,2073,431,3376,0,0,632,181,739,0,3,3,5,1
2020,Torres de la Alameda,3146,1006,219,0,0,0,0,3546,457,516,0,1035,0,615,0,0,0,0,0,0,2.5,3.5,3,3
2020,Tres Cantos,15631,4426.566,1599,1913,584,943,1149,4020.71,4868.952,3432,0,5093,2161,5420.465,0,0,1427,653,2097,402,3,3,3,1
2020,Valdelaguna,422,78,0,0,0,0,0,460,0,0,0,0,0,0,0,0,0,0,0,0,3.5,3,1,3
2020,Valdemanco,716,0,0,0,0,0,0,1127,0,0,0,0,0,0,0,0,0,0,74,0,3,5,3,3
2020,Valdemaqueda,1326,0,0,0,0,0,0,303,2433.221,35,0,69,208,0,0,0,0,0,0,0,5,5,3,3
2020,Valdemorillo,3423,1565,74,399,141,102,111,2395,2064,684,0,1097,474,1632,0,0,200,115,317,52,4.5,2,2,3
2020,Valdemoro,28037,1831.958,3834,3071,1045,1411,780,77.477,5115.979,4609,175,5943.445,3878,4286.426,0,135,4540,1170,1617,852,2,3,4,1
2020,Valdeolmos-Alalpardo,1029,500,0,0,0,0,67,7530.087,68,135,0,253,0,180,0,0,0,0,0,0,3,2,3,3
2020,Valdepiélagos,119,114,0,0,0,0,0,4.556,61,0,0,35,0,0,0,0,0,0,0,0,3,5,3,3
2020,Valdilecha,1014,828,0,0,0,0,0,534,439,106,0,269,223,279,0,0,68,0,0,0,3,5,3,3
2020,Velilla de San Antonio,3062,2635,1100,479,32,148,71,5904,1678,1105,0,2268,511,2322,0,0,1048,67,295,0,2,3,2,3
2020,"Vellón, El",401,358,0,0,0,0,0,4115,293,31,0,202,0,353,0,0,0,0,34,0,3,2,3,3
2020,Venturada,1032,30,0,0,0,0,0,1396,267,0,0,41,0,45,0,0,0,0,0,0,4,3.5,3,3
2020,Villa del Prado,1712,812,0,0,0,0,0,27.442999999999998,900,61,0,334,100,253,0,0,32,0,31,0,3,3,3,3
2020,Villaconejos,528,207,0,0,0,0,0,4717.253,0,0,0,43,0,0,0,0,0,0,0,0,2,3,5,3
2020,Villalbilla,3276,1130,123,96,31,0,0,5773,614,364,0,781,298,695,0,0,337,0,318,0,2,3,2,3
2020,Villamanrique de Tajo,364,0,0,0,0,0,0,6212.076,0,0,0,286,0,0,0,0,0,0,0,0,3,1,3,3
2020,Villamanta,313,641,0,0,0,0,0,1883.043,81,0,0,138,43,0,0,0,0,0,0,0,4,3,3,3
2020,Villanueva de Perales,69,0,0,0,0,0,0,62,82,0,0,0,0,0,0,0,0,0,0,0,3,3,3,3
2020,Villanueva de la Cañada,14416,4772,604,817,349,658,384,4685,3766,1318,0,1869,1515,4611,0,0,626,159,970,132,2,3,3,1
2020,Villanueva del Pardillo,4648,1764,115,279,0,197,31,1903,1543,588,0,772,707,2130,0,0,197,32,337,0,2.5,3,3,3
2020,Villar del Olmo,575,0,0,0,0,0,0,1778,0,0,0,0,0,0,0,0,0,0,0,0,5,2.5,5,3
2020,Villarejo de Salvanés,1511,765,0,0,0,0,0,8136,569,180,0,1799,0,1103,0,0,248,0,0,0,3,2.5,3,3
2020,Villaviciosa de Odón,13896,5733,593,1220,649,577,596,6716.585,6058,1598,0,3334,1233,5163,0,0,658,225,1302,74,3,3,4,1
2020,Zarzalejo,462,0,0,0,0,0,0,0,1521,0,0,0,0,0,0,0,0,0,0,0,4,3,4,3
2020,"Álamo, El",1350,815,0,30,0,0,0,21.74,476,112,0,596,538,481,0,0,0,0,0,0,3,2.5,3,3
2021,Ajalvir,2701,1311,121,35,33,45,96,3772,808,194,0,762,79,150,0,0,206,0,367,0,4,3,3,3
2021,Alcalá de Henares,75064,49.98,6109.045,5861,2915,4124,3488,253.70100000000002,33.174,22.085,142,30.847,5621.52,6613.666,0,240,7134.183,3643,5533.203,2473,3,3,3,4
2021,Alcobendas,51335,33.724000000000004,5042,6115,2987,3603,3638,45.052,24.723,2421.32,0,1786.593,6265.316,5641.399,0,209,4919,2332,4675.895,1520,3,3,2,4
2021,Alcorcón,33326,40.831,4662,6234,3093,3942,3449,104.038,46.82,5998.373,35,1885.945,938.74,4965.935,0,67,5903,1831,5645,1349,4,3,5,4
2021,Aldea del Fresno,1086,674,0,31,0,0,0,5060.461,376,36,0,454,146,30,0,0,0,0,133,0,2,2,3,3
2021,Algete,6951,5529,683,854,362,414,687,1000.742,3333,2086,0,2759,795,1202,0,0,788,399,1182,276,2.5,3,2.5,3
2021,Alpedrete,1725,2408,237,613,39,131,100,2106,5396,550,0,1673,549,1167,0,0,422,45,550,0,3,3,1,3
2021,Aranjuez,19953,21.06,1857,2176,888,1525,891,205.636,6765,5035,0,5048.165,3615,3216,0,0,3368,909,2591,370,3,3,2.5,1
2021,Arganda del Rey,21586,6776.51,1726,1559,692,793,1009,21.359,6430,4126,0,3473.39,1997,2557,0,0,2803,596,1942,430,3,3,2,1
2021,Arroyomolinos,10542,6715,617,693,346,288,287,1906.892,4208,1606,0,3203,6338,1129,1645,0,890,66,750,0,2,3.5,3,3
2021,Becerril de la Sierra,670,1071,36,141,0,0,0,981,1206,417,0,960,125,360,0,0,72,0,77,0,2,3,2,3
2021,"Berrueco, El",417,0,0,0,0,0,0,170,0,31,0,0,0,0,0,0,30,0,31,0,2,4,3,3
2021,Boadilla del Monte,27955,17.293,2094,2680,1343,1630,2460,936.192,3374.402,4784,0,4351.512,3658,5344,0,0,2399,856,3135,615,3,3,1,1
2021,"Boalo, El",2086,1655,222,339,92,503,200,1413,1651,672,0,935,154,474,0,0,198,33,574,0,2,3,3,3
2021,Braojos,62,0,0,0,0,0,0,38,0,0,0,0,0,0,0,0,0,0,0,0,3,3,4,3
2021,Brunete,7408,4205,458,632,73,176,386,4206,3350,898,0,1948,1352,994,0,0,443,124,889,0,4,3,3,3
2021,Buitrago del Lozoya,1199,772,0,0,0,0,0,1538,1231,40,0,291,0,0,0,0,0,0,371,0,3,3,3,3
2021,Bustarviejo,2096,700,0,68,0,30,0,1478,475,158,0,419,90,147,0,0,0,0,97,0,3,4,1,3
2021,"Cabrera, La",3467,1735,166,209,0,0,1069,3646,1714,524,0,865,182,329,0,0,97,66,2661,0,3,3,3,3
2021,Cadalso de los Vidrios,140,82,0,0,0,0,0,1910,1822.048,0,0,131,0,0,0,0,0,0,0,0,4,3.5,3,3
2021,Camarma de Esteruelas,1803,1069,155,34,0,0,0,1889.982,392,548,0,615,0,266,0,0,40,0,35,0,1.5,1,1,3
2021,Campo Real,1741,1274,73,0,0,0,0,2273,542,219,0,1066,155,0,0,0,0,0,36,0,3.5,4,4,3
2021,Carabaña,1215,170,40,0,0,0,0,1082,0,0,0,98,0,0,0,0,0,0,0,0,3,3,3,3
2021,Casarrubuelos,435,618,0,0,0,0,0,21.535,219,0,0,284,164,0,0,0,30,0,0,0,3.5,3,3,3
2021,Cercedilla,1374,1761,183,129,35,0,77,1874,2718,697,0,1176,85,631,0,0,82,0,331,0,3,3,4,3
2021,Chinchón,2664,2888,436,142,0,0,32,6946,919,1051,0,2393,601,226,0,0,270,38,430,0,3,3,3,3
2021,Ciempozuelos,6917,6645.64,817,1159,133,730,603,66.512,3168,1622,0,5593,1469,1573,0,0,1561,390,1312,134,3,2,3,3
2021,Cobeña,712,1435,189,227,93,40,30,5813,1022,751,0,916,237,380,0,0,73,30,201,0,3,3,3,3
2021,Collado Mediano,1741,1914,200,500,36,36,32,1818,4381,453,0,1409,347,885,0,0,284,38,380,0,3,3,3,3
2021,Collado Villalba,15337,3293.086,1521,3239,831,1074,1568,2921.454,1878.142,3342,0,4035.646,3470,4998,0,50,1903,603,2163,429,3,3,3,1
2021,Colmenar Viejo,14601,4660.008,1618,2320,842,1518,1620,5662.808,4058.353,3483,0,4236.35,3484,3887,0,0,2081,553,2153,469,3,2,4.5,1
2021,Colmenar de Oreja,1815,2061,132,145,35,0,0,15.527000000000001,502,418,0,1098,257,163,0,0,356,30,0,0,3,4,2,3
2021,Colmenar del Arroyo,72,0,0,0,0,0,0,166,93,0,0,0,0,0,0,0,0,0,0,0,3,4.5,3,3
2021,Colmenarejo,2789,1856,0,235,0,172,171,1581,1127,378,0,1018,353,401,0,0,102,0,67,82,3,3,2,3
2021,Coslada,22376,27.985,3177,3213,1409,2340,1666,53.015,3891.253,4842.521,0,4345.562,6822.03,7042,0,89,4126,1232,3757,935,4,4,3,1
2021,Cubas de la Sagra,1735,1386,0,0,0,0,0,35.001,681,135,0,681,585,100,0,0,291,0,37,0,3.5,2,4,3
2021,Daganzo de Arriba,4379,4032,335,510,0,356,40,9380,2241,992,0,2005,871,536,0,0,257,0,2210,0,4.5,3,3,3
2021,"Escorial, El",5906,3436,410,969,132,136,524,3149,5717,1444,0,2133,596,1101,0,0,448,163,1124,33,3,3,4,3
2021,Fresno de Torote,341,128,0,0,0,0,0,2044,0,0,0,0,0,0,0,0,0,0,0,0,3,3,3,3
2021,Fuenlabrada,36744,42.221000000000004,3883,5409.01,2046,3294,2985,129.559,31.093,7918.199,72,991.19,1818.179,5103.203,0,99,6171,1331,5195,847,3,3,3,4
2021,Fuente el Saz de Jarama,766,1432,0,0,0,0,0,22.643,564,453,0,614,347,40,0,0,0,0,77,0,4,2,3,3
2021,Fuentidueña de Tajo,1340,721,0,0,0,0,0,6881,330,72,0,1196,0,0,0,0,284,0,0,0,3,2,3,3
2021,Galapagar,11156,6337,774,1932,722,1024,994,4439,6370.151,1887,0,3872,1236,2120,0,32,1062,342,1066,34,3,3,3,1
2021,Garganta de los Montes,633,0,0,0,0,0,0,408,0,0,0,0,39,0,0,0,0,0,0,0,3,4,3,3
2021,Getafe,60608,72.984,5913.593,5540.321,2978,4861,5638,165.298,40.730000000000004,915.239,70,38.285,966.87,4089.391,0,466,5469.515,2892,4823.587,1849,3,3,2.5,4
2021,Griñón,1738,2588,196,198,30,72,109,18.83,1400,722,0,1661,1005,362,0,0,388,0,406,0,3,2.5,4,3
2021,Guadalix de la Sierra,1341,1225,42,0,0,34,0,1541,1447,264,0,587,222,122,0,0,49,0,175,0,3,3,3,3
2021,Guadarrama,5181,5355,532,1978,394,536,436,5737,33.888,1389,0,3610,1113,4056,0,0,1184,96,811,115,2,3,3,3
2021,Horcajo de la Sierra-Aoslos,837,612,0,0,0,0,98,464,1026,0,0,103,0,0,0,0,0,0,635,0,3,4.5,3,3
2021,Horcajuelo de la Sierra,46,0,0,0,0,0,0,44,0,0,0,32,0,0,0,0,0,0,0,0,3,4,3,3
2021,Hoyo de Manzanares,1619,1623,214,683,0,333,161,1079,1712,488,0,971,124,415,0,0,0,45,128,0,3,3,1,3
2021,Humanes de Madrid,3347,4923.589,1321,913,552,354,897,1913.073,2850.275,2070,35,3244.562,4644,1675,0,0,1249,703,2146,399,3,3,3,3
2021,Leganés,43366,49.314,4788,6170,3231,3468,3249,148.22899999999998,50.608,4485.971,37,28.426,29.112,4152.294,0,249,5818.054,2052,5782,1078,4,4,4,4
2021,Loeches,5155,2100,100,110,0,0,0,5993,1097,861,0,1479,302,233,0,0,196,32,468,0,3,3,3,3
2021,Lozoya,193,58,0,0,0,0,0,248,90,0,0,75,0,0,0,0,0,0,0,0,4,4,3,3
2021,Lozoyuela-Navas-Sieteiglesias,1744,502,0,0,0,0,0,1172,602,70,0,202,0,0,0,0,36,0,76,0,5,4.5,3,3
2021,Madrid,2106393,1420.507,219.916,229.341,162.209,211.98000000000002,129.715,1677.728,1107.644,728.431,6606,800.773,294.594,396.843,0,5962.522,203.612,114.413,352.487,65.758,4,4,4,2
2021,Majadahonda,34737,19.599,2162,4068,1867,1739,2598,1820.506,3158.755,4833,0,5469.982,3586,5788,0,41,2811,1075,3176,426,3,3,4,4
2021,Manzanares el Real,2189,1341,167,190,0,0,139,1677,2043,468,0,886,199,751,0,0,109,0,301,0,3,3,3,3
2021,Meco,3617,4812,1538,182,42,0,303,48.74,1421,1652,0,2271,918,1127,0,0,230,949,281,32,5,3.5,3,3
2021,Mejorada del Campo,3690,4546,854,463,31,187,85,5661.84,2782,1049,0,3570,999,878,0,0,989,132,373,0,3,3.5,1,3
2021,Miraflores de la Sierra,1557,829,105,31,0,176,0,1597,1064,442,0,689,35,115,0,0,0,74,218,0,2,3,3,3
2021,"Molar, El",2684,1771,109,143,0,0,201,9113,1692,3027,0,1209,256,716,0,0,106,0,747,0,3,3,3,3
2021,"Molinos, Los",642,877,32,0,0,0,0,904,1158,225,0,520,31,185,0,0,0,0,78,0,4,4,2,3
2021,Moraleja de Enmedio,2103,3482,270,221,67,110,195,2811.838,2270,500,0,1726,1479,473,0,0,247,132,624,0,3,4.5,3,3
2021,Moralzarzal,2178,2049,294,376,0,95,46,1632,2598,783,0,1739,377,715,0,0,297,0,270,35,3,3,2,3
2021,Morata de Tajuña,758,1055,34,0,0,0,0,2280,201,247,0,855,96,0,0,0,0,0,0,0,2.5,3,3,3
2021,Móstoles,35795,34.689,3764,4280,2030,2545,1812,131.2,41.558,6820.033,31,3172.797,22.198,6110.088,0,0,4639,1321,3806,821,3,3,4,4
2021,Navacerrada,1162,936,141,115,0,0,0,1368,1550,345,0,769,173,502,0,0,41,0,144,0,4,4,4,3
2021,Navalagamella,1449,448,0,51,0,0,0,1174,653,130,0,373,0,43,0,0,0,0,0,0,3,3,3,3
2021,Navalcarnero,8797,6245,861,947,272,425,249,39.968,4082,1941,0,3798,3617,1387,0,0,934,258,855,0,3,3,3,3
2021,Navarredonda y San Mamés,181,0,0,0,0,0,0,38,0,0,0,0,0,0,0,0,0,0,0,0,3,4,3,3
2021,Navas del Rey,294,351,0,0,0,0,0,1343,1326,64,0,227,99,0,0,0,0,0,0,0,3,5,3,3
2021,Nuevo Baztán,1168,918,0,0,0,0,0,2762,182,252,0,516,32,77,0,0,0,0,36,0,3,3,2.5,3
2021,Paracuellos de Jarama,13972,6336.371,1292,1296,2174,1989,722,8364.179,4367,8312,0,5065,1112,3739,0,0,1559,1055,2611,225,3,3,3,1
2021,Parla,21732,994.986,1661,2060,1138,1558,1108,93.258,6016.325,5115,180,4407.079,4715.299,3144,0,0,2066,856,2743,258,3,3,3,1
2021,Patones,142,0,0,0,0,0,0,2689,33,0,0,0,0,0,0,0,0,0,0,0,2,4,4,3
2021,Pedrezuela,713,879,0,0,0,0,0,2681,663,118,0,362,0,179,0,0,0,0,140,0,2,2.5,1,3
2021,Pelayos de la Presa,381,355,0,32,0,35,0,1021,3140,62,0,197,34,51,0,0,0,0,49,0,3,3,3,3
2021,Perales de Tajuña,2078,632,0,0,0,0,0,4118,252,93,0,2817,0,33,0,0,1116,0,48,0,3,3.5,3,3
2021,Pezuela de las Torres,1552,0,0,0,0,0,0,8419.026,0,70,0,34,0,0,0,0,0,0,0,0,3,2,5,3
2021,Pinilla del Valle,442,43,0,0,0,0,0,381,93,0,0,34,0,0,0,0,0,0,0,0,3,3,3,3
2021,Pinto,26120,33.425,3266,4597,1193,1322,2409,53.188,2214.998,8174,0,4200.034,5714,5708,0,35,5603,1320,4410,758,3,3,3,1
2021,Pozuelo de Alarcón,42634,26.759,3449,4889,2331,1833,2752,25.833,1948.038,7939,0,3608.639,4747,7095,0,0,3322,1410,4546,1066,3,3,2,4
2021,Pozuelo del Rey,292,116,0,0,0,0,0,337,0,30,0,37,0,0,0,0,0,0,0,0,4,2,3,3
2021,Puebla de la Sierra,116,0,0,0,0,0,0,0,0,0,0,0,0,0,0,0,0,0,0,0,3,4.5,3,3
2021,Puentes Viejas,1080,561,0,0,0,0,0,1253,836,34,0,239,0,0,0,0,0,0,224,0,3,4,4,3
2021,Quijorna,1306,923,0,32,0,40,33,1001,960,147,0,380,210,0,0,0,0,0,31,0,1,3,3,3
2021,Rascafría,2762,487,0,31,0,0,0,873,2595,0,0,495,0,45,0,0,0,0,62,0,3,4,3.5,3
2021,Redueña,328,30,0,0,0,0,0,424,0,0,0,0,0,0,0,0,0,0,0,0,3,3,3,3
2021,Ribatejada,398,298,0,0,0,0,0,3504.429,77,0,0,106,32,0,0,0,0,0,0,0,4,1.5,5,3
2021,Rivas-Vaciamadrid,23828,19.805,2739,3333,1454,1631,1964,28.005,5924.659,5258,0,3453.764,4891,4543,0,0,3734,767,2931,371,3,3,3,1
2021,Robledo de Chavela,2497,855,0,84,0,36,0,2163,3687.787,377,0,754,157,136,0,0,93,0,73,0,5,2,4,3
2021,"Rozas de Madrid, Las",36525,30.546,3695,3781.017,3236,3028,4539,1888.812,932.627,6147.608,0,2562.027,4867,5521.482,0,0,4521,1832,5688,862,3,3,2,4
2021,San Agustín del Guadalix,4225,3145,295,352,69,33,302,4823,2325,1065,0,2244,426,1089,0,0,462,44,1276,0,3,3,3,3
2021,San Fernando de Henares,29886,1015.407,3327,1969,1134,1197,1225,42.317,5725.673,6938.156,34,6166.833,3548,4178,0,0,3286,1421,3160,586,3,3,1.5,1
2021,San Lorenzo de El Escorial,7013,5843,813,1570,328,296,683,4729,7449.044,2397,0,3794,1161,1875,0,0,843,342,1595,100,3,3,3,3
2021,San Martín de Valdeiglesias,2868,1442,254,387,0,108,111,5368,931.917,666,0,868,455,511,0,0,166,0,336,0,3,3,3.5,3
2021,San Martín de la Vega,4568,5584.166,764,1107,34,310,752,4558.307,4144,1385,0,3960,1888,1525,0,32,1275,85,1409,49,3,3,3,3
2021,San Sebastián de los Reyes,36006,26.068,3383,4072,1842,2453,3123,49.241,997.026,5914.653,0,6521.815,6598,6067,0,35,3804,1337,6083,914,3,3,3,4
2021,Santa María de la Alameda,774,154,0,65,0,0,0,249,6734,0,0,64,0,0,0,0,0,0,0,0,4,4,3,3
2021,Santorcaz,472,0,0,0,0,0,0,6975,0,0,0,0,0,0,0,0,0,0,0,0,3,3,3,3
2021,Sevilla la Nueva,777,1114,79,0,0,0,41,2207,920,116,0,497,0,122,0,0,0,0,0,0,4,2,3,3
2021,Somosierra,308,58,0,0,0,0,0,30,173,0,0,0,0,0,0,0,0,0,0,0,4.5,3.5,3,3
2021,Soto del Real,2295,2047,307,552,35,125,110,2259,2422,1104,0,1175,567,809,0,0,282,78,421,0,3,2,4,3
2021,Talamanca de Jarama,912,903,0,0,0,0,0,14.837,282,208,0,351,31,32,0,0,0,0,0,0,3,3,3,3
2021,Tielmes,752,114,0,0,0,0,0,1341,83,0,0,169,0,0,0,0,0,0,0,0,4,3,1,3
2021,Titulcia,91,33,0,0,0,0,0,993,0,0,0,0,0,0,0,0,0,0,0,0,3,4,3,3
2021,Torrejón de Ardoz,28865,33.497,5126,3270,1841,2855,2019,92.659,3522.264,6442.385,32,4266.582,4899.682,5516,0,0,5099,1329,3749,1096,3,3,3,1
2021,Torrejón de Velasco,2936,1602,0,65,0,0,0,32.5,890,275,0,708,405,237,0,0,140,0,34,0,3,2.5,3,3
2021,Torrejón de la Calzada,2008,1557,0,31,0,35,0,3843.151,1011,302,0,1154,740,103,0,0,101,0,0,0,3,3,3,3
2021,Torrelaguna,1456,474,0,0,0,0,0,7048.139,279,0,0,93,0,0,0,0,0,0,0,0,2,3,3,3
2021,Torrelodones,9587,5667,782,1755,509,442,883,3089,6673,1804,0,3561,923,2078,0,0,775,457,1376,132,3,3,5,3
2021,Torres de la Alameda,6290,1296,86,40,0,0,0,5262,822,207,0,1173,79,210,0,0,62,0,81,0,2.5,3.5,3,3
2021,Tres Cantos,16705,4409.245,2094,2225,740,1021,1391,5976.356,6805.502,3657,0,6324,1885,3127,0,0,1762,756,2370,421,3,3,3,1
2021,Valdemanco,499,43,0,0,0,0,0,724,70,0,0,0,0,0,0,0,0,0,34,0,3,5,3,3
2021,Valdemaqueda,614,0,0,0,0,0,0,152,3333,0,0,41,0,0,0,0,0,0,0,0,5,5,3,3
2021,Valdemorillo,3632,2360,94,435,63,92,209,2507,2111,782,0,1521,722,607,0,0,337,33,556,35,4.5,2,2,3
2021,Valdemoro,29883,32.345,2977,3844,1322,1554,1695,65.693,5622.654,5242,66,5211.762,6153,4998,0,218,5337,1072,2100,908,2,3,4,1
2021,Valdeolmos-Alalpardo,833,757,0,0,0,0,0,7285,31,40,0,50,32,0,0,0,0,0,0,0,3,2,3,3
2021,Valdepiélagos,32,0,0,0,0,0,0,407,0,0,0,0,0,0,0,0,0,0,0,0,3,5,3,3
2021,Valdilecha,462,872,0,0,0,66,0,1068,554,67,0,251,442,0,0,0,108,0,60,0,3,5,3,3
2021,Velilla de San Antonio,2619,3653,1007,454,0,133,285,5421,1855,1342,0,2662,821,970,0,0,1139,37,327,0,2,3,2,3
2021,"Vellón, El",1232,837,0,0,0,0,0,3949,627,207,0,386,0,141,0,0,0,0,138,0,3,2,3,3
2021,Venturada,714,630,0,0,0,0,115,1229,481,146,0,252,0,38,0,0,0,0,103,0,4,3.5,3,3
2021,Villa del Prado,1965,1106,33,0,0,67,0,28.966,1287,54,0,645,142,100,0,0,40,0,0,0,3,3,3,3
2021,Villaconejos,62,81,0,0,0,0,0,628,0,0,0,35,0,0,0,0,0,0,0,0,2,3,5,3
2021,Villalbilla,3097,1946,329,57,0,39,0,4960,766,522,0,1132,329,119,0,0,981,30,593,0,2,3,2,3
2021,Villamanta,793,639,0,0,0,0,0,5594,262,34,0,333,279,0,0,0,0,0,0,0,4,3,3,3
2021,Villanueva de Perales,605,141,0,0,0,0,0,611,269,0,0,142,0,53,0,0,0,0,0,0,3,3,3,3
2021,Villanueva de la Cañada,16488,7341,844,1212,542,866,502,4878,4421,1400,0,2982,1993,2257,0,30,755,232,1220,207,2,3,3,1
2021,Villanueva del Pardillo,5133,2872,198,439,132,369,117,1999,1636,584,0,1340,838,969,0,0,203,0,494,0,2.5,3,3,3
2021,Villar del Olmo,851,123,0,0,0,0,34,1923,0,0,0,40,0,0,0,0,0,0,0,0,5,2.5,5,3
2021,Villarejo de Salvanés,2563,930,0,105,0,0,0,25.794,475,195,0,1771,0,199,0,0,193,0,78,0,3,2.5,3,3
2021,Villaviciosa de Odón,16914,6483.195,742,1809,534,821,799,8302,5595,1612,0,4781,1505,2613,0,0,1099,334,1760,186,3,3,4,1
2021,Zarzalejo,261,0,0,0,0,0,0,37,1105,0,0,0,0,0,0,0,0,0,0,0,4,3,4,3
2021,"Álamo, El",235,504,0,0,0,0,0,3557.174,281,67,0,364,252,46,0,0,0,0,0,0,3,2.5,3,3
2022,Ajalvir,2216,1594,162,0,0,33,84,3381,568,346,0,722,125,235,0,0,234,0,356,0,4,3,3,2
2022,Alcalá de Henares,83949,40.124,3437.346,5960,3099,4980,4513,214.731,30.63,24.887,65,32.419,886.187,3483.169,0,167,6002.24,3738,2823.937,2607,3,3,3,1
2022,Alcobendas,66384,29.883,4899,6371,3457,4918,4346,37.355,24.875,16.612000000000002,0,21.668,6102.124,2973.104,0,157,4885,2323,2402.555,1540,3,3,2,1
2022,Alcorcón,32268,34.95,5239,5669,3589,4381,3360,88.665,42.918,924.352,0,24.962999999999997,21.561,5812.988,0,33,5447,1775,6500,1328,4,3,5,4
2022,Aldea del Fresno,1288,610,34,0,0,0,0,4951.246,581,124,0,452,338,30,0,0,0,79,74,0,2,2,3,2
2022,Algete,8336,3786,589,831,516,455,489,16.241,2930,2079,0,2577,864,852,0,0,634,224,1239,320,2.5,3,2.5,2
2022,Alpedrete,1896,2215,327,506,67,37,194,1407,4707,497,0,1524,374,1172,0,0,174,0,413,0,3,3,1,2
2022,Ambite,180,223,0,0,0,0,0,782.283,144,71,0,150,0,0,0,0,0,0,0,0,2,4,3,2
2022,Aranjuez,22022,19.051000000000002,2065,1798,1055,1271,1139,200.708,5781.076,5598,0,2782.821,3570,3151,0,0,3581,1023,2915,535,3,3,2.5,4
2022,Arganda del Rey,22138,2790.684,1301,1445,838,1222,1145,21.971,5820.067,3720,0,886.928,1972,2528,0,0,2965,733,2156,464,3,3,2,4
2022,Arroyomolinos,6655,5591,612,410,336,357,150,16.904,4169,1943,0,3233,5027,1227,1662,0,689,237,912,0,2,3.5,3,2
2022,Becerril de la Sierra,1012,1418,239,304,0,71,180,1125,1695,671,0,1110,95,538,0,0,83,0,191,0,2,3,2,2
2022,"Berrueco, El",397,34,0,0,0,0,0,176,54,0,0,145,38,0,0,0,31,0,32,0,2,4,3,2
2022,Boadilla del Monte,28026,19.489,2694,3958,1853,2173,3265,15.991,1825.826,6139,0,3072.137,4590,4084.434,0,0,2591,1278,3266,395,3,3,1,4
2022,"Boalo, El",2412,1657,356,291,0,399,88,1860,1818,699,0,958,158,561,0,0,97,0,643,0,2,3,3,2
2022,Braojos,103,0,0,0,0,0,0,0,0,0,0,0,0,0,0,0,0,0,0,0,3,3,4,2
2022,Brunete,8096,4363,553,798,356,202,540,4524,4519,1254,0,2907,1424,1520,0,0,734,381,1065,0,4,3,3,2
2022,Buitrago del Lozoya,2117,995,73,0,0,0,67,2206,2452,330,0,582,0,117,0,0,36,0,799,0,3,3,3,2
2022,Bustarviejo,2285,738,37,0,48,74,0,1578,506,165,0,312,34,173,0,0,0,0,72,0,3,4,1,2
2022,"Cabrera, La",4329,1444,279,223,0,0,849,3595,1447,477,0,555,332,262,0,0,170,0,2319,31,3,3,3,2
2022,Cadalso de los Vidrios,279,218,0,0,0,0,0,1696,3156,31,0,177,0,0,0,0,0,0,0,0,4,3.5,3,2
2022,Camarma de Esteruelas,1674,883,127,0,0,0,0,14.724,428,435,0,690,0,335,0,0,0,0,227,0,1.5,1,1,2
2022,Campo Real,1868,1098,86,31,0,75,0,2156,589,283,0,1160,222,246,0,0,31,31,80,0,3.5,4,4,2
2022,Carabaña,1295,109,0,0,0,0,0,1156,41,0,0,307,0,0,0,0,0,0,0,0,3,3,3,2
2022,Casarrubuelos,630,608,0,0,0,0,0,17.336,199,0,0,419,162,37,0,0,0,0,0,0,3.5,3,3,2
2022,Cercedilla,1835,1839,385,489,77,191,386,2352,4403,1169,0,1648,123,725,0,47,210,82,493,0,3,3,4,2
2022,Chinchón,2526,2512,379,323,102,38,76,5393.107,1490,1011,0,2391,596,571,0,0,386,117,645,38,3,3,3,2
2022,Ciempozuelos,6805,1770.473,1022,1523,709,724,886,43.462,4413,2521,0,5556.223,2201,2549,0,0,1842,273,1928,148,3,2,3,2
2022,Cobeña,635,1025,0,243,76,100,0,3259,1134,733,0,981,140,152,0,0,0,33,289,110,3,3,3,2
2022,Collado Mediano,2321,2019,245,455,76,35,113,1326,4106,502,0,1511,258,1042,0,0,178,0,359,0,3,3,3,2
2022,Collado Villalba,16377,973.918,2215,4421,1730,1766,3146,12.725,28.496000000000002,4905,41,2332.073,4754,6927.064,0,34,2326,886,3525,402,3,3,3,4
2022,Colmenar Viejo,15245,1798.009,1699,2481,823,1635,1677,1885.657,1782.592,3593,0,4814.179,3175,4494,0,35,1895,743,2614,560,3,2,4.5,4
2022,Colmenar de Oreja,2626,1605,97,188,0,0,104,975.155,505,491,0,1288,175,207,0,0,488,40,196,0,3,4,2,2
2022,Colmenar del Arroyo,37,0,0,0,0,0,0,44,35,0,0,0,0,0,0,0,0,0,0,0,3,4.5,3,2
2022,Colmenarejo,2445,2427,235,368,125,120,382,1932,2112,747,0,1628,1062,682,0,0,226,32,480,112,3,3,2,2
2022,Coslada,22775,20.99,2870,2497,1613,2987,1513,43.244,918.245,4267.678,0,946.477,6475,6034,0,299,3202,1185,3853,700,4,4,3,4
2022,Cubas de la Sagra,2664,1248,68,106,0,0,32,27.217,728,310,0,1014,514,238,0,0,253,0,142,0,3.5,2,4,2
2022,Daganzo de Arriba,3518,3317,419,342,0,34,87,7475.057,1966,809,0,1847,797,911,0,0,215,0,1714,31,4.5,3,3,2
2022,"Escorial, El",8099,4370,713,1157,367,281,749,3387,6385,2365,0,3218,891,1394,0,0,666,301,1592,0,3,3,4,2
2022,Fresno de Torote,340,0,0,0,0,0,0,1082,0,0,0,0,57,0,0,0,0,0,0,0,3,3,3,2
2022,Fuenlabrada,39936,31.09,3829,4683,2636,3721,3421,102.712,30.753999999999998,5794.694,0,25.682,21.915,4650.794,0,36,5619,1295,5836,950,3,3,3,1
2022,Fuente el Saz de Jarama,467,781,36,0,0,0,0,21.168,576,327,0,479,122,96,0,0,0,0,201,0,4,2,3,2
2022,Fuentidueña de Tajo,1688,554,0,0,0,30,0,1703.11,509,169,0,1382,0,105,0,0,365,0,71,0,3,2,3,2
2022,Galapagar,12661,3444,472,1040,205,339,441,1908,4810,909,0,2508,606,1292,0,0,771,154,750,127,3,3,3,2
2022,Garganta de los Montes,709,0,0,0,0,0,0,521,293,0,0,0,0,0,0,0,0,0,0,0,3,4,3,2
2022,Gascones,96,0,0,0,0,0,0,0,0,0,0,0,0,0,0,0,0,0,0,0,3,2,3,2
2022,Getafe,65960,66.328,6158.289,5246.747,4149,5660,6308,139.894,42.582,21.548,0,42.317,24.737000000000002,17.651,0,137,4347.932,3191,2416.798,2440,3,3,2.5,1
2022,Griñón,2235,2471,409,182,173,115,232,16.57,1930,638,0,1700,1255,701,0,0,442,46,153,0,3,2.5,4,2
2022,Guadalix de la Sierra,1617,918,143,41,0,42,65,1482,1696,237,0,622,158,146,0,0,0,0,156,0,3,3,3,2
2022,Guadarrama,7236,4818,687,1745,451,564,637,5041,23.28,1623,0,4335,1205,3890,0,0,850,262,1058,67,2,3,3,2
2022,Horcajo de la Sierra-Aoslos,2397,750,0,0,0,0,132,905,2129,32,0,208,30,0,0,0,0,0,812,0,3,4.5,3,2
2022,Horcajuelo de la Sierra,851,0,0,0,0,0,0,0,0,0,0,0,0,0,0,0,34,0,0,0,3,4,3,2
2022,Hoyo de Manzanares,912,1449,189,370,136,459,323,1257,1462,463,0,1017,104,615,0,0,30,39,480,0,3,3,1,2
2022,Humanes de Madrid,4954,4714.932,2464,1511,1069,983,1495,35.938,456.92,3329,0,4078.16,6499,2536,0,0,1558,1015,3217,810,3,3,3,2
2022,Leganés,46341,38.499,4601,5295,3167,4474,3646,118.14,47.036,1870.604,67,28.108,27.45,4852.757,0,31,5544.001,1867,6985,1158,4,4,4,1
2022,Loeches,4139,1522,0,115,32,30,55,5947,1168,797,0,1398,266,276,0,0,99,63,658,0,3,3,3,2
2022,Lozoya,223,94,0,0,0,0,0,340,218,62,0,98,0,0,0,0,0,0,0,0,4,4,3,2
2022,Lozoyuela-Navas-Sieteiglesias,1784,571,40,0,0,0,0,1290,1003,272,0,340,84,0,0,0,34,0,339,0,5,4.5,3,2
2022,Madrid,3678252,1262.471,236.338,214.61100000000002,196.9,277.866,134.53300000000002,1404.442,1040.867,921.897,4549,853.715,280.225,429.42,0,3960.568,198.537,118.202,392.739,70.211,4,4,4,3
2022,Majadahonda,32626,18.244,2563,4358,2342,2410,2812,15.519,16.422,5702,0,2473.001,4360,5613.048,0,0,2979,1277,3973,760,3,3,4,4
2022,Manzanares el Real,2692,1274,280,177,31,41,51,1908,1652,561,0,1000,340,598,0,0,32,36,327,0,3,3,3,2
2022,Meco,3751,4044,1506,338,32,182,271,42.933,1515,2317,0,2962,814,1259,0,0,443,1055,521,37,5,3.5,3,2
2022,Mejorada del Campo,4973,3156,531,503,147,178,276,6636.265,2622,1298,0,3206,875,832,0,0,947,281,353,0,3,3.5,1,2
2022,Miraflores de la Sierra,1495,853,153,108,0,181,63,1583,1244,539,0,870,62,277,0,0,93,45,264,0,2,3,3,2
2022,"Molar, El",3605,1625,299,207,75,87,220,7350,1992,3757,0,1416,415,893,0,0,261,34,984,0,3,3,3,2
2022,"Molinos, Los",760,803,41,203,0,0,101,996,1831,512,0,761,49,254,0,0,0,0,121,0,4,4,2,2
2022,Moraleja de Enmedio,2317,2873,284,335,0,31,235,1612.722,2991,639,0,2297,1740,796,0,0,519,164,578,0,3,4.5,3,2
2022,Moralzarzal,2739,2027,455,549,0,145,230,1663,2585,931,0,1581,346,788,0,0,152,40,377,31,3,3,2,2
2022,Morata de Tajuña,588,993,0,33,0,0,0,2709,573,305,0,928,98,77,0,0,0,0,134,0,2.5,3,3,2
2022,Móstoles,38181,25.826,3680,3972,2288,3139,2002,103.054,36.266,8435,30,19.672,19.552,6279.228,0,0,4281,1277,3964,589,3,3,4,1
2022,Navacerrada,961,1041,105,83,0,0,43,1385,1217,398,0,792,173,411,0,0,31,0,167,0,4,4,4,2
2022,Navalagamella,1701,439,0,32,0,0,0,1219,1226,34,0,536,71,243,0,0,0,0,31,0,3,3,3,2
2022,Navalcarnero,10204,6383,665,899,497,666,496,37.269,5416,2052,0,4678,4692,1806,0,0,934,428,1033,0,3,3,3,2
2022,Navarredonda y San Mamés,413,0,0,0,0,0,0,131,0,0,0,0,0,0,0,0,0,0,0,0,3,4,3,2
2022,Navas del Rey,640,484,0,0,0,0,0,1813,1995,0,0,300,65,41,0,0,0,0,0,0,3,5,3,2
2022,Nuevo Baztán,1403,569,41,0,0,0,0,2539,165,315,0,756,66,41,0,0,0,30,129,0,3,3,2.5,2
2022,Paracuellos de Jarama,13083,6723,1101,1360,1570,1945,731,7655,4307,5181,0,4899,1020,2915,0,0,1437,1022,2375,213,3,3,3,4
2022,Parla,22248,940.138,1796,2331,1486,1600,1258,84.659,2603.284,4786,42,2987.146,6415.136,3845,0,121,2353,753,2620,473,3,3,3,4
2022,Patones,533,79,0,0,0,0,0,5128.142,78,0,0,0,0,0,0,0,0,0,0,0,2,4,4,2
2022,Pedrezuela,727,496,0,0,0,0,0,1338,587,72,0,391,0,171,0,0,0,0,325,0,2,2.5,1,2
2022,Pelayos de la Presa,454,354,0,0,0,0,0,1062,3738,41,0,164,30,0,0,0,0,0,0,0,3,3,3,2
2022,Perales de Tajuña,2467,177,31,0,0,0,0,1641,42,256,0,1483,0,94,0,0,582,0,127,0,3,3.5,3,2
2022,Pezuela de las Torres,1996,49,0,0,0,0,0,2023.613,0,32,0,0,0,0,0,0,0,0,0,0,3,2,5,2
2022,Pinilla del Valle,372,108,0,0,0,0,0,347,146,0,0,72,0,0,0,0,0,0,40,0,3,3,3,2
2022,Pinto,24564,33.743,3196,4920,1848,2274,3168,46.115,15.958,4869.617,0,1009.275,6679,3409.226,0,76,6086,1371,5399,974,3,3,3,4
2022,Piñuécar-Gandullas,172,0,0,0,0,0,0,0,0,0,0,0,0,0,0,0,0,0,0,0,3,2,2,2
2022,Pozuelo de Alarcón,43656,23.064,3588,4839,2650,2331,3250,21.883,18.746,3802.954,0,15.804,5394,6065.128,0,0,3227,1519,5564,740,3,3,2,1
2022,Pozuelo del Rey,727,30,0,0,0,0,0,563,0,38,0,31,0,0,0,0,0,0,0,0,4,2,3,2
2022,Puebla de la Sierra,97,0,0,0,0,0,0,0,0,0,0,0,0,0,0,0,0,0,0,0,3,4.5,3,2
2022,Puentes Viejas,1615,521,31,0,0,0,0,1280,1284,157,0,317,0,0,0,0,0,0,386,0,3,4,4,2
2022,Quijorna,1392,870,0,120,78,42,0,800,1746,291,0,461,91,255,0,0,0,0,67,0,1,3,3,2
2022,Rascafría,2665,154,0,0,0,0,0,517,2809,45,0,210,0,0,0,0,0,0,34,0,3,4,3.5,2
2022,Redueña,119,0,0,0,0,0,0,244,0,0,0,0,0,0,0,0,0,0,0,0,3,3,3,2
2022,Ribatejada,1013,231,0,0,0,0,0,2106.106,0,0,0,46,0,0,0,0,0,0,0,0,4,1.5,5,2
2022,Rivas-Vaciamadrid,21775,17.421,2646,3378,1433,1761,1839,23.637,14.418,5542,0,16.589,5425,5461,0,0,3643,807,3878,481,3,3,3,4
2022,Robledo de Chavela,2732,1059,32,140,123,0,0,1833,2581.044,667,0,1135,75,355,0,0,74,0,104,0,5,2,4,2
2022,"Rozas de Madrid, Las",39605,29.291,5008,5288.659,3528,3724,5349,20.477,29.320999999999998,2429.268,0,22.059,6300,16.716,0,38,5155,2072,6325.104,1138,3,3,2,1
2022,San Agustín del Guadalix,4570,2621,393,354,78,213,244,4050,2613,1072,0,2171,616,1198,0,0,619,81,1575,0,3,3,3,2
2022,San Fernando de Henares,30222,14.172,2848,1736,1253,1790,1235,38.501,5874.389,6653.043,0,6156.65,3475,5087,0,0,2612,1290,3039,474,3,3,1.5,4
2022,San Lorenzo de El Escorial,9741,6879,1198,1758,639,586,937,4705,3222.591,3922,0,5080,1463,2064,0,0,1207,526,2118,159,3,3,3,2
2022,San Martín de Valdeiglesias,3711,1621,192,391,0,180,63,4989,17.627,582,0,1033,591,667,0,0,87,0,306,0,3,3,3.5,2
2022,San Martín de la Vega,4529,3445.208,892,1304,454,536,1095,4022.355,5482,1822,0,3283.509,2455,2261,0,0,1644,176,1863,161,3,3,3,2
2022,San Sebastián de los Reyes,39888,21.326999999999998,3735,3834,1772,2934,3207,42.146,22.41,3137.853,34,15.125,5531,5643.094,0,0,4533,1543,6620.178,916,3,3,3,1
2022,Santa María de la Alameda,827,176,0,0,0,0,0,534,6240.325,47,0,143,32,0,0,0,0,0,0,0,4,4,3,2
2022,Santorcaz,944,32,0,0,0,0,0,3133.714,0,108,0,102,0,35,0,0,0,0,0,0,3,3,3,2
2022,"Serna del Monte, La",32,0,0,0,0,0,0,51,37,0,0,0,0,0,0,0,0,0,0,0,3,3.5,2,2
2022,Sevilla la Nueva,514,832,0,149,0,0,0,2214,1200,70,0,572,202,212,0,0,0,0,0,0,4,2,3,2
2022,Somosierra,193,0,0,0,0,0,0,31,90,0,0,0,0,0,0,0,0,0,0,0,4.5,3.5,3,2
2022,Soto del Real,2897,2197,859,416,120,225,124,2193,2470,1290,0,1438,505,803,0,0,241,180,669,150,3,2,4,2
2022,Talamanca de Jarama,1796,780,0,32,0,0,0,22.178,594,196,0,460,121,34,0,0,0,0,246,0,3,3,3,2
2022,Tielmes,652,209,0,0,0,37,0,1190,293,0,0,337,0,0,0,0,0,0,0,0,4,3,1,2
2022,Torrejón de Ardoz,28892,25.364,4439,2944,2158,3252,2381,75.295,17.444,4510.974,0,17.389,4519.527,6464,0,0,4578,1339,5286,950,3,3,3,4
2022,Torrejón de Velasco,4047,2241,274,336,64,0,44,30.762999999999998,1249,614,0,1745,1049,479,0,0,442,0,159,0,3,2.5,3,2
2022,Torrejón de la Calzada,1352,2325,261,374,61,103,0,16.644,1479,792,0,1863,1190,602,0,0,326,0,405,0,3,3,3,2
2022,Torrelaguna,1502,304,77,0,0,0,0,3059.1,463,93,0,0,0,0,0,0,0,0,40,0,2,3,3,2
2022,Torrelodones,8502,4286,926,1466,452,501,628,2667,5887,1590,0,3289,847,2102,0,0,763,243,1556,133,3,3,5,2
2022,Torres de la Alameda,5262,912,81,63,0,0,0,3951,786,313,0,1247,82,403,0,0,73,0,113,0,2.5,3.5,3,2
2022,Tres Cantos,19903,4796.927,1824,1859,551,993,1515,5456.056,4924.217,3301,0,6388,2384,3595,0,0,1542,442,2375,387,3,3,3,4
2022,Valdelaguna,140,0,0,0,0,0,0,104,40,0,0,0,0,0,0,0,0,0,0,0,3.5,3,1,2
2022,Valdemanco,775,71,0,0,0,0,0,426,0,0,0,0,0,0,0,0,0,0,0,0,3,5,3,2
2022,Valdemaqueda,501,67,0,0,0,0,0,323,4400,0,0,92,0,0,0,0,0,0,0,0,5,5,3,2
2022,Valdemorillo,4287,2665,150,402,76,309,243,2404,2199,873,0,1629,543,667,0,0,266,33,408,40,4.5,2,2,2
2022,Valdemoro,38663,1783.689,1522,1379,437,688,343,42.206,4466,1859,0,6426,2255,2250,0,66,2917,245,1415,289,2,3,4,1
2022,Valdeolmos-Alalpardo,853,116,0,0,0,0,0,6906,0,67,0,89,0,0,0,0,0,0,0,0,3,2,3,2
2022,Valdilecha,895,856,58,0,0,0,0,1756,459,74,0,364,87,0,0,0,0,0,47,0,3,5,3,2
2022,Velilla de San Antonio,2599,2079,588,250,31,241,167,4302,1692,1195,0,2354,724,915,0,0,1354,36,473,37,2,3,2,2
2022,"Vellón, El",1972,778,0,0,0,0,0,3483,994,339,0,665,0,400,0,0,0,0,537,0,3,2,3,2
2022,Venturada,960,367,0,81,0,0,32,1091,852,90,0,175,34,44,0,0,0,0,182,0,4,3.5,3,2
2022,Villa del Prado,2166,645,0,0,30,32,35,26.466,871,153,0,586,334,108,0,0,36,0,34,0,3,3,3,2
2022,Villaconejos,224,277,0,0,0,0,0,2878,0,0,0,82,0,0,0,0,0,0,0,0,2,3,5,2
2022,Villalbilla,3074,1573,418,233,60,101,32,4879,1057,1320,0,1118,324,192,0,0,848,31,1151,0,2,3,2,2
2022,Villamanta,868,769,0,0,0,0,0,6095,514,101,0,598,588,49,0,0,0,0,0,0,4,3,3,2
2022,Villanueva de Perales,662,101,0,0,0,0,0,615,550,0,0,107,0,69,0,0,0,0,0,0,3,3,3,2
2022,Villanueva de la Cañada,15317,5820,736,1207,604,611,618,3972,4267,1463,0,2663,1377,1832,0,0,841,352,1264,148,2,3,3,4
2022,Villanueva del Pardillo,4175,2340,101,448,158,150,179,1506,1622,615,0,1082,643,824,0,0,235,151,460,0,2.5,3,3,2
2022,Villar del Olmo,1095,33,0,0,0,0,0,1481,0,31,0,0,0,0,0,0,0,0,0,0,5,2.5,5,2
2022,Villarejo de Salvanés,2569,759,0,35,0,0,0,16.41,433,153,0,1483,32,398,0,0,328,0,30,0,3,2.5,3,2
2022,Villaviciosa de Odón,17498,5637,746,1117,558,758,380,5109,4107,1038,0,3691,1519,1655,0,0,937,453,1310,117,3,3,4,4
2022,Zarzalejo,338,0,0,0,0,0,0,0,1822,0,0,0,0,0,0,0,0,0,0,0,4,3,4,2
2022,"Álamo, El",321,693,36,108,0,0,0,3344.263,539,279,0,699,353,75,0,0,0,0,0,0,3,2.5,3,2
