fecha,indicativo,nombre,provincia,altitud,tmed,prec,tmin,horatmin,tmax,horatmax,dir,velmedia,racha,horaracha,sol,presMax,horaPresMax,presMin,horaPresMin,X,Y
2022-01-01,2462,PUERTO DE NAVACERRADA,MADRID,1894,10.6,0,7.4,00:10,13.7,Varias,22,3.9,12.2,22:30,8.1,823.3,11,821.8,06,-4.010555555555555,40.793055555555554
2022-01-02,2462,PUERTO DE NAVACERRADA,MADRID,1894,9.8,0,6,20:40,13.5,13:30,22,2.5,11.1,00:00,6,823.5,Varias,821.5,Varias,-4.010555555555555,40.793055555555554
2022-01-03,2462,PUERTO DE NAVACERRADA,MADRID,1894,7.8,0,4.2,06:20,11.3,Varias,27,3.1,15.3,22:50,7.6,821.5,00,814.7,24,-4.010555555555555,40.793055555555554
2022-01-04,2462,PUERTO DE NAVACERRADA,MADRID,1894,1.6,24.2,-3.9,23:59,7,01:40,33,7.8,23.6,18:30,3.3,814.7,00,803.6,17,-4.010555555555555,40.793055555555554
2022-01-05,2462,PUERTO DE NAVACERRADA,MADRID,1894,-3,13.9,-4.2,03:10,-1.8,Varias,32,4.2,19.2,00:30,0,809.5,11,806.4,Varias,-4.010555555555555,40.793055555555554
2022-01-06,2462,PUERTO DE NAVACERRADA,MADRID,1894,-5.6,0,-8.3,06:40,-2.8,00:00,35,5.6,10.8,20:00,6.3,813.5,24,807.6,01,-4.010555555555555,40.793055555555554
2022-01-07,2462,PUERTO DE NAVACERRADA,MADRID,1894,-4,0.2,-6.6,03:40,-1.3,10:30,36,4.2,10.3,08:40,1.7,819.3,24,813.4,01,-4.010555555555555,40.793055555555554
2022-01-08,2462,PUERTO DE NAVACERRADA,MADRID,1894,-2.8,0,-4.6,20:00,-0.9,14:00,33,5.6,16.1,18:40,3.9,819.2,Varias,814.7,21,-4.010555555555555,40.793055555555554
2022-01-09,2462,PUERTO DE NAVACERRADA,MADRID,1894,0,6.6,-3,00:00,3,23:00,31,6.1,23.3,09:20,0,815.1,24,812.6,13,-4.010555555555555,40.793055555555554
2022-01-10,2462,PUERTO DE NAVACERRADA,MADRID,1894,1.6,0.8,0.3,Varias,3,00:00,33,6.1,16.7,01:00,0,816.6,Varias,814.3,14,-4.010555555555555,40.793055555555554
2022-01-11,2462,PUERTO DE NAVACERRADA,MADRID,1894,1,0,-0.6,23:50,2.7,11:10,99,2.5,6.7,Varias,3.4,818.2,20,816.2,Varias,-4.010555555555555,40.793055555555554
2022-01-12,2462,PUERTO DE NAVACERRADA,MADRID,1894,2,0,-2.1,07:20,6.1,12:30,08,1.7,10,09:40,8.1,819.2,24,816.9,05,-4.010555555555555,40.793055555555554
2022-01-13,2462,PUERTO DE NAVACERRADA,MADRID,1894,-1.8,0,-4.1,07:00,0.4,14:10,14,5.3,17.2,19:00,6.5,820.2,11,818.8,05,-4.010555555555555,40.793055555555554
2022-01-14,2462,PUERTO DE NAVACERRADA,MADRID,1894,-2.6,0,-5.3,23:59,0.2,14:20,14,4.4,16.1,00:30,8.2,819.7,Varias,817.2,24,-4.010555555555555,40.793055555555554
2022-01-15,2462,PUERTO DE NAVACERRADA,MADRID,1894,-1.9,0,-5.5,00:50,1.7,12:40,16,1.9,9.2,00:10,8,817.3,23,815.5,16,-4.010555555555555,40.793055555555554
2022-01-16,2462,PUERTO DE NAVACERRADA,MADRID,1894,0.6,0,-3.5,01:10,4.6,13:20,32,1.7,5.6,15:00,8.4,821.6,Varias,815.8,01,-4.010555555555555,40.793055555555554
2022-01-17,2462,PUERTO DE NAVACERRADA,MADRID,1894,4.4,0,0.2,00:00,8.6,12:20,14,1.4,9.2,20:30,8.6,822.5,11,819.9,18,-4.010555555555555,40.793055555555554
2022-01-18,2462,PUERTO DE NAVACERRADA,MADRID,1894,6.1,0,1.5,07:30,10.7,12:40,14,1.9,7.8,00:10,8.3,821.7,23,819.4,04,-4.010555555555555,40.793055555555554
2022-01-19,2462,PUERTO DE NAVACERRADA,MADRID,1894,4.6,0,0.1,Varias,9,12:20,35,2.5,8.9,20:00,8.7,821.2,Varias,819.5,15,-4.010555555555555,40.793055555555554
2022-01-20,2462,PUERTO DE NAVACERRADA,MADRID,1894,-0.2,0,-3.1,23:59,2.6,12:40,36,3.3,11.7,06:10,4.5,819.7,00,815.6,24,-4.010555555555555,40.793055555555554
2022-01-21,2462,PUERTO DE NAVACERRADA,MADRID,1894,-3.2,0,-5.8,Varias,-0.5,11:10,14,0.8,9.7,23:40,2,815.6,00,813.7,Varias,-4.010555555555555,40.793055555555554
2022-01-22,2462,PUERTO DE NAVACERRADA,MADRID,1894,0.9,0,-4.5,04:30,6.3,13:20,14,3.1,13.6,02:40,8.5,817.7,11,815.2,03,-4.010555555555555,40.793055555555554
2022-01-23,2462,PUERTO DE NAVACERRADA,MADRID,1894,0.5,0,-3.3,23:50,4.3,13:50,16,5.6,13.3,21:40,8.6,815.8,00,814,Varias,-4.010555555555555,40.793055555555554
2022-01-24,2462,PUERTO DE NAVACERRADA,MADRID,1894,-2.2,0,-4.5,07:30,0.1,13:30,12,4.7,14.4,22:30,3,818,24,814.2,04,-4.010555555555555,40.793055555555554
2022-01-25,2462,PUERTO DE NAVACERRADA,MADRID,1894,-2,0,-3.4,Varias,-0.7,13:30,99,6.1,16.1,Varias,0,819.4,11,817.6,05,-4.010555555555555,40.793055555555554
2022-01-26,2462,PUERTO DE NAVACERRADA,MADRID,1894,0,0,-3.8,03:50,3.8,14:00,11,5.8,17.2,00:20,8.6,818.7,23,816.7,04,-4.010555555555555,40.793055555555554
2022-01-27,2462,PUERTO DE NAVACERRADA,MADRID,1894,3,0,-0.7,08:20,6.7,13:30,10,1.7,13.1,23:30,8.7,819.5,11,817.8,05,-4.010555555555555,40.793055555555554
2022-01-28,2462,PUERTO DE NAVACERRADA,MADRID,1894,3.2,0,-0.8,04:10,7.3,12:00,09,3.1,11.7,07:20,8.8,822.6,23,819,02,-4.010555555555555,40.793055555555554
2022-01-29,2462,PUERTO DE NAVACERRADA,MADRID,1894,4.8,0,1,04:40,8.7,13:30,17,4.4,12.5,10:50,8.8,824.5,11,822.1,01,-4.010555555555555,40.793055555555554
2022-01-30,2462,PUERTO DE NAVACERRADA,MADRID,1894,6.3,0,2.8,00:50,9.8,13:20,12,3.3,11.9,02:10,8.6,822.9,00,819.1,16,-4.010555555555555,40.793055555555554
2022-01-31,2462,PUERTO DE NAVACERRADA,MADRID,1894,0.9,0,-3.7,23:40,5.5,13:30,01,5.3,15.3,22:10,8.6,820.5,11,818.3,03,-4.010555555555555,40.793055555555554
2022-01-01,3100B,ARANJUEZ,MADRID,540,8.4,0,-1,07:00,17.7,14:50,09,0.6,4.7,10:40,NA,NA,NA,NA,NA,-3.546111111111111,40.06722222222223
2022-01-02,3100B,ARANJUEZ,MADRID,540,8.3,0,-0.1,Varias,16.7,15:00,11,1.1,4.7,10:50,NA,NA,NA,NA,NA,-3.546111111111111,40.06722222222223
2022-01-03,3100B,ARANJUEZ,MADRID,540,8.6,0,0.7,07:00,16.6,15:40,09,0.3,4.7,09:30,NA,NA,NA,NA,NA,-3.546111111111111,40.06722222222223
2022-01-04,3100B,ARANJUEZ,MADRID,540,9.2,2.5,2.2,07:50,16.3,14:40,25,2.8,15.3,15:50,NA,NA,NA,NA,NA,-3.546111111111111,40.06722222222223
2022-01-05,3100B,ARANJUEZ,MADRID,540,6.8,2.8,2.6,05:30,10.9,13:00,29,3.3,10,12:00,NA,NA,NA,NA,NA,-3.546111111111111,40.06722222222223
2022-01-06,3100B,ARANJUEZ,MADRID,540,4.2,0,-0.9,06:40,9.4,15:50,10,0.8,4.7,22:20,NA,NA,NA,NA,NA,-3.546111111111111,40.06722222222223
2022-01-07,3100B,ARANJUEZ,MADRID,540,4.6,0,-3.1,07:50,12.3,15:50,01,1.7,6.4,16:50,NA,NA,NA,NA,NA,-3.546111111111111,40.06722222222223
2022-01-08,3100B,ARANJUEZ,MADRID,540,3.2,0,-2.9,05:00,9.2,15:50,26,1.1,12.2,16:20,NA,NA,NA,NA,NA,-3.546111111111111,40.06722222222223
2022-01-09,3100B,ARANJUEZ,MADRID,540,6.2,0,-0.9,05:40,13.2,14:20,24,2.2,10.3,12:20,NA,NA,NA,NA,NA,-3.546111111111111,40.06722222222223
2022-01-10,3100B,ARANJUEZ,MADRID,540,10.5,0,3.6,07:50,17.4,14:50,01,1.9,6.4,15:30,NA,NA,NA,NA,NA,-3.546111111111111,40.06722222222223
2022-01-11,3100B,ARANJUEZ,MADRID,540,8.2,0,-0.4,08:00,16.7,15:00,03,1.1,6.9,15:00,NA,NA,NA,NA,NA,-3.546111111111111,40.06722222222223
2022-01-12,3100B,ARANJUEZ,MADRID,540,6,0,-1.5,08:00,13.5,16:00,14,0.6,5.3,14:20,NA,NA,NA,NA,NA,-3.546111111111111,40.06722222222223
2022-01-13,3100B,ARANJUEZ,MADRID,540,4.3,0,-1.9,07:40,10.5,15:20,11,1.9,8.6,12:20,NA,NA,NA,NA,NA,-3.546111111111111,40.06722222222223
2022-01-14,3100B,ARANJUEZ,MADRID,540,3.7,0,-2.8,07:50,10.2,15:00,12,2.5,6.4,12:40,NA,NA,NA,NA,NA,-3.546111111111111,40.06722222222223
2022-01-15,3100B,ARANJUEZ,MADRID,540,2.3,0,-5.8,07:10,10.4,16:00,30,0.3,4.2,15:10,NA,NA,NA,NA,NA,-3.546111111111111,40.06722222222223
2022-01-16,3100B,ARANJUEZ,MADRID,540,2.5,0,-6.1,07:00,11.1,16:10,99,0.6,3.6,Varias,NA,NA,NA,NA,NA,-3.546111111111111,40.06722222222223
2022-01-17,3100B,ARANJUEZ,MADRID,540,3.4,0,-5.3,06:50,12.2,16:00,09,0.8,3.9,20:30,NA,NA,NA,NA,NA,-3.546111111111111,40.06722222222223
2022-01-18,3100B,ARANJUEZ,MADRID,540,4.2,0,-4.9,07:10,13.4,15:00,08,0.6,5.6,03:20,NA,NA,NA,NA,NA,-3.546111111111111,40.06722222222223
2022-01-19,3100B,ARANJUEZ,MADRID,540,4.3,0,-6.7,06:50,15.3,16:10,10,1.1,3.6,00:10,NA,NA,NA,NA,NA,-3.546111111111111,40.06722222222223
2022-01-20,3100B,ARANJUEZ,MADRID,540,4.3,0,-5.7,06:50,14.3,14:40,01,1.1,8.3,14:50,NA,NA,NA,NA,NA,-3.546111111111111,40.06722222222223
2022-01-21,3100B,ARANJUEZ,MADRID,540,3.3,0,-4.5,07:40,11.1,15:00,34,1.1,6.7,12:30,NA,NA,NA,NA,NA,-3.546111111111111,40.06722222222223
2022-01-22,3100B,ARANJUEZ,MADRID,540,3.8,0,-4.7,04:40,12.4,15:00,10,1.9,6.1,14:30,NA,NA,NA,NA,NA,-3.546111111111111,40.06722222222223
2022-01-23,3100B,ARANJUEZ,MADRID,540,4.2,0,-3.6,05:30,12.1,14:00,10,1.1,6.7,16:10,NA,NA,NA,NA,NA,-3.546111111111111,40.06722222222223
2022-01-24,3100B,ARANJUEZ,MADRID,540,5.2,0,0,02:50,10.4,16:00,09,1.7,6.1,02:20,NA,NA,NA,NA,NA,-3.546111111111111,40.06722222222223
2022-01-25,3100B,ARANJUEZ,MADRID,540,7.8,0,2.7,05:10,12.8,15:20,11,3.9,8.1,12:10,NA,NA,NA,NA,NA,-3.546111111111111,40.06722222222223
2022-01-26,3100B,ARANJUEZ,MADRID,540,5.8,0,-0.9,07:50,12.6,15:00,99,2.5,6.9,Varias,NA,NA,NA,NA,NA,-3.546111111111111,40.06722222222223
2022-01-27,3100B,ARANJUEZ,MADRID,540,6,0,-3.1,07:10,15.2,15:30,10,1.4,6.1,14:50,NA,NA,NA,NA,NA,-3.546111111111111,40.06722222222223
2022-01-28,3100B,ARANJUEZ,MADRID,540,6.5,0,-3.8,02:40,16.8,15:10,08,1.1,4.4,15:10,NA,NA,NA,NA,NA,-3.546111111111111,40.06722222222223
2022-01-29,3100B,ARANJUEZ,MADRID,540,6,0,-6.3,05:00,18.3,16:30,11,0.3,4.7,15:10,NA,NA,NA,NA,NA,-3.546111111111111,40.06722222222223
2022-01-30,3100B,ARANJUEZ,MADRID,540,5.7,0,-6.1,07:00,17.5,15:50,99,0.8,3.3,00:30,NA,NA,NA,NA,NA,-3.546111111111111,40.06722222222223
2022-01-31,3100B,ARANJUEZ,MADRID,540,6.6,0,-4.8,06:30,18,15:50,01,1.4,7.2,19:00,NA,NA,NA,NA,NA,-3.546111111111111,40.06722222222223
2022-01-01,3110C,BUITRAGO DEL LOZOYA,MADRID,1030,8.4,0,-0.7,06:30,17.6,14:10,99,0.6,3.1,Varias,NA,914.7,10,912.5,15,-3.613611111111111,41.00694444444444
2022-01-02,3110C,BUITRAGO DEL LOZOYA,MADRID,1030,8.4,0,0.2,04:30,16.7,13:50,09,0.8,3.9,14:10,NA,915,10,912.5,15,-3.613611111111111,41.00694444444444
2022-01-03,3110C,BUITRAGO DEL LOZOYA,MADRID,1030,7.8,0,1,Varias,14.5,14:00,11,0.6,4.7,14:20,NA,913.3,00,905.6,24,-3.613611111111111,41.00694444444444
2022-01-04,3110C,BUITRAGO DEL LOZOYA,MADRID,1030,7.3,9.1,3,23:59,11.6,13:10,27,1.1,11.7,23:10,NA,905.6,00,895.1,15,-3.613611111111111,41.00694444444444
2022-01-05,3110C,BUITRAGO DEL LOZOYA,MADRID,1030,3.5,2.9,0.7,20:10,6.3,12:50,25,1.9,11.4,03:50,NA,903.6,11,899.7,21,-3.613611111111111,41.00694444444444
2022-01-06,3110C,BUITRAGO DEL LOZOYA,MADRID,1030,2.5,1.5,-1.2,07:20,6.2,13:40,30,2.2,11.9,10:40,NA,906.7,24,900.9,02,-3.613611111111111,41.00694444444444
2022-01-07,3110C,BUITRAGO DEL LOZOYA,MADRID,1030,3.2,0,0.3,22:40,6.2,12:20,32,2.8,12.2,14:30,NA,913.6,23,906.6,00,-3.613611111111111,41.00694444444444
2022-01-08,3110C,BUITRAGO DEL LOZOYA,MADRID,1030,4.6,0,-1.9,05:20,11.2,12:30,27,2.5,13.6,22:30,NA,913.1,01,907.2,24,-3.613611111111111,41.00694444444444
2022-01-09,3110C,BUITRAGO DEL LOZOYA,MADRID,1030,6.4,0,2.7,02:00,10.1,23:59,25,1.9,15,09:30,NA,907.5,02,904.7,15,-3.613611111111111,41.00694444444444
2022-01-10,3110C,BUITRAGO DEL LOZOYA,MADRID,1030,9.2,0,7.7,23:20,10.6,16:00,30,3.3,12.2,04:00,NA,908.2,23,904.6,04,-3.613611111111111,41.00694444444444
2022-01-11,3110C,BUITRAGO DEL LOZOYA,MADRID,1030,7.7,0,3.6,23:59,11.8,13:20,32,2.8,10.3,00:10,NA,910.7,Varias,907.6,01,-3.613611111111111,41.00694444444444
2022-01-12,3110C,BUITRAGO DEL LOZOYA,MADRID,1030,5.2,0.3,-3,23:00,13.4,15:00,28,1.4,3.3,04:20,NA,913.8,24,910.2,02,-3.613611111111111,41.00694444444444
2022-01-13,3110C,BUITRAGO DEL LOZOYA,MADRID,1030,1.4,0,-5.8,07:40,8.5,14:00,14,1.1,5.3,15:00,NA,915.9,Varias,913.6,00,-3.613611111111111,41.00694444444444
2022-01-14,3110C,BUITRAGO DEL LOZOYA,MADRID,1030,0.9,0,-5.8,06:40,7.6,14:00,19,1.7,5.6,13:00,NA,915.7,00,912.4,17,-3.613611111111111,41.00694444444444
2022-01-15,3110C,BUITRAGO DEL LOZOYA,MADRID,1030,1,0,-6.7,07:10,8.7,14:50,14,0.3,5.3,15:40,NA,913,00,908.9,15,-3.613611111111111,41.00694444444444
2022-01-16,3110C,BUITRAGO DEL LOZOYA,MADRID,1030,2.9,0,-5.5,05:00,11.3,14:30,99,0.6,6.4,15:40,NA,915.4,Varias,910.3,01,-3.613611111111111,41.00694444444444
2022-01-17,3110C,BUITRAGO DEL LOZOYA,MADRID,1030,2.9,0,-5.4,06:00,11.2,13:50,99,0.8,3.9,Varias,NA,916,11,913.4,Varias,-3.613611111111111,41.00694444444444
2022-01-18,3110C,BUITRAGO DEL LOZOYA,MADRID,1030,4.2,0,-5.4,07:00,13.7,14:10,17,0.6,3.6,14:20,NA,914.8,23,912,Varias,-3.613611111111111,41.00694444444444
2022-01-19,3110C,BUITRAGO DEL LOZOYA,MADRID,1030,4.4,0,-5.3,05:00,14.2,14:40,33,0.8,7.8,16:20,NA,914.6,01,911.4,15,-3.613611111111111,41.00694444444444
2022-01-20,3110C,BUITRAGO DEL LOZOYA,MADRID,1030,4.6,0,-1.6,01:00,10.8,13:20,34,2.8,10,14:10,NA,912.9,00,909.3,16,-3.613611111111111,41.00694444444444
2022-01-21,3110C,BUITRAGO DEL LOZOYA,MADRID,1030,1.8,0,-4.7,23:20,8.3,13:40,35,1.4,8.9,11:00,NA,910.8,24,906.6,14,-3.613611111111111,41.00694444444444
2022-01-22,3110C,BUITRAGO DEL LOZOYA,MADRID,1030,1.4,0,-6.7,06:00,9.5,13:40,16,0.3,3.9,13:40,NA,912.7,11,909.8,15,-3.613611111111111,41.00694444444444
2022-01-23,3110C,BUITRAGO DEL LOZOYA,MADRID,1030,1.4,0,-5.5,05:40,8.4,15:10,13,0.8,4.4,12:30,NA,911,09,907.6,15,-3.613611111111111,41.00694444444444
2022-01-24,3110C,BUITRAGO DEL LOZOYA,MADRID,1030,2.2,0,-2.2,08:00,6.7,14:30,15,0.8,4.7,14:40,NA,913.2,24,908.9,04,-3.613611111111111,41.00694444444444
2022-01-25,3110C,BUITRAGO DEL LOZOYA,MADRID,1030,3.4,0,-2,21:30,8.8,14:00,15,0.8,5.8,12:20,NA,914.8,11,912.6,14,-3.613611111111111,41.00694444444444
2022-01-26,3110C,BUITRAGO DEL LOZOYA,MADRID,1030,2.8,0.1,-5.2,08:00,10.8,15:40,20,0.3,4.7,14:00,NA,913.7,00,911,15,-3.613611111111111,41.00694444444444
2022-01-27,3110C,BUITRAGO DEL LOZOYA,MADRID,1030,4.6,0,-4,07:40,13.3,14:00,19,1.4,5.8,13:50,NA,914,24,910.8,15,-3.613611111111111,41.00694444444444
2022-01-28,3110C,BUITRAGO DEL LOZOYA,MADRID,1030,4.6,0,-5.6,07:40,14.9,14:00,15,0.6,4.7,14:10,NA,916.6,24,913.3,15,-3.613611111111111,41.00694444444444
2022-01-29,3110C,BUITRAGO DEL LOZOYA,MADRID,1030,5.4,0,-6,06:50,16.8,14:20,10,1.4,4.2,13:00,NA,918.1,10,915.5,17,-3.613611111111111,41.00694444444444
2022-01-30,3110C,BUITRAGO DEL LOZOYA,MADRID,1030,6.2,0,-4.6,06:30,17.1,13:20,14,1.4,5.3,13:50,NA,916.4,00,910.3,17,-3.613611111111111,41.00694444444444
2022-01-31,3110C,BUITRAGO DEL LOZOYA,MADRID,1030,5.9,0,-2.2,03:00,14,13:00,32,2.2,14.7,19:00,NA,913.9,23,910.4,03,-3.613611111111111,41.00694444444444
2022-01-01,3191E,COLMENAR VIEJO,MADRID,1004,13.8,0,9.5,03:50,18,15:10,32,0.8,3.1,00:50,8.1,914.5,10,913.3,15,-3.765,40.69611111111111
2022-01-02,3191E,COLMENAR VIEJO,MADRID,1004,11.8,0,8.3,23:59,15.3,14:45,35,0.3,4.7,20:00,5.5,915.3,10,913.5,05,-3.765,40.69611111111111
2022-01-03,3191E,COLMENAR VIEJO,MADRID,1004,9.6,0,6.5,08:00,12.7,Varias,17,1.1,4.7,15:10,6.7,913.6,00,906.6,24,-3.765,40.69611111111111
2022-01-04,3191E,COLMENAR VIEJO,MADRID,1004,7.4,4.8,4.2,23:59,10.5,11:20,36,3.3,22.2,18:00,2.7,906.6,00,894,16,-3.765,40.69611111111111
2022-01-05,3191E,COLMENAR VIEJO,MADRID,1004,3.1,3.5,-0.5,23:59,6.7,12:30,32,1.1,21.1,00:10,5,903.4,12,900,21,-3.765,40.69611111111111
2022-01-06,3191E,COLMENAR VIEJO,MADRID,1004,2.3,0,-1.7,Varias,6.3,14:30,10,1.1,4.2,11:50,7.3,906.4,24,900.7,00,-3.765,40.69611111111111
2022-01-07,3191E,COLMENAR VIEJO,MADRID,1004,4.4,0,0.2,03:20,8.7,14:15,03,1.9,11.9,11:50,8.5,913.1,24,906.4,00,-3.765,40.69611111111111
2022-01-08,3191E,COLMENAR VIEJO,MADRID,1004,2.8,0,0.5,06:30,5,14:15,22,1.1,9.2,16:50,2.9,913.1,00,907.8,22,-3.765,40.69611111111111
2022-01-09,3191E,COLMENAR VIEJO,MADRID,1004,7.4,0.1,2.8,01:10,11.9,12:45,28,3.1,16.1,21:10,4.4,907.9,00,905.2,10,-3.765,40.69611111111111
2022-01-10,3191E,COLMENAR VIEJO,MADRID,1004,9.8,0,6.3,06:20,13.4,14:40,01,2.2,12.5,04:50,2.9,908.3,24,905.4,02,-3.765,40.69611111111111
2022-01-11,3191E,COLMENAR VIEJO,MADRID,1004,9.9,0,5.5,04:20,14.3,14:15,05,1.9,6.7,16:40,8.7,910.2,24,908.3,00,-3.765,40.69611111111111
2022-01-12,3191E,COLMENAR VIEJO,MADRID,1004,6.2,0,2.7,05:30,9.8,Varias,09,1.7,7.8,12:40,8.3,913.6,24,910.2,00,-3.765,40.69611111111111
2022-01-13,3191E,COLMENAR VIEJO,MADRID,1004,4.8,0,1.9,Varias,7.7,14:15,07,0.6,5.6,01:00,7.7,916,11,913.6,00,-3.765,40.69611111111111
2022-01-14,3191E,COLMENAR VIEJO,MADRID,1004,3.6,0,0.5,07:50,6.6,13:50,10,1.4,5.6,12:20,8.8,915.8,Varias,913.3,Varias,-3.765,40.69611111111111
2022-01-15,3191E,COLMENAR VIEJO,MADRID,1004,3.2,0,-0.5,04:30,6.9,14:15,16,0.8,5.3,15:30,8.8,913.3,00,910.2,17,-3.765,40.69611111111111
2022-01-16,3191E,COLMENAR VIEJO,MADRID,1004,4.4,0,0.5,05:45,8.4,14:20,15,0.8,4.7,15:00,8.2,915.3,24,910.7,01,-3.765,40.69611111111111
2022-01-17,3191E,COLMENAR VIEJO,MADRID,1004,5,0,0.5,04:50,9.6,15:30,17,0.8,4.2,12:30,8.5,916.6,11,914,18,-3.765,40.69611111111111
2022-01-18,3191E,COLMENAR VIEJO,MADRID,1004,7.2,0,2.4,07:50,11.9,14:30,14,0.6,4.7,10:00,8.6,914.3,00,912.8,15,-3.765,40.69611111111111
2022-01-19,3191E,COLMENAR VIEJO,MADRID,1004,8.4,0,3.7,06:20,13.2,14:50,13,0.3,7.8,08:10,8.9,914.3,11,912.5,16,-3.765,40.69611111111111
2022-01-20,3191E,COLMENAR VIEJO,MADRID,1004,6.4,0,1.4,23:59,11.4,15:10,06,3.3,9.2,11:40,8.3,912.6,00,909.8,Varias,-3.765,40.69611111111111
2022-01-21,3191E,COLMENAR VIEJO,MADRID,1004,3.4,0,-0.4,Varias,7.1,15:30,05,0.8,9.2,20:10,8.5,915.2,24,907.9,14,-3.765,40.69611111111111
2022-01-22,3191E,COLMENAR VIEJO,MADRID,1004,4.4,0,0.8,03:50,8,14:30,05,0.8,7.2,00:10,7.7,913,11,910.3,00,-3.765,40.69611111111111
2022-01-23,3191E,COLMENAR VIEJO,MADRID,1004,4,0,0.4,08:15,7.5,12:50,36,1.4,5.3,09:30,2.6,911.3,00,908.8,15,-3.765,40.69611111111111
2022-01-24,3191E,COLMENAR VIEJO,MADRID,1004,3.9,0,2.5,08:00,5.3,Varias,11,1.7,8.9,13:40,0.2,912.9,24,910.1,02,-3.765,40.69611111111111
2022-01-25,3191E,COLMENAR VIEJO,MADRID,1004,5.6,0,3.4,22:30,7.8,13:15,15,1.7,10.3,15:40,0.5,914.6,11,912.9,00,-3.765,40.69611111111111
2022-01-26,3191E,COLMENAR VIEJO,MADRID,1004,5.4,0,2.1,06:50,8.8,15:30,12,2.5,13.3,13:10,8.6,913.8,00,912,17,-3.765,40.69611111111111
2022-01-27,3191E,COLMENAR VIEJO,MADRID,1004,8,0,4.2,Varias,11.7,14:30,10,2.2,7.8,10:20,9.3,913.4,24,911.7,14,-3.765,40.69611111111111
2022-01-28,3191E,COLMENAR VIEJO,MADRID,1004,8.6,0,3.9,07:10,13.4,14:30,15,2.5,9.7,13:20,9.4,915.9,24,913.4,00,-3.765,40.69611111111111
2022-01-29,3191E,COLMENAR VIEJO,MADRID,1004,9.5,0,3.6,06:50,15.4,16:10,04,1.7,7.2,00:40,9.5,918.1,10,915.9,00,-3.765,40.69611111111111
2022-01-30,3191E,COLMENAR VIEJO,MADRID,1004,11.4,0,6.9,03:30,15.8,Varias,35,0.8,4.2,07:30,8.9,916.1,00,911.4,17,-3.765,40.69611111111111
2022-01-31,3191E,COLMENAR VIEJO,MADRID,1004,11,0,6,07:50,15.9,13:50,02,3.6,16.4,22:20,9,912.5,24,910.5,18,-3.765,40.69611111111111
2022-01-01,3200,GETAFE,MADRID,620,10.8,0,2.8,07:10,18.8,15:50,16,0.8,3.6,12:31,8.3,958.1,10,955.6,17,-3.7222222222222223,40.29944444444444
2022-01-02,3200,GETAFE,MADRID,620,9.5,0,3,07:30,16,15:15,26,0.8,3.1,10:40,7.8,958.8,10,956,16,-3.7222222222222223,40.29944444444444
2022-01-03,3200,GETAFE,MADRID,620,9.1,0,3.2,07:30,15,15:00,29,0.8,4.7,15:14,7.9,956.8,Varias,949.4,24,-3.7222222222222223,40.29944444444444
2022-01-04,3200,GETAFE,MADRID,620,9.1,6.4,3.8,05:30,14.4,14:00,31,2.5,16.9,15:50,1.8,949.4,Varias,938.2,15,-3.7222222222222223,40.29944444444444
2022-01-05,3200,GETAFE,MADRID,620,7.6,4.3,4.7,21:00,10.6,12:50,33,5,16.4,00:03,5.6,947.7,11,943.4,21,-3.7222222222222223,40.29944444444444
2022-01-06,3200,GETAFE,MADRID,620,4.9,0,0.4,08:00,9.4,15:50,07,1.7,5.6,01:43,8.3,950.6,24,944.4,01,-3.7222222222222223,40.29944444444444
2022-01-07,3200,GETAFE,MADRID,620,6,0,-0.4,05:30,12.4,15:15,07,2.2,9.2,16:01,8.9,957.9,24,950.5,Varias,-3.7222222222222223,40.29944444444444
2022-01-08,3200,GETAFE,MADRID,620,3.8,0,-1,08:00,8.5,14:20,33,2.2,10.8,21:54,3.6,957.9,00,951.6,22,-3.7222222222222223,40.29944444444444
2022-01-09,3200,GETAFE,MADRID,620,7.9,0,1.6,20:18,14.2,12:40,32,5.8,13.3,18:31,5.5,952.5,00,949.1,20,-3.7222222222222223,40.29944444444444
2022-01-10,3200,GETAFE,MADRID,620,12,0,6.4,07:30,17.6,13:45,35,4.2,13.9,10:57,9.1,951.4,24,948.1,02,-3.7222222222222223,40.29944444444444
2022-01-11,3200,GETAFE,MADRID,620,9.6,0,2.6,06:45,16.6,16:10,04,0.3,6.7,18:40,9.1,954,24,951,03,-3.7222222222222223,40.29944444444444
2022-01-12,3200,GETAFE,MADRID,620,7.2,0,1.8,05:00,12.6,13:45,08,1.7,9.2,10:23,9.1,957.6,24,954,00,-3.7222222222222223,40.29944444444444
2022-01-13,3200,GETAFE,MADRID,620,5.2,0,0,07:30,10.4,15:50,14,1.7,7.2,16:14,6,960.5,11,957.6,Varias,-3.7222222222222223,40.29944444444444
2022-01-14,3200,GETAFE,MADRID,620,4.2,0,-0.9,Varias,9.2,15:00,17,2.2,6.1,13:21,9.3,960.6,09,957,17,-3.7222222222222223,40.29944444444444
2022-01-15,3200,GETAFE,MADRID,620,4,0,-1.8,05:00,9.8,15:30,33,0.8,4.2,15:31,9.2,957.2,00,953.9,16,-3.7222222222222223,40.29944444444444
2022-01-16,3200,GETAFE,MADRID,620,3.9,0,-2.6,08:00,10.4,15:30,26,0.8,4.7,14:33,8,959.8,24,954.8,01,-3.7222222222222223,40.29944444444444
2022-01-17,3200,GETAFE,MADRID,620,5.1,0,-1.6,06:10,11.8,15:20,08,0.8,3.6,12:07,9.1,961.4,11,957.1,19,-3.7222222222222223,40.29944444444444
2022-01-18,3200,GETAFE,MADRID,620,5.6,0,-2.4,06:40,13.6,16:10,17,0.8,4.2,10:31,9.3,958.8,11,956,16,-3.7222222222222223,40.29944444444444
2022-01-19,3200,GETAFE,MADRID,620,6.1,0,-1.8,07:15,14,15:15,34,0.8,3.6,23:31,9.5,958.8,10,955.5,17,-3.7222222222222223,40.29944444444444
2022-01-20,3200,GETAFE,MADRID,620,6.4,0,-0.8,06:20,13.6,14:30,11,1.9,9.2,15:01,9.1,956.9,10,952.6,16,-3.7222222222222223,40.29944444444444
2022-01-21,3200,GETAFE,MADRID,620,4.5,0,-1,06:20,10,15:15,12,1.1,8.3,15:40,8.9,954.7,24,951.5,17,-3.7222222222222223,40.29944444444444
2022-01-22,3200,GETAFE,MADRID,620,5.4,0,-0.2,07:10,11,15:30,05,1.9,6.7,00:11,8.8,957.2,11,954.1,18,-3.7222222222222223,40.29944444444444
2022-01-23,3200,GETAFE,MADRID,620,5.8,0,1.2,02:05,10.4,15:20,14,2.2,6.1,11:44,4.8,955.2,10,951.9,15,-3.7222222222222223,40.29944444444444
2022-01-24,3200,GETAFE,MADRID,620,6,0,2.8,04:30,9.2,Varias,11,2.8,5.6,13:18,0,957,24,953.2,04,-3.7222222222222223,40.29944444444444
2022-01-25,3200,GETAFE,MADRID,620,7.5,0,4,23:59,11,15:50,14,3.1,8.9,11:57,2.1,958.8,11,956.6,16,-3.7222222222222223,40.29944444444444
2022-01-26,3200,GETAFE,MADRID,620,5.6,0,0.2,07:15,11,16:00,09,3.1,7.8,11:40,7.2,957.7,00,955.2,15,-3.7222222222222223,40.29944444444444
2022-01-27,3200,GETAFE,MADRID,620,7.5,0,0.8,07:15,14.2,16:10,12,1.9,6.7,16:10,9.3,957.4,11,954.6,16,-3.7222222222222223,40.29944444444444
2022-01-28,3200,GETAFE,MADRID,620,8.1,0,0.6,06:30,15.6,16:00,10,1.4,6.7,13:32,9.8,959.8,24,956.9,16,-3.7222222222222223,40.29944444444444
2022-01-29,3200,GETAFE,MADRID,620,8.5,0,0.2,Varias,16.8,15:10,12,1.9,6.1,15:18,9.9,961.8,11,958.7,18,-3.7222222222222223,40.29944444444444
2022-01-30,3200,GETAFE,MADRID,620,9,0,0.2,05:30,17.8,15:30,06,1.4,3.6,04:39,9.2,959.3,00,953.8,17,-3.7222222222222223,40.29944444444444
2022-01-31,3200,GETAFE,MADRID,620,8.9,0,-0.8,06:45,18.6,15:40,08,0.6,13.9,23:21,9.3,956.4,24,952.7,17,-3.7222222222222223,40.29944444444444
2022-01-01,3129,MADRID AEROPUERTO,MADRID,609,8.4,0,-0.3,08:10,17.2,15:01,35,0.8,4.2,20:40,8,962.2,Varias,959.4,14,-3.5555555555555554,40.46666666666667
2022-01-02,3129,MADRID AEROPUERTO,MADRID,609,7.2,0,-0.1,06:52,14.5,14:28,99,0.8,4.2,Varias,5.8,963.1,Varias,959.9,16,-3.5555555555555554,40.46666666666667
2022-01-03,3129,MADRID AEROPUERTO,MADRID,609,7.8,0,1.1,06:18,14.5,15:08,21,1.4,5,19:17,7,961,00,953.6,24,-3.5555555555555554,40.46666666666667
2022-01-04,3129,MADRID AEROPUERTO,MADRID,609,6.6,5.8,0.4,05:37,12.8,14:41,24,4.2,18.1,15:56,0.1,953.6,00,941.7,15,-3.5555555555555554,40.46666666666667
2022-01-05,3129,MADRID AEROPUERTO,MADRID,609,6.8,5.7,3.5,23:58,10.1,13:27,28,2.5,11.4,02:41,3.1,951.8,Varias,947.7,21,-3.5555555555555554,40.46666666666667
2022-01-06,3129,MADRID AEROPUERTO,MADRID,609,3.6,0,-1.3,07:36,8.5,15:22,22,1.1,5,14:53,8,954.8,Varias,948.5,00,-3.5555555555555554,40.46666666666667
2022-01-07,3129,MADRID AEROPUERTO,MADRID,609,4.2,0,-2.3,05:59,10.8,14:12,99,3.9,10.3,Varias,8.4,962,Varias,954.6,00,-3.5555555555555554,40.46666666666667
2022-01-08,3129,MADRID AEROPUERTO,MADRID,609,2.2,0,-3.1,06:11,7.6,15:11,99,1.9,7.8,Varias,2.5,962,Varias,955.8,22,-3.5555555555555554,40.46666666666667
2022-01-09,3129,MADRID AEROPUERTO,MADRID,609,5.8,0,-2.2,05:08,13.8,13:18,99,5.8,15,Varias,5.2,956.8,00,952.5,15,-3.5555555555555554,40.46666666666667
2022-01-10,3129,MADRID AEROPUERTO,MADRID,609,10.4,0,4.8,07:49,15.9,12:59,35,2.2,11.4,15:47,7.1,955.5,Varias,952.1,02,-3.5555555555555554,40.46666666666667
2022-01-11,3129,MADRID AEROPUERTO,MADRID,609,9.3,0,2.1,07:55,16.5,14:48,01,2.5,8.3,01:23,8.6,958.4,Varias,955,01,-3.5555555555555554,40.46666666666667
2022-01-12,3129,MADRID AEROPUERTO,MADRID,609,6,0,-1.1,23:39,13,15:55,99,1.1,6.1,10:20,8.8,962.2,Varias,958.2,04,-3.5555555555555554,40.46666666666667
2022-01-13,3129,MADRID AEROPUERTO,MADRID,609,3.2,0,-3,06:34,9.5,12:49,99,1.1,3.6,Varias,5.2,965,Varias,962.2,00,-3.5555555555555554,40.46666666666667
2022-01-14,3129,MADRID AEROPUERTO,MADRID,609,2.8,0,-4.1,07:31,9.8,13:58,14,1.4,6.1,14:03,8.7,965.1,09,961.1,16,-3.5555555555555554,40.46666666666667
2022-01-15,3129,MADRID AEROPUERTO,MADRID,609,2.7,0,-4.1,07:44,9.5,14:26,21,1.4,5.8,12:18,8.7,961.6,00,957.8,16,-3.5555555555555554,40.46666666666667
2022-01-16,3129,MADRID AEROPUERTO,MADRID,609,2.9,0,-4.5,07:45,10.3,15:23,26,1.1,4.2,12:19,8.4,964.2,Varias,959,01,-3.5555555555555554,40.46666666666667
2022-01-17,3129,MADRID AEROPUERTO,MADRID,609,3.9,0,-4.2,07:32,12,15:59,99,1.1,4.2,Varias,8.5,965.5,Varias,961.3,18,-3.5555555555555554,40.46666666666667
2022-01-18,3129,MADRID AEROPUERTO,MADRID,609,4,0,-4.7,07:23,12.8,14:27,99,1.4,3.6,Varias,8.8,963.2,Varias,959.9,15,-3.5555555555555554,40.46666666666667
2022-01-19,3129,MADRID AEROPUERTO,MADRID,609,4.8,0,-5.3,07:45,14.9,15:56,28,1.7,5,13:48,8.7,963,Varias,959.3,16,-3.5555555555555554,40.46666666666667
2022-01-20,3129,MADRID AEROPUERTO,MADRID,609,5.1,0,-3.4,06:32,13.6,13:59,99,2.2,7.2,Varias,8.5,960.9,Varias,956.6,15,-3.5555555555555554,40.46666666666667
2022-01-21,3129,MADRID AEROPUERTO,MADRID,609,3.8,0,-2.8,07:05,10.3,14:15,05,2.2,7.8,14:42,8.9,959.3,Varias,955.3,14,-3.5555555555555554,40.46666666666667
2022-01-22,3129,MADRID AEROPUERTO,MADRID,609,3.4,0,-3.9,07:33,10.7,14:47,23,1.4,5,13:27,8.9,961.6,Varias,958.2,16,-3.5555555555555554,40.46666666666667
2022-01-23,3129,MADRID AEROPUERTO,MADRID,609,3.8,0,-3,05:13,10.7,16:10,99,1.9,5,Varias,6.7,959.6,Varias,956,16,-3.5555555555555554,40.46666666666667
2022-01-24,3129,MADRID AEROPUERTO,MADRID,609,4.8,0,0.7,06:38,9,15:01,99,1.7,3.6,Varias,0,961.3,Varias,957.4,04,-3.5555555555555554,40.46666666666667
2022-01-25,3129,MADRID AEROPUERTO,MADRID,609,5.4,0,0.3,23:53,10.4,11:38,29,1.1,4.2,11:03,1.4,963.1,Varias,960.7,16,-3.5555555555555554,40.46666666666667
2022-01-26,3129,MADRID AEROPUERTO,MADRID,609,4.3,0,-3.2,07:34,11.8,15:22,09,1.1,5.8,12:37,8.5,962.2,00,959.1,16,-3.5555555555555554,40.46666666666667
2022-01-27,3129,MADRID AEROPUERTO,MADRID,609,6,0,-3,07:35,15.1,15:16,35,1.4,5.8,19:56,9,961.6,Varias,958.6,16,-3.5555555555555554,40.46666666666667
2022-01-28,3129,MADRID AEROPUERTO,MADRID,609,6.6,0,-3.9,07:51,17,15:55,99,1.7,4.7,Varias,9.1,964.4,24,960.7,16,-3.5555555555555554,40.46666666666667
2022-01-29,3129,MADRID AEROPUERTO,MADRID,609,6.8,0,-4.4,07:15,18.1,15:02,99,1.4,4.2,Varias,9.2,966.3,Varias,962.7,17,-3.5555555555555554,40.46666666666667
2022-01-30,3129,MADRID AEROPUERTO,MADRID,609,7,0,-3.9,05:55,17.8,16:03,24,1.7,4.7,12:27,8.7,963.8,00,957.7,16,-3.5555555555555554,40.46666666666667
2022-01-31,3129,MADRID AEROPUERTO,MADRID,609,6.9,0,-3.9,07:24,17.7,15:13,99,2.8,13.3,Varias,9.3,961.1,Varias,956.7,16,-3.5555555555555554,40.46666666666667
2022-01-01,3196,"MADRID, CUATRO VIENTOS",MADRID,690,11.4,0,3.7,07:15,19,14:45,35,0.8,4.7,03:50,8.4,949.9,10,947.7,15,-3.786111111111111,40.37555555555556
2022-01-02,3196,"MADRID, CUATRO VIENTOS",MADRID,690,10.2,0,4,Varias,16.5,15:00,12,0.3,4.2,16:00,7,950.6,10,948,16,-3.786111111111111,40.37555555555556
2022-01-03,3196,"MADRID, CUATRO VIENTOS",MADRID,690,10,0,4.3,Varias,15.8,13:50,22,1.1,5.3,14:40,7.8,948.7,00,941.3,24,-3.786111111111111,40.37555555555556
2022-01-04,3196,"MADRID, CUATRO VIENTOS",MADRID,690,7.8,6.1,3.6,05:20,12,13:45,26,2.5,19.2,15:50,1,941.3,00,930.5,15,-3.786111111111111,40.37555555555556
2022-01-05,3196,"MADRID, CUATRO VIENTOS",MADRID,690,6.5,6.1,3.5,23:59,9.5,13:10,29,3.6,12.8,00:10,5,939.5,11,935.4,21,-3.786111111111111,40.37555555555556
2022-01-06,3196,"MADRID, CUATRO VIENTOS",MADRID,690,4.4,0,-0.6,06:30,9.5,15:10,14,0.8,5.6,14:50,7.9,942.4,24,936.4,00,-3.786111111111111,40.37555555555556
2022-01-07,3196,"MADRID, CUATRO VIENTOS",MADRID,690,5.8,0,-0.5,Varias,12,15:20,02,1.7,6.7,16:20,8.9,949.6,Varias,942.3,00,-3.786111111111111,40.37555555555556
2022-01-08,3196,"MADRID, CUATRO VIENTOS",MADRID,690,3.7,0,-1.2,07:20,8.6,Varias,23,1.7,9.7,19:10,3.7,949.6,00,943.6,22,-3.786111111111111,40.37555555555556
2022-01-09,3196,"MADRID, CUATRO VIENTOS",MADRID,690,9,0,4.1,00:45,14,12:50,26,6.1,16.4,11:40,5.7,944.3,00,941,21,-3.786111111111111,40.37555555555556
2022-01-10,3196,"MADRID, CUATRO VIENTOS",MADRID,690,12,0,7.1,23:59,17,14:10,31,3.3,12.5,10:10,8.7,943.5,23,940.3,03,-3.786111111111111,40.37555555555556
2022-01-11,3196,"MADRID, CUATRO VIENTOS",MADRID,690,9.9,0,3.3,07:20,16.5,14:15,99,0.8,5.6,Varias,8.8,946.1,Varias,943,01,-3.786111111111111,40.37555555555556
2022-01-12,3196,"MADRID, CUATRO VIENTOS",MADRID,690,7.6,0,2.8,06:00,12.5,14:50,99,1.4,8.9,Varias,8.9,949.5,Varias,946,04,-3.786111111111111,40.37555555555556
2022-01-13,3196,"MADRID, CUATRO VIENTOS",MADRID,690,5.4,0,1,07:40,9.7,15:20,08,1.9,6.1,11:30,7,952.3,10,949.5,00,-3.786111111111111,40.37555555555556
2022-01-14,3196,"MADRID, CUATRO VIENTOS",MADRID,690,4.2,0,-0.6,05:10,9,14:40,09,1.9,7.2,14:00,8.9,952.3,Varias,948.9,Varias,-3.786111111111111,40.37555555555556
2022-01-15,3196,"MADRID, CUATRO VIENTOS",MADRID,690,4.3,0,-1.4,06:40,10,Varias,23,1.4,4.7,14:40,8.7,948.9,00,945.8,15,-3.786111111111111,40.37555555555556
2022-01-16,3196,"MADRID, CUATRO VIENTOS",MADRID,690,4.4,0,-1.5,Varias,10.4,15:45,12,0.8,3.6,12:50,7.9,951.6,24,946.4,00,-3.786111111111111,40.37555555555556
2022-01-17,3196,"MADRID, CUATRO VIENTOS",MADRID,690,5.5,0,-1,06:45,12,15:15,99,0,3.6,Varias,8.3,953.1,10,949,18,-3.786111111111111,40.37555555555556
2022-01-18,3196,"MADRID, CUATRO VIENTOS",MADRID,690,6.6,0,-0.9,05:00,14,15:10,35,1.1,3.6,07:20,9,950.5,10,948,15,-3.786111111111111,40.37555555555556
2022-01-19,3196,"MADRID, CUATRO VIENTOS",MADRID,690,6.7,0,-0.8,06:45,14.2,15:15,26,1.7,4.7,19:30,9.1,950.5,11,947.5,15,-3.786111111111111,40.37555555555556
2022-01-20,3196,"MADRID, CUATRO VIENTOS",MADRID,690,6.9,0,0.2,07:20,13.6,14:05,99,1.1,6.7,Varias,9.1,948.6,10,944.5,16,-3.786111111111111,40.37555555555556
2022-01-21,3196,"MADRID, CUATRO VIENTOS",MADRID,690,5,0,0,05:10,10,14:30,06,0.8,6.7,15:30,8.4,946.6,24,943.3,16,-3.786111111111111,40.37555555555556
2022-01-22,3196,"MADRID, CUATRO VIENTOS",MADRID,690,5.4,0,0,Varias,10.8,15:10,03,1.4,4.7,00:10,8.1,949,10,946.1,17,-3.786111111111111,40.37555555555556
2022-01-23,3196,"MADRID, CUATRO VIENTOS",MADRID,690,5.4,0,0.9,02:45,9.9,15:30,36,1.7,5.3,11:30,4,947.1,10,944,15,-3.786111111111111,40.37555555555556
2022-01-24,3196,"MADRID, CUATRO VIENTOS",MADRID,690,5.7,0,2.8,04:30,8.6,15:00,03,1.9,6.1,03:40,0,949,24,945,03,-3.786111111111111,40.37555555555556
2022-01-25,3196,"MADRID, CUATRO VIENTOS",MADRID,690,7.6,0,5,23:59,10.2,Varias,11,1.7,7.8,13:10,1.6,950.8,Varias,948.6,Varias,-3.786111111111111,40.37555555555556
2022-01-26,3196,"MADRID, CUATRO VIENTOS",MADRID,690,6.1,0,1.4,06:00,10.8,Varias,99,2.2,7.8,Varias,8,949.5,00,947,14,-3.786111111111111,40.37555555555556
2022-01-27,3196,"MADRID, CUATRO VIENTOS",MADRID,690,7.5,0,1,07:30,14,15:30,10,0.8,6.7,14:00,8.9,949.1,10,946.7,15,-3.786111111111111,40.37555555555556
2022-01-28,3196,"MADRID, CUATRO VIENTOS",MADRID,690,8.1,0,0.7,07:30,15.5,14:50,09,1.7,6.1,13:00,9.4,951.7,24,948.8,01,-3.786111111111111,40.37555555555556
2022-01-29,3196,"MADRID, CUATRO VIENTOS",MADRID,690,8.4,0,0.2,07:30,16.7,Varias,04,1.7,5.6,12:30,9.5,953.6,10,950.8,17,-3.786111111111111,40.37555555555556
2022-01-30,3196,"MADRID, CUATRO VIENTOS",MADRID,690,9.4,0,1.2,06:30,17.6,15:00,99,1.1,4.2,Varias,8.9,951.2,00,946,17,-3.786111111111111,40.37555555555556
2022-01-31,3196,"MADRID, CUATRO VIENTOS",MADRID,690,9.6,0,1,04:20,18.2,15:10,36,1.1,9.2,23:20,9.1,948.4,23,944.9,16,-3.786111111111111,40.37555555555556
2022-01-01,3195,"MADRID, RETIRO",MADRID,667,11.1,0,5.5,07:10,16.7,14:50,NA,NA,NA,NA,NA,951.5,11,949.3,14,-3.6780555555555554,40.411944444444444
2022-01-02,3195,"MADRID, RETIRO",MADRID,667,9.8,0,5.1,07:40,14.5,15:00,NA,NA,NA,NA,NA,952.2,10,949.5,16,-3.6780555555555554,40.411944444444444
2022-01-03,3195,"MADRID, RETIRO",MADRID,667,9.7,0,5.6,07:30,13.8,15:50,NA,NA,NA,NA,NA,950.2,00,942.8,24,-3.6780555555555554,40.411944444444444
2022-01-04,3195,"MADRID, RETIRO",MADRID,667,8.6,7.3,5.2,05:30,12.1,14:00,NA,NA,NA,NA,NA,942.9,00,931.7,15,-3.6780555555555554,40.411944444444444
2022-01-05,3195,"MADRID, RETIRO",MADRID,667,6.6,5,4.3,04:20,8.9,14:00,NA,NA,NA,NA,NA,941,11,936.9,21,-3.6780555555555554,40.411944444444444
2022-01-06,3195,"MADRID, RETIRO",MADRID,667,4.4,0,1.1,07:40,7.6,16:00,NA,NA,NA,NA,NA,944,24,937.9,00,-3.6780555555555554,40.411944444444444
2022-01-07,3195,"MADRID, RETIRO",MADRID,667,5.6,0,0.3,07:40,10.9,14:50,NA,NA,NA,NA,NA,951.4,23,944,00,-3.6780555555555554,40.411944444444444
2022-01-08,3195,"MADRID, RETIRO",MADRID,667,3.8,0,-0.2,07:10,7.8,15:50,NA,NA,NA,NA,NA,951.4,11,945.3,23,-3.6780555555555554,40.411944444444444
2022-01-09,3195,"MADRID, RETIRO",MADRID,667,8,0,2.8,04:30,13.2,13:30,NA,NA,NA,NA,NA,945.9,00,942.5,15,-3.6780555555555554,40.411944444444444
2022-01-10,3195,"MADRID, RETIRO",MADRID,667,11.2,0,6.9,07:00,15.5,13:50,NA,NA,NA,NA,NA,944.9,Varias,941.6,03,-3.6780555555555554,40.411944444444444
2022-01-11,3195,"MADRID, RETIRO",MADRID,667,9.8,0,5.3,08:30,14.4,15:50,NA,NA,NA,NA,NA,947.6,Varias,944.3,04,-3.6780555555555554,40.411944444444444
2022-01-12,3195,"MADRID, RETIRO",MADRID,667,7.7,0,4.3,06:20,11.1,14:40,NA,NA,NA,NA,NA,951.2,24,947.5,00,-3.6780555555555554,40.411944444444444
2022-01-13,3195,"MADRID, RETIRO",MADRID,667,5.6,0,2.4,06:40,8.9,14:20,NA,NA,NA,NA,NA,954.2,11,951.2,00,-3.6780555555555554,40.411944444444444
2022-01-14,3195,"MADRID, RETIRO",MADRID,667,4.6,0,1,06:00,8.2,14:30,NA,NA,NA,NA,NA,954.1,09,950.5,Varias,-3.6780555555555554,40.411944444444444
2022-01-15,3195,"MADRID, RETIRO",MADRID,667,4,0,-0.1,07:10,8.2,15:40,NA,NA,NA,NA,NA,950.7,00,947.3,16,-3.6780555555555554,40.411944444444444
2022-01-16,3195,"MADRID, RETIRO",MADRID,667,4.2,0,-0.5,08:00,8.8,15:30,NA,NA,NA,NA,NA,953.4,24,948.2,01,-3.6780555555555554,40.411944444444444
2022-01-17,3195,"MADRID, RETIRO",MADRID,667,5.4,0,0.4,Varias,10.3,15:40,NA,NA,NA,NA,NA,954.9,11,950.6,18,-3.6780555555555554,40.411944444444444
2022-01-18,3195,"MADRID, RETIRO",MADRID,667,6.2,0,0.5,07:10,12,14:50,NA,NA,NA,NA,NA,952.3,10,949.4,16,-3.6780555555555554,40.411944444444444
2022-01-19,3195,"MADRID, RETIRO",MADRID,667,6.5,0,1,07:00,12,14:50,NA,NA,NA,NA,NA,952.3,11,949,16,-3.6780555555555554,40.411944444444444
2022-01-20,3195,"MADRID, RETIRO",MADRID,667,6.6,0,0.7,07:30,12.5,13:50,NA,NA,NA,NA,NA,950.3,10,946,16,-3.6780555555555554,40.411944444444444
2022-01-21,3195,"MADRID, RETIRO",MADRID,667,5,0,1,08:20,8.9,15:10,NA,NA,NA,NA,NA,948.2,24,944.8,Varias,-3.6780555555555554,40.411944444444444
2022-01-22,3195,"MADRID, RETIRO",MADRID,667,5.2,0,1.2,05:50,9.3,14:00,NA,NA,NA,NA,NA,950.9,11,947.6,16,-3.6780555555555554,40.411944444444444
2022-01-23,3195,"MADRID, RETIRO",MADRID,667,5.8,0,2.4,05:40,9.3,15:50,NA,NA,NA,NA,NA,948.8,10,945.5,15,-3.6780555555555554,40.411944444444444
2022-01-24,3195,"MADRID, RETIRO",MADRID,667,6.2,0,4,06:40,8.5,Varias,NA,NA,NA,NA,NA,950.6,24,946.6,04,-3.6780555555555554,40.411944444444444
2022-01-25,3195,"MADRID, RETIRO",MADRID,667,7.4,0,4.3,23:59,10.4,15:20,NA,NA,NA,NA,NA,952.4,10,950.1,16,-3.6780555555555554,40.411944444444444
2022-01-26,3195,"MADRID, RETIRO",MADRID,667,6.5,0,2.6,07:20,10.4,16:10,NA,NA,NA,NA,NA,951.4,10,948.4,16,-3.6780555555555554,40.411944444444444
2022-01-27,3195,"MADRID, RETIRO",MADRID,667,8.1,0,3.3,06:30,12.9,15:10,NA,NA,NA,NA,NA,950.8,11,948.2,Varias,-3.6780555555555554,40.411944444444444
2022-01-28,3195,"MADRID, RETIRO",MADRID,667,8.9,0,3.6,08:10,14.2,14:50,NA,NA,NA,NA,NA,953.3,Varias,950.3,01,-3.6780555555555554,40.411944444444444
2022-01-29,3195,"MADRID, RETIRO",MADRID,667,8.9,0,2.3,08:10,15.5,15:50,NA,NA,NA,NA,NA,955.5,10,952.4,17,-3.6780555555555554,40.411944444444444
2022-01-30,3195,"MADRID, RETIRO",MADRID,667,9.8,0,3.6,07:10,16,14:50,NA,NA,NA,NA,NA,953,00,947.4,17,-3.6780555555555554,40.411944444444444
2022-01-31,3195,"MADRID, RETIRO",MADRID,667,8.5,0,1.2,07:50,15.8,16:50,NA,NA,NA,NA,NA,950.4,23,946.4,16,-3.6780555555555554,40.411944444444444
2022-01-01,3266A,PUERTO ALTO DEL LEÓN,MADRID,1532,10.6,0,7.6,00:20,13.5,13:20,25,2.5,9.2,22:50,NA,859.4,09,858,Varias,-4.141944444444444,40.70638888888889
2022-01-02,3266A,PUERTO ALTO DEL LEÓN,MADRID,1532,10.4,0,6.5,20:10,14.3,15:20,30,3.1,8.9,12:00,NA,859.7,10,857.7,16,-4.141944444444444,40.70638888888889
2022-01-03,3266A,PUERTO ALTO DEL LEÓN,MADRID,1532,8.7,0,4.3,07:30,13.1,15:30,30,4.2,10,21:40,NA,857.8,00,850.8,24,-4.141944444444444,40.70638888888889
2022-01-04,3266A,PUERTO ALTO DEL LEÓN,MADRID,1532,3.9,3.3,-1.9,23:59,9.7,01:50,30,8.1,26.1,16:10,NA,850.8,00,838,17,-4.141944444444444,40.70638888888889
2022-01-05,3266A,PUERTO ALTO DEL LEÓN,MADRID,1532,-1.4,4.9,-2.4,03:00,-0.5,14:00,30,1.7,16.1,00:20,NA,846.2,11,842.8,21,-4.141944444444444,40.70638888888889
2022-01-06,3266A,PUERTO ALTO DEL LEÓN,MADRID,1532,-3.1,0.7,-4.8,08:00,-1.4,00:30,00,0,0,Varias,NA,850,24,843.7,00,-4.141944444444444,40.70638888888889
2022-01-07,3266A,PUERTO ALTO DEL LEÓN,MADRID,1532,-2.3,0,-3.6,00:10,-1,15:00,00,0,0,Varias,NA,856.8,20,849.8,00,-4.141944444444444,40.70638888888889
2022-01-08,3266A,PUERTO ALTO DEL LEÓN,MADRID,1532,-1.8,0,-3.1,02:20,-0.5,13:20,00,0,0,Varias,NA,856.6,01,850.2,21,-4.141944444444444,40.70638888888889
2022-01-09,3266A,PUERTO ALTO DEL LEÓN,MADRID,1532,1.8,0,-1.8,Varias,5.4,23:20,30,14.2,28.1,11:50,NA,850.8,23,847.5,09,-4.141944444444444,40.70638888888889
2022-01-10,3266A,PUERTO ALTO DEL LEÓN,MADRID,1532,4,0.1,2.7,23:40,5.2,Varias,32,9.4,28.9,03:50,NA,853.2,Varias,848.6,02,-4.141944444444444,40.70638888888889
2022-01-11,3266A,PUERTO ALTO DEL LEÓN,MADRID,1532,3.3,0,0.9,05:50,5.7,14:00,25,5.3,11.1,06:30,NA,855.1,22,852.5,04,-4.141944444444444,40.70638888888889
2022-01-12,3266A,PUERTO ALTO DEL LEÓN,MADRID,1532,2.6,0,-0.9,08:50,6,15:30,28,3.3,10.3,00:50,NA,856.4,24,854.1,05,-4.141944444444444,40.70638888888889
2022-01-13,3266A,PUERTO ALTO DEL LEÓN,MADRID,1532,0.2,0,-2.4,06:50,2.9,14:10,10,6.1,11.7,15:50,NA,858,11,856.1,01,-4.141944444444444,40.70638888888889
2022-01-14,3266A,PUERTO ALTO DEL LEÓN,MADRID,1532,-1.3,0,-3.9,07:30,1.3,13:40,12,5.6,11.9,09:40,NA,857.5,00,855,24,-4.141944444444444,40.70638888888889
2022-01-15,3266A,PUERTO ALTO DEL LEÓN,MADRID,1532,-0.7,0,-4.9,06:50,3.5,14:10,10,3.3,7.8,00:10,NA,855.1,00,852.8,15,-4.141944444444444,40.70638888888889
2022-01-16,3266A,PUERTO ALTO DEL LEÓN,MADRID,1532,0,0,-4,08:00,3.9,14:30,29,5.3,11.4,14:50,NA,858.8,23,853,01,-4.141944444444444,40.70638888888889
2022-01-17,3266A,PUERTO ALTO DEL LEÓN,MADRID,1532,2.2,0,-2.5,07:40,6.9,14:00,12,1.7,9.2,21:20,NA,860,11,856.8,18,-4.141944444444444,40.70638888888889
2022-01-18,3266A,PUERTO ALTO DEL LEÓN,MADRID,1532,4.5,0,0.5,00:10,8.5,12:30,13,2.8,6.1,00:10,NA,858.4,23,856.3,04,-4.141944444444444,40.70638888888889
2022-01-19,3266A,PUERTO ALTO DEL LEÓN,MADRID,1532,4.6,0,-0.3,22:20,9.4,13:20,29,2.5,8.6,14:40,NA,858.2,10,856,15,-4.141944444444444,40.70638888888889
2022-01-20,3266A,PUERTO ALTO DEL LEÓN,MADRID,1532,2.1,0,-2,23:59,6.2,12:20,29,3.1,9.7,22:00,NA,856.7,00,853,22,-4.141944444444444,40.70638888888889
2022-01-21,3266A,PUERTO ALTO DEL LEÓN,MADRID,1532,-3.6,0,-5.3,21:00,-1.8,15:40,28,4.4,11.4,06:10,NA,853.2,00,851,14,-4.141944444444444,40.70638888888889
2022-01-22,3266A,PUERTO ALTO DEL LEÓN,MADRID,1532,-0.8,0,-4.3,07:00,2.6,15:00,12,4.7,10.8,04:50,NA,855.1,11,852.6,Varias,-4.141944444444444,40.70638888888889
2022-01-23,3266A,PUERTO ALTO DEL LEÓN,MADRID,1532,-0.4,0,-2.3,00:50,1.6,14:00,12,6.7,12.5,07:20,NA,853.2,10,850.9,15,-4.141944444444444,40.70638888888889
2022-01-24,3266A,PUERTO ALTO DEL LEÓN,MADRID,1532,-1,0,-2,07:50,0,Varias,12,6.4,14.2,12:50,NA,855.2,24,851.7,04,-4.141944444444444,40.70638888888889
2022-01-25,3266A,PUERTO ALTO DEL LEÓN,MADRID,1532,-0.2,0.2,-1.3,07:00,0.9,16:10,11,6.4,13.9,05:50,NA,856.7,11,854.4,05,-4.141944444444444,40.70638888888889
2022-01-26,3266A,PUERTO ALTO DEL LEÓN,MADRID,1532,0.8,0,-2.4,07:50,3.9,15:00,10,6.4,13.9,02:40,NA,855.6,23,854,04,-4.141944444444444,40.70638888888889
2022-01-27,3266A,PUERTO ALTO DEL LEÓN,MADRID,1532,3.7,0,-0.1,04:40,7.5,13:20,12,3.9,10.3,00:10,NA,856.7,11,854.8,06,-4.141944444444444,40.70638888888889
2022-01-28,3266A,PUERTO ALTO DEL LEÓN,MADRID,1532,4.2,0,0,04:50,8.4,14:00,10,4.2,10.3,10:50,NA,859.6,24,856.3,Varias,-4.141944444444444,40.70638888888889
2022-01-29,3266A,PUERTO ALTO DEL LEÓN,MADRID,1532,6.2,0,2,04:30,10.3,13:20,12,4.4,13.9,04:40,NA,861.3,11,858.7,02,-4.141944444444444,40.70638888888889
2022-01-30,3266A,PUERTO ALTO DEL LEÓN,MADRID,1532,7.2,0,3.7,04:50,10.8,12:50,11,3.1,8.6,12:00,NA,859.7,00,855.6,17,-4.141944444444444,40.70638888888889
2022-01-31,3266A,PUERTO ALTO DEL LEÓN,MADRID,1532,3.5,0,-1,23:59,8,14:50,32,8.3,18.9,22:30,NA,857,23,854.2,17,-4.141944444444444,40.70638888888889
2022-01-01,3338,ROBLEDO DE CHAVELA,MADRID,763,10.4,NA,3.3,06:50,17.6,14:50,99,0.6,2.5,Varias,NA,940.9,10,938.8,Varias,-4.25,40.42777777777778
2022-01-02,3338,ROBLEDO DE CHAVELA,MADRID,763,9.9,NA,3.7,04:50,16.1,13:20,21,0.8,3.3,13:20,NA,941.5,10,939,16,-4.25,40.42777777777778
2022-01-03,3338,ROBLEDO DE CHAVELA,MADRID,763,9.2,NA,3.5,07:20,14.9,14:20,99,0.8,3.3,Varias,NA,939.8,00,932.3,24,-4.25,40.42777777777778
2022-01-04,3338,ROBLEDO DE CHAVELA,MADRID,763,7.7,NA,3.9,02:50,11.5,10:30,32,2.8,14.4,18:10,NA,932.3,00,922.5,15,-4.25,40.42777777777778
2022-01-05,3338,ROBLEDO DE CHAVELA,MADRID,763,5.3,NA,1.9,22:10,8.7,13:50,99,2.8,10.8,Varias,NA,931.3,11,926.3,21,-4.25,40.42777777777778
2022-01-06,3338,ROBLEDO DE CHAVELA,MADRID,763,5.4,NA,2,07:00,8.7,15:00,31,5.6,14.7,17:20,NA,933.5,24,927.4,00,-4.25,40.42777777777778
2022-01-07,3338,ROBLEDO DE CHAVELA,MADRID,763,5.5,NA,1.4,05:00,9.6,11:30,34,3.6,13.9,13:50,NA,940.5,20,933.2,00,-4.25,40.42777777777778
2022-01-08,3338,ROBLEDO DE CHAVELA,MADRID,763,4,NA,-0.6,05:40,8.7,19:50,01,0.8,14.2,20:10,NA,940.4,Varias,935.5,22,-4.25,40.42777777777778
2022-01-09,3338,ROBLEDO DE CHAVELA,MADRID,763,9.2,NA,6,00:40,12.5,13:40,31,3.9,15,11:40,NA,936.1,00,932.5,23,-4.25,40.42777777777778
2022-01-10,3338,ROBLEDO DE CHAVELA,MADRID,763,10.1,NA,5.3,22:30,14.9,14:00,36,3.9,15.3,08:30,NA,934.7,22,932.2,04,-4.25,40.42777777777778
2022-01-11,3338,ROBLEDO DE CHAVELA,MADRID,763,9.6,NA,3,06:40,16.1,12:50,01,1.9,9.2,19:10,NA,937.6,24,934.2,01,-4.25,40.42777777777778
2022-01-12,3338,ROBLEDO DE CHAVELA,MADRID,763,5.9,NA,0.5,21:30,11.3,15:00,34,1.1,11.1,00:40,NA,940.4,24,937,01,-4.25,40.42777777777778
2022-01-13,3338,ROBLEDO DE CHAVELA,MADRID,763,4.2,NA,0,06:00,8.3,11:50,11,1.7,5.8,11:40,NA,943.4,11,940.4,00,-4.25,40.42777777777778
2022-01-14,3338,ROBLEDO DE CHAVELA,MADRID,763,3,NA,-1.6,07:50,7.5,14:50,09,1.4,6.7,14:20,NA,943.3,10,939.8,Varias,-4.25,40.42777777777778
2022-01-15,3338,ROBLEDO DE CHAVELA,MADRID,763,2.7,NA,-3.2,06:10,8.6,15:00,20,0.8,5.3,14:10,NA,939.9,00,936.6,16,-4.25,40.42777777777778
2022-01-16,3338,ROBLEDO DE CHAVELA,MADRID,763,3.2,NA,-3.1,07:50,9.5,15:00,20,1.1,3.9,12:00,NA,942.6,24,937.3,01,-4.25,40.42777777777778
2022-01-17,3338,ROBLEDO DE CHAVELA,MADRID,763,4.4,NA,-2.4,07:10,11.3,14:30,18,1.1,3.9,15:40,NA,944.1,11,940.1,18,-4.25,40.42777777777778
2022-01-18,3338,ROBLEDO DE CHAVELA,MADRID,763,5.4,NA,-2,07:10,12.8,14:00,13,0.8,3.6,15:30,NA,941.4,Varias,938.9,15,-4.25,40.42777777777778
2022-01-19,3338,ROBLEDO DE CHAVELA,MADRID,763,6,NA,-1.6,07:40,13.7,14:20,13,0.8,3.9,12:30,NA,941.4,10,938.3,16,-4.25,40.42777777777778
2022-01-20,3338,ROBLEDO DE CHAVELA,MADRID,763,5.9,NA,-0.7,07:50,12.5,14:00,36,1.7,7.8,17:50,NA,939.6,10,935.8,16,-4.25,40.42777777777778
2022-01-21,3338,ROBLEDO DE CHAVELA,MADRID,763,4.9,NA,0,Varias,9.8,14:40,35,1.9,7.2,06:10,NA,937.5,24,934.1,14,-4.25,40.42777777777778
2022-01-22,3338,ROBLEDO DE CHAVELA,MADRID,763,3.9,NA,-0.9,02:50,8.7,15:00,05,1.4,3.9,Varias,NA,939.9,11,937.1,16,-4.25,40.42777777777778
2022-01-23,3338,ROBLEDO DE CHAVELA,MADRID,763,5,NA,1.5,03:00,8.5,14:50,13,1.1,5.8,15:00,NA,938,10,935.2,Varias,-4.25,40.42777777777778
2022-01-24,3338,ROBLEDO DE CHAVELA,MADRID,763,4.5,NA,1.8,05:10,7.2,14:10,04,1.4,5.8,22:20,NA,939.6,24,936,03,-4.25,40.42777777777778
2022-01-25,3338,ROBLEDO DE CHAVELA,MADRID,763,5.9,NA,3.3,23:59,8.5,15:30,09,1.9,7.2,10:20,NA,941.8,11,939.4,15,-4.25,40.42777777777778
2022-01-26,3338,ROBLEDO DE CHAVELA,MADRID,763,5.6,NA,1.7,08:00,9.5,14:00,13,2.2,7.5,10:20,NA,940.5,00,938,16,-4.25,40.42777777777778
2022-01-27,3338,ROBLEDO DE CHAVELA,MADRID,763,6.8,NA,0.6,07:50,13,14:40,13,1.9,5.8,12:40,NA,940,11,937.6,15,-4.25,40.42777777777778
2022-01-28,3338,ROBLEDO DE CHAVELA,MADRID,763,8,NA,1.6,22:10,14.5,14:40,11,1.9,6.4,13:50,NA,942.7,24,939.8,01,-4.25,40.42777777777778
2022-01-29,3338,ROBLEDO DE CHAVELA,MADRID,763,7.6,NA,-0.5,05:40,15.8,14:30,09,1.7,6.7,13:10,NA,944.5,10,942,Varias,-4.25,40.42777777777778
2022-01-30,3338,ROBLEDO DE CHAVELA,MADRID,763,8.1,NA,0.3,07:40,15.9,14:10,16,0.8,4.2,14:40,NA,942.4,00,937.3,17,-4.25,40.42777777777778
2022-01-31,3338,ROBLEDO DE CHAVELA,MADRID,763,9.4,NA,2.1,02:20,16.8,13:10,36,3.6,15.8,20:50,NA,940.4,24,936.3,04,-4.25,40.42777777777778
2022-01-01,3111D,SOMOSIERRA,MADRID,1450,10.2,0,5,06:40,15.4,13:50,88,0.8,5.6,13:40,NA,NA,NA,NA,NA,-3.5802777777777774,41.135555555555555
2022-01-02,3111D,SOMOSIERRA,MADRID,1450,11.2,0,6.6,05:00,15.8,13:40,88,0.3,5.3,14:00,NA,NA,NA,NA,NA,-3.5802777777777774,41.135555555555555
2022-01-03,3111D,SOMOSIERRA,MADRID,1450,9.3,0,4.3,04:00,14.3,14:30,88,0.6,6.4,10:20,NA,NA,NA,NA,NA,-3.5802777777777774,41.135555555555555
2022-01-04,3111D,SOMOSIERRA,MADRID,1450,4.8,28.2,-1.4,23:59,10.9,01:20,88,1.7,11.4,16:20,NA,NA,NA,NA,NA,-3.5802777777777774,41.135555555555555
2022-01-05,3111D,SOMOSIERRA,MADRID,1450,-1.4,11.5,-2.5,07:00,-0.2,13:50,88,0,0,Varias,NA,NA,NA,NA,NA,-3.5802777777777774,41.135555555555555
2022-01-06,3111D,SOMOSIERRA,MADRID,1450,-3.4,1.6,-5.4,08:30,-1.4,15:00,88,0,0,Varias,NA,NA,NA,NA,NA,-3.5802777777777774,41.135555555555555
2022-01-07,3111D,SOMOSIERRA,MADRID,1450,-1.9,0.8,-3.6,00:10,-0.2,14:00,88,0,0,Varias,NA,NA,NA,NA,NA,-3.5802777777777774,41.135555555555555
2022-01-08,3111D,SOMOSIERRA,MADRID,1450,0,0,-2.7,09:40,2.8,15:00,88,0.6,12.2,21:00,NA,NA,NA,NA,NA,-3.5802777777777774,41.135555555555555
2022-01-09,3111D,SOMOSIERRA,MADRID,1450,2.4,0.2,-0.6,Varias,5.4,22:50,88,2.2,11.9,21:30,NA,NA,NA,NA,NA,-3.5802777777777774,41.135555555555555
2022-01-10,3111D,SOMOSIERRA,MADRID,1450,4.4,3.1,3.4,Varias,5.4,00:40,88,1.7,9.7,01:20,NA,NA,NA,NA,NA,-3.5802777777777774,41.135555555555555
2022-01-11,3111D,SOMOSIERRA,MADRID,1450,3.6,0,1.1,23:59,6.2,14:40,88,1.7,9.2,02:10,NA,NA,NA,NA,NA,-3.5802777777777774,41.135555555555555
2022-01-12,3111D,SOMOSIERRA,MADRID,1450,3.6,0,-1.3,23:59,8.6,13:40,88,1.1,6.7,07:10,NA,NA,NA,NA,NA,-3.5802777777777774,41.135555555555555
2022-01-13,3111D,SOMOSIERRA,MADRID,1450,1,0,-2.4,07:30,4.4,14:10,88,1.4,9.2,15:50,NA,NA,NA,NA,NA,-3.5802777777777774,41.135555555555555
2022-01-14,3111D,SOMOSIERRA,MADRID,1450,0.2,0,-3.1,20:50,3.5,15:00,88,1.7,19.4,07:20,NA,NA,NA,NA,NA,-3.5802777777777774,41.135555555555555
2022-01-15,3111D,SOMOSIERRA,MADRID,1450,-0.5,0,-5.6,07:00,4.6,14:00,88,0.8,5.8,00:10,NA,NA,NA,NA,NA,-3.5802777777777774,41.135555555555555
2022-01-16,3111D,SOMOSIERRA,MADRID,1450,0.2,0,-4.2,04:40,4.7,14:40,88,1.1,5.8,14:10,NA,NA,NA,NA,NA,-3.5802777777777774,41.135555555555555
2022-01-17,3111D,SOMOSIERRA,MADRID,1450,2.9,0,-3.1,07:10,8.9,14:10,88,0.8,4.7,08:50,NA,NA,NA,NA,NA,-3.5802777777777774,41.135555555555555
2022-01-18,3111D,SOMOSIERRA,MADRID,1450,5.4,0,-0.7,01:40,11.5,15:00,88,0.6,3.9,14:40,NA,NA,NA,NA,NA,-3.5802777777777774,41.135555555555555
2022-01-19,3111D,SOMOSIERRA,MADRID,1450,3.6,0,-1.7,23:30,8.8,12:00,88,0.6,6.1,01:20,NA,NA,NA,NA,NA,-3.5802777777777774,41.135555555555555
2022-01-20,3111D,SOMOSIERRA,MADRID,1450,2.2,0,-2.1,04:50,6.5,13:10,88,1.9,9.7,09:10,NA,NA,NA,NA,NA,-3.5802777777777774,41.135555555555555
2022-01-21,3111D,SOMOSIERRA,MADRID,1450,-0.6,0,-3.9,20:50,2.7,15:00,88,1.9,7.8,05:20,NA,NA,NA,NA,NA,-3.5802777777777774,41.135555555555555
2022-01-22,3111D,SOMOSIERRA,MADRID,1450,1,0,-4.9,07:50,6.8,15:30,88,0.3,6.9,13:10,NA,NA,NA,NA,NA,-3.5802777777777774,41.135555555555555
2022-01-23,3111D,SOMOSIERRA,MADRID,1450,1,0,-3.2,06:00,5.1,14:50,88,1.1,8.3,11:40,NA,NA,NA,NA,NA,-3.5802777777777774,41.135555555555555
2022-01-24,3111D,SOMOSIERRA,MADRID,1450,0.2,0,-2.3,08:00,2.7,15:20,88,1.1,9.7,11:30,NA,NA,NA,NA,NA,-3.5802777777777774,41.135555555555555
2022-01-25,3111D,SOMOSIERRA,MADRID,1450,2.6,0.1,0.1,07:10,5.2,14:40,88,0.8,10,02:10,NA,NA,NA,NA,NA,-3.5802777777777774,41.135555555555555
2022-01-26,3111D,SOMOSIERRA,MADRID,1450,3.2,0,-0.4,07:00,6.9,16:00,88,1.1,10.3,06:20,NA,NA,NA,NA,NA,-3.5802777777777774,41.135555555555555
2022-01-27,3111D,SOMOSIERRA,MADRID,1450,4.6,0,-0.5,08:00,9.8,15:30,88,0.6,7.8,12:50,NA,NA,NA,NA,NA,-3.5802777777777774,41.135555555555555
2022-01-28,3111D,SOMOSIERRA,MADRID,1450,5.4,0,-0.8,04:00,11.6,Varias,88,0.3,6.7,10:50,NA,NA,NA,NA,NA,-3.5802777777777774,41.135555555555555
2022-01-29,3111D,SOMOSIERRA,MADRID,1450,6.8,0,1.2,05:30,12.4,14:40,88,0.8,8.1,11:30,NA,NA,NA,NA,NA,-3.5802777777777774,41.135555555555555
2022-01-30,3111D,SOMOSIERRA,MADRID,1450,7.7,0,1.9,23:59,13.5,15:20,88,0.6,6.7,12:40,NA,NA,NA,NA,NA,-3.5802777777777774,41.135555555555555
2022-01-31,3111D,SOMOSIERRA,MADRID,1450,3.2,0,-1.3,21:20,7.8,15:10,88,2.8,11.7,19:10,NA,NA,NA,NA,NA,-3.5802777777777774,41.135555555555555
2022-01-01,3175,TORREJÓN DE ARDOZ,MADRID,607,7.8,0,-1.3,07:30,17,14:10,02,1.1,5.6,18:50,8.2,NA,NA,NA,NA,-3.443611111111111,40.48861111111111
2022-01-02,3175,TORREJÓN DE ARDOZ,MADRID,607,7.5,0,-0.1,07:40,15.1,15:30,02,1.1,5.3,20:50,7.9,NA,NA,NA,NA,-3.443611111111111,40.48861111111111
2022-01-03,3175,TORREJÓN DE ARDOZ,MADRID,607,7.4,0,1,06:00,13.7,15:40,28,0.6,4.7,00:50,7.9,NA,NA,NA,NA,-3.443611111111111,40.48861111111111
2022-01-04,3175,TORREJÓN DE ARDOZ,MADRID,607,6.4,6,-0.1,04:30,12.8,14:10,29,1.7,17.5,16:10,1.2,952.9,00,938.1,15,-3.443611111111111,40.48861111111111
2022-01-05,3175,TORREJÓN DE ARDOZ,MADRID,607,5.6,5.3,1.7,23:59,9.6,13:50,26,1.7,10.8,15:40,5.1,948.5,11,944.3,21,-3.443611111111111,40.48861111111111
2022-01-06,3175,TORREJÓN DE ARDOZ,MADRID,607,2.2,0,-2.8,07:40,7.3,15:20,01,1.4,5.6,00:30,8,951.3,23,945.1,Varias,-3.443611111111111,40.48861111111111
2022-01-07,3175,TORREJÓN DE ARDOZ,MADRID,607,3,0,-3.5,07:00,9.4,14:20,99,5,11.4,Varias,9,NA,NA,NA,NA,-3.443611111111111,40.48861111111111
2022-01-08,3175,TORREJÓN DE ARDOZ,MADRID,607,1,0,-4.3,07:20,6.3,14:50,22,1.1,6.1,15:00,9,NA,NA,NA,NA,-3.443611111111111,40.48861111111111
2022-01-09,3175,TORREJÓN DE ARDOZ,MADRID,607,5.1,0,-3.4,03:50,13.6,14:10,23,5.3,14.4,13:20,6.3,NA,NA,NA,NA,-3.443611111111111,40.48861111111111
2022-01-10,3175,TORREJÓN DE ARDOZ,MADRID,607,8.4,0,2.4,08:10,14.5,13:20,35,2.5,12.8,14:00,8.5,NA,NA,NA,NA,-3.443611111111111,40.48861111111111
2022-01-11,3175,TORREJÓN DE ARDOZ,MADRID,607,8.1,0,1.1,06:00,15.1,14:20,36,3.6,8.9,00:20,9.1,NA,NA,NA,NA,-3.443611111111111,40.48861111111111
2022-01-12,3175,TORREJÓN DE ARDOZ,MADRID,607,4.8,0,-2.3,23:30,11.9,14:40,04,2.5,9.2,10:40,8.8,NA,NA,NA,NA,-3.443611111111111,40.48861111111111
2022-01-13,3175,TORREJÓN DE ARDOZ,MADRID,607,2.7,0,-3.5,06:50,8.9,14:20,03,1.7,6.1,21:10,8.1,NA,NA,NA,NA,-3.443611111111111,40.48861111111111
2022-01-14,3175,TORREJÓN DE ARDOZ,MADRID,607,2,0,-5.4,06:50,9.4,13:50,15,1.9,6.7,14:00,9.3,NA,NA,NA,NA,-3.443611111111111,40.48861111111111
2022-01-15,3175,TORREJÓN DE ARDOZ,MADRID,607,1.8,0,-5,06:40,8.7,15:00,01,1.1,5.6,20:50,9.2,NA,NA,NA,NA,-3.443611111111111,40.48861111111111
2022-01-16,3175,TORREJÓN DE ARDOZ,MADRID,607,1.8,0,-5.8,07:30,9.4,14:00,01,1.1,6.1,20:40,8.8,NA,NA,NA,NA,-3.443611111111111,40.48861111111111
2022-01-17,3175,TORREJÓN DE ARDOZ,MADRID,607,4,0,-4.8,06:50,12.7,15:50,01,1.7,5.6,19:10,9.2,NA,NA,NA,NA,-3.443611111111111,40.48861111111111
2022-01-18,3175,TORREJÓN DE ARDOZ,MADRID,607,4.2,0,-5.4,05:30,13.8,15:30,01,1.4,7.2,20:30,9,NA,NA,NA,NA,-3.443611111111111,40.48861111111111
2022-01-19,3175,TORREJÓN DE ARDOZ,MADRID,607,3.6,0,-5.8,07:40,13,16:00,99,1.7,6.7,Varias,9.3,NA,NA,NA,NA,-3.443611111111111,40.48861111111111
2022-01-20,3175,TORREJÓN DE ARDOZ,MADRID,607,4.6,0,-3.3,05:20,12.5,14:10,07,3.1,10.3,13:50,9,NA,NA,NA,NA,-3.443611111111111,40.48861111111111
2022-01-21,3175,TORREJÓN DE ARDOZ,MADRID,607,2.3,0,-4.2,07:40,8.8,15:20,06,3.9,10.3,14:20,9.4,NA,NA,NA,NA,-3.443611111111111,40.48861111111111
2022-01-22,3175,TORREJÓN DE ARDOZ,MADRID,607,2.8,0,-5.1,07:30,10.6,14:40,03,1.7,6.1,23:50,9.3,NA,NA,NA,NA,-3.443611111111111,40.48861111111111
2022-01-23,3175,TORREJÓN DE ARDOZ,MADRID,607,2.4,0,-4.9,04:00,9.6,14:00,03,2.2,7.2,08:00,6.3,NA,NA,NA,NA,-3.443611111111111,40.48861111111111
2022-01-24,3175,TORREJÓN DE ARDOZ,MADRID,607,3.4,0,-1.6,07:30,8.4,14:30,05,2.8,7.8,13:30,0,NA,NA,NA,NA,-3.443611111111111,40.48861111111111
2022-01-25,3175,TORREJÓN DE ARDOZ,MADRID,607,4.6,0,-1.4,23:40,10.6,12:30,12,2.2,6.7,22:10,3.7,NA,NA,NA,NA,-3.443611111111111,40.48861111111111
2022-01-26,3175,TORREJÓN DE ARDOZ,MADRID,607,4.3,0,-3.9,03:40,12.5,15:40,01,1.4,6.1,21:40,9,NA,NA,NA,NA,-3.443611111111111,40.48861111111111
2022-01-27,3175,TORREJÓN DE ARDOZ,MADRID,607,5.3,0,-4.4,07:50,15,15:50,24,1.4,7.8,20:00,9.4,NA,NA,NA,NA,-3.443611111111111,40.48861111111111
2022-01-28,3175,TORREJÓN DE ARDOZ,MADRID,607,5.8,0,-5.6,05:50,17.1,16:10,02,2.2,7.2,19:10,9.5,NA,NA,NA,NA,-3.443611111111111,40.48861111111111
2022-01-29,3175,TORREJÓN DE ARDOZ,MADRID,607,5.9,0,-6,06:50,17.8,15:10,01,1.9,6.1,20:20,9.5,NA,NA,NA,NA,-3.443611111111111,40.48861111111111
2022-01-30,3175,TORREJÓN DE ARDOZ,MADRID,607,6.7,0,-5.6,07:00,19,15:10,03,1.4,6.7,20:50,9.4,NA,NA,NA,NA,-3.443611111111111,40.48861111111111
2022-01-31,3175,TORREJÓN DE ARDOZ,MADRID,607,5.4,0,-5.2,07:30,15.9,15:20,34,4.7,16.9,18:10,9.5,NA,NA,NA,NA,-3.443611111111111,40.48861111111111
